id,name,slug,category_id,brand_id,description,price,discount_price,stock,rating,review_count,dimensions,material,warranty,delivery_info,tags,created_at,best_seller,is_active,mrp,warranty_period,warranty_type,assembly_cost,assembly_time,stock_quantity,people_viewing,assurance_badge,is_limited_stock,emi_enabled,return_days,care_instructions,is_offered,related_product_ids,sku,shipping_weight,shipping_length,shipping_width,shipping_height,shipping_box_count
921,Nova Sofa Bed Without Storage,nova-sofa-bed-without-storage,128,34,"The Nova sofa bed without storage is a versatile piece of living room furniture that exemplifies functionality, space-saving design, and multipurpose usage. It serves as a stylish sofa during the day and effortlessly converts into a comfortable bed at night, making it ideal for small apartments, guest rooms, or any space-conscious environment.\n\nDesigned with modern living in mind, the Nova sofa bed without storage features a sleek and minimalist aesthetic. It typically boasts clean lines and a compact silhouette, making it suitable for various interior styles from contemporary to Scandinavian. The absence of storage compartments ensures a streamlined appearance, perfect for those prioritizing simplicity and elegance in their living spaces.\n\nThe sofa configuration of the Nova sofa bed provides a comfortable seating experience. It is often upholstered in durable fabrics or leatherette, offering both style and practicality. The seating cushions are designed to provide adequate support and comfort for everyday use, whether relaxing with family or entertaining guests.\n\nWhen needed as a bed, the Nova sofa bed transforms quickly and easily. The mechanism varies but typically involves a simple pull-out or fold-down feature that converts the sofa into a spacious sleeping area. This makes it convenient for hosting overnight guests or accommodating family members, ensuring they have a comfortable place to sleep without the need for a separate guest bed.\n\nThe construction of the Nova sofa bed without storage focuses on durability and stability. It often includes a sturdy frame made from materials such as hardwood or metal, ensuring long-lasting performance. The mattress or sleeping surface is designed to provide adequate support for a restful night's sleep, catering to the needs of both occasional and regular use.\n\nIn terms of aesthetic versatility, the Nova sofa bed without storage is available in a range of colors and finishes to complement different décor preferences. Whether placed in a small urban apartment or a cozy guest room, homeowners can choose a design that harmonizes with existing furniture and enhances the overall ambiance of their living space.\n\nOverall, the Nova sofa bed without storage offers a practical solution for maximizing space in living rooms while providing versatile functionality. Its ability to seamlessly transition between sofa and bed configurations makes it a valuable addition to any home seeking to optimize space without compromising on comfort or style. With its modern design, durable construction, and multipurpose usage, the Nova sofa bed without storage ensures both practicality and aesthetic appeal in contemporary living environments.",31875.00,25500.00,50,0.0,0,"{""width_cm"":90,""width_in"":35.43,""height_cm"":85,""height_in"":33.46,""length_cm"":190,""length_in"":74.8}","Fabric Upholstery, Hardwood & Metal Frame",,Delivery Charges Applicable,"[""sofa-cum-beds"",""space-saving-furniture"",""bed-room"",""living-room"",""best-offer""]",2026-03-16 20:33:01.073945+00,false,true,31875.00,12,Standard,0.00,,0,0,,false,true,30,Vacuum clean fabric weekly. Avoid direct sunlight. Spot clean with mild detergent.,true,[],jf-1020,123.20,190,73,40,1
922,Ventura,ventura,133,34,"The Ventura sofa set is an exceptional addition to any living room, seamlessly blending style, comfort, and functionality. This versatile sofa set is designed to enhance the aesthetic appeal of your living space while providing a cozy and inviting atmosphere for relaxation and socializing.\n\nConstructed with high-quality materials, the Ventura sofa set features a robust frame that ensures durability and longevity. Its plush cushions are filled with premium foam, offering a soft yet supportive seating experience. The upholstery is crafted from luxurious fabric, available in a variety of colors and textures to match your home decor effortlessly. Whether you prefer a classic neutral tone or a vibrant statement hue, the Ventura set is designed to complement any living room theme.\n\nOne of the standout features of the Ventura sofa set is its modular design. This flexibility allows you to customize the arrangement to suit your specific space and needs. The set typically includes a combination of sectional pieces that can be rearranged or expanded, making it ideal for both small and large living rooms. This modularity also allows for easy reconfiguration if you decide to update your living space layout.\n\nIn addition to its aesthetic appeal, the Ventura sofa set is built for comfort. The cushions are designed to provide ample support while retaining their shape over time. The deep seating area ensures that you and your guests can lounge comfortably, whether you’re enjoying a movie night or hosting a gathering. The sofa's armrests and backrests are ergonomically designed to enhance your sitting experience, making it a perfect spot for unwinding after a long day.\n\nThe Ventura sofa set also includes practical features such as easy-to-clean upholstery and stain-resistant fabric options. This makes it an excellent choice for households with children or pets. The sofa's sturdy construction ensures that it can withstand everyday use while maintaining its stylish appearance.\n\nIn summary, the Ventura sofa set is a sophisticated choice for any living room. It combines elegant design with practical functionality, offering a comfortable seating solution that adapts to your lifestyle. With its modular versatility, durable construction, and plush comfort, the Ventura sofa set is sure to become a central piece in your living space, enhancing both the look and feel of your home.",53846.00,35000.00,50,0.0,0,,,,Delivery Charges Applicable,"[""sofa"",""living-room"",""best-offer""]",2026-03-16 20:33:03.549883+00,false,true,53846.00,12,Standard,0.00,,0,0,,false,true,30,,true,[],,,,,,1
923,Small Handle Sofa Cum Bed,small-handle-sofa-cum-bed,133,34,"The Small Handle Sofa Cum Bed epitomizes versatility and functionality in modern living room furniture, catering to space-saving needs with its dual-purpose design. Ideal for compact living spaces such as studio apartments, guest rooms, or home offices, this piece seamlessly transitions from a comfortable sofa to a convenient bed.\n\nDuring the day, the Small Handle Sofa Cum Bed serves as a stylish and practical seating option. Its compact size makes it suitable for smaller rooms where maximizing space is essential. The design typically features a minimalist aesthetic, with clean lines and a sleek profile that complement various interior styles. Upholstered in durable fabrics or leatherette, the sofa provides a comfortable seating experience for lounging, socializing, or working from home.\n\nIn the evening or when accommodating overnight guests, It transforms effortlessly into a bed. This conversion is facilitated by a user-friendly mechanism, often involving a pull-out or fold-down feature. The transition from sofa to bed is smooth, providing a comfortable sleeping surface without the need for additional space-consuming furniture.\n\nThe construction of the Small Handle Sofa Cum Bed prioritizes durability and comfort. It typically includes a sturdy frame made from materials like hardwood or metal, ensuring stability and longevity. The mattress or sleeping surface is designed to offer adequate support for a restful night's sleep, catering to the needs of both occasional guests and everyday use.\n\nFor added convenience, some models of this product may include built-in storage compartments. These compartments provide space to store bedding, pillows, or other essentials, optimizing organization and reducing clutter in smaller living spaces.\n\nIn terms of design versatility, It is available in various colors and upholstery options to suit different décor preferences. Whether enhancing a contemporary living room with a neutral fabric or adding a pop of color to a minimalist space, homeowners can find a style that complements their existing furniture and enhances the overall aesthetic of their home.\n\nOverall, the Small Handle Sofa Cum Bed offers a practical solution for maximizing space without compromising on comfort or style. Its dual-purpose functionality makes it a valuable addition to any home seeking versatile and efficient furniture solutions. Whether used as a sofa for daily activities or as a bed for overnight guests, the Small Handle Sofa Cum Bed ensures functionality, comfort, and aesthetic appeal in compact living environments.",42000.00,34000.00,50,0.0,0,,,,Delivery Charges Applicable,"[""sofa"",""living-room"",""best-offer""]",2026-03-16 20:33:08.75535+00,false,true,42000.00,12,Standard,0.00,,0,0,,false,true,30,,true,[],,,,,,1
924,Rio Sofa Cum Bed Brown,rio-sofa-cum-bed-brown,133,34,"&nbsp;\n\nThe **Rio Sofa cum Bed in Brown** is the quintessential piece for modern living spaces, masterfully blending style, functionality, and efficiency. Designed to elevate both the aesthetics and functionality of your home, this versatile piece of living room furniture seamlessly transforms from a comfortable sofa into a practical bed, making it an essential addition for any space-conscious individual or family.\n\nIn today’s fast-paced world, the demand for multi-functional and space-saving furniture has never been higher. The Rio Sofa cum Bed answers this call with its innovative design, making it perfect for those who value versatility without compromising on style or comfort. Crafted with meticulous attention to detail, the Rio Sofa cum Bed not only serves as a chic sofa during the day but effortlessly converts into a full-size bed at night, offering a comfortable sleeping solution for guests or family members.\n\nThe sofa’s rich brown upholstery provides a warm and inviting tone, easily complementing various décor styles from contemporary to traditional. Its neutral color ensures that it integrates well with existing furniture, while adding a touch of sophistication to your living room. The high-quality fabric used in the construction is not only aesthetically pleasing but also durable and easy to maintain, ensuring that the sofa retains its charm even after extensive use.\n\nComfort is at the forefront of the Rio Sofa cum Bed's design. The sofa features plush cushions that offer ample support and coziness, making it an ideal spot for lounging, reading, or entertaining guests. When converted into a bed, the sofa provides a comfortable sleeping surface, allowing you to host overnight guests without the need for an additional guest room. The transition between sofa and bed is smooth and effortless, thanks to a well-engineered mechanism that ensures ease of use.\n\nIn addition to its practical features, the Rio Sofa cum Bed is also designed with space-saving in mind. Its compact design means that it fits neatly into smaller living areas, maximizing the use of available space without sacrificing comfort or style. This makes it an excellent choice for apartments, studios, or any space where every square foot counts.\n\nOverall, the **Rio Sofa cum Bed in Brown** is a perfect blend of elegance, practicality, and comfort. It stands out as a key piece of living room furniture that caters to modern living needs while enhancing the visual appeal of your home. Whether you’re looking to furnish a new apartment or upgrade your current space, this multipurpose furniture piece offers a smart solution that meets both functional and aesthetic requirements.",62400.00,52000.00,50,0.0,0,,,,Delivery Charges Applicable,"[""diwans"",""sofa"",""living-room"",""best-offer""]",2026-03-16 20:33:18.164177+00,false,true,62400.00,12,Standard,0.00,,0,0,,false,true,30,,true,[],,,,,,1
925,Rio Sofa Cum Bed Grey,rio-sofa-cum-bed-grey,133,34,"The Rio Sofa Cum Bed in Grey is a modern and versatile piece of living room furniture designed to maximize both style and functionality. Ideal for contemporary homes where space is at a premium, this innovative piece seamlessly combines the comfort of a sofa with the practicality of a bed, making it a must-have in any multipurpose living area.\n\nCrafted with a sleek grey upholstery, the Rio Sofa Cum Bed exudes a sophisticated charm that complements a variety of interior styles, from minimalist to industrial. The neutral grey color ensures it can blend effortlessly with existing decor, whether you’re outfitting a cozy apartment or a spacious home. Its streamlined design features clean lines and a low-profile frame, adding a touch of modern elegance to your space.\n\nWhat sets this sofa apart is its space-saving functionality. In the living room, it functions as a comfortable sofa, perfect for lounging, reading, or entertaining guests. The seat cushions are designed for maximum comfort, providing a plush yet supportive surface. When extra sleeping space is needed, the Rio Sofa Cum Bed easily converts into a bed. This transformation is facilitated by a user-friendly mechanism that requires minimal effort. Simply remove the back cushions and pull out the bed frame, and you have a full-sized bed ready for use.\n\nThe Rio Sofa Cum Bed’s multipurpose design is ideal for those who frequently host guests or live in smaller spaces. Its dual functionality means you don’t have to sacrifice style for practicality. During the day, it serves as an elegant and comfortable seating option. By night, it transitions into a practical bed, accommodating overnight guests without the need for a separate guest room.\n\nBeyond its functional attributes, this sofa cum bed is designed with durability in mind. The frame is constructed from high-quality materials that ensure stability and longevity. The upholstery is not only visually appealing but also easy to maintain, making it a practical choice for everyday use.\n\nIn conclusion, the Rio Sofa Cum Bed in Grey is a versatile addition to your living room furniture collection. Its sleek design, space-saving features, and multipurpose functionality make it an excellent choice for enhancing both the style and practicality of your home. Whether you need a stylish sofa by day or a comfortable bed by night, the Rio Sofa Cum Bed has you covered.",62400.00,52000.00,50,0.0,0,,,,Delivery Charges Applicable,"[""diwans"",""sofa"",""living-room"",""best-offer""]",2026-03-16 20:33:22.056672+00,false,true,62400.00,12,Standard,0.00,,0,0,,false,true,30,,true,[],,,,,,1
926,Rio Sofa Cum Bed Silver,rio-sofa-cum-bed-silver,133,34,"**Rio Sofa Cum Bed Silver: The Ultimate Space-Saving Solution**\n\nIntroducing the Rio Sofa Cum Bed in Silver—a versatile piece of living room furniture designed to effortlessly blend style, functionality, and comfort. This innovative piece of space-saving furniture is an ideal addition to any modern home, especially in settings where space is at a premium.\n\n**Versatile Design**\n\nThe Rio Sofa Cum Bed is a masterclass in multipurpose furniture, seamlessly transforming from a chic, contemporary sofa into a cozy bed. By day, it serves as a stylish and comfortable sofa, perfect for lounging, reading, or socializing. The sleek silver upholstery adds a touch of sophistication to your living room, complementing various décor styles with its elegant finish.\n\nAs evening approaches or when unexpected guests arrive, It effortlessly converts into a spacious bed. The transformation is smooth and easy, ensuring you can quickly adapt the furniture to meet your needs. This feature makes it a perfect choice for small apartments, guest rooms, or any area where optimizing space is crucial.\n\n**Space-Saving Efficiency**\n\nIn today's world, space-saving furniture solutions are essential for maximizing living areas. The Rio Sofa Cum Bed stands out with its compact design that does not sacrifice comfort. When used as a sofa, it offers ample seating space, making it suitable for family gatherings or casual relaxation. When converted into a bed, it provides a comfortable and generous sleeping area, making it ideal for overnight guests.\n\nThe practical design of the Rio Sofa Cum Bed also includes built-in storage options, allowing you to keep essentials like bedding or throw pillows neatly tucked away. This thoughtful feature enhances its utility, further emphasizing its role as a multipurpose piece of furniture.\n\n**Comfort and Quality**\n\nComfort is at the heart of the Rio Sofa Cum Bed. The high-density foam cushions and supportive framework ensure a comfortable seating experience as a sofa and a restful night’s sleep as a bed. The silver upholstery is not only visually appealing but also easy to maintain, adding to the overall convenience of this furniture piece.\n\n**Conclusion**\n\nThe Rio Sofa Cum Bed in Silver is more than just a piece of living room furniture; it is a versatile solution for modern living. Combining elegant design with practical functionality, this multipurpose furniture piece meets the demands of contemporary lifestyles. Whether you're looking to enhance your living space or need a smart solution for accommodating guests, It delivers both style and efficiency in one beautiful package.",62400.00,52000.00,50,0.0,0,,,,Delivery Charges Applicable,"[""diwans"",""sofa"",""living-room"",""best-offer""]",2026-03-16 20:33:25.224996+00,false,true,62400.00,12,Standard,0.00,,0,0,,false,true,30,,true,[],,,,,,1
927,Diwan FW,diwan-fw,133,34,"### Diwan FW: The Ultimate Living Room Furniture for Style and Comfort\n\nTransform your living space with the Diwan FW, a premier piece of living room furniture designed to blend functionality with elegant aesthetics. This diwan is more than just a sofa; it's a versatile seating solution that enhances the overall ambiance of your living room while offering exceptional comfort and style.\n\nThe Diwan FW stands out with its sophisticated design that seamlessly integrates into various interior styles, from modern to traditional. Its sleek lines and plush cushioning create a visually appealing focal point in any living room, making it an excellent choice for both casual gatherings and formal settings.\n\nConstructed with high-quality materials, It ensures durability and long-lasting performance. The frame is built from robust hardwood, providing a solid foundation that supports the soft, high-density foam cushions. These cushions are upholstered in premium fabric or leather, chosen for their durability and ease of maintenance. The upholstery not only adds a touch of luxury but also offers a comfortable seating experience that invites relaxation.\n\nOne of the key features of the Diwan FW is its versatility. As a diwan for living rooms, it can be used as a traditional sofa or as a lounging area, making it ideal for reading, napping, or simply unwinding after a long day. The deep seating and plush cushions provide ample support, ensuring that every moment spent on the Diwan FW is a pleasure.\n\nAdditionally, the Diwan FW comes in various color and fabric options, allowing you to customize it to match your living room decor. Whether you prefer a neutral tone that complements a minimalist interior or a bold color that makes a statement, the Diwan FW can be tailored to fit your design preferences.\n\nIn terms of functionality, the Diwan FW is designed with practicality in mind. It offers a spacious seating area and can accommodate multiple people comfortably. This makes it an excellent choice for families or those who frequently entertain guests. The thoughtful design ensures that it integrates seamlessly into your living room layout, enhancing both the look and feel of the space.\n\nOverall, the Diwan FW is a standout piece of living room furniture that combines style, comfort, and functionality. Its elegant design, high-quality construction, and versatile use make it a valuable addition to any home. Whether you are looking to refresh your living room or create a new focal point, the Diwan FW provides the perfect blend of form and function, making it an ideal choice for discerning homeowners.",25000.00,19200.00,50,0.0,0,,,,Delivery Charges Applicable,"[""diwans"",""space-saving-furniture"",""living-room"",""best-offer""]",2026-03-16 20:33:28.404626+00,false,true,25000.00,12,Standard,0.00,,0,0,,false,true,30,,true,[],,,,,,1
928,Zoho Sofa Cum Bed With Storage,zoho-sofa-cum-bed-with-storage,128,34,"The Zoha sofa cum bed with storage is a smart and space-saving furniture option for modern homes. It works as a sofa during the day and easily converts into a bed when needed, making it perfect for small apartments, guest rooms, or homes with limited space.

One of its main features is the built-in storage space under the seat. This storage can be used to keep bedsheets, blankets, pillows, or other household items. It helps keep the room neat and reduces clutter.

As a sofa, it offers comfortable seating with well-designed cushions for daily use. The upholstery is usually made from durable fabric or leatherette, giving it a stylish look and long life.

When required, the sofa can be converted into a bed using a simple pull-out or fold-down mechanism. This makes it very convenient for accommodating overnight guests without needing an extra bed.

The Zoha sofa cum bed is built with a strong and stable frame, often made of hardwood or metal, ensuring durability. The sleeping surface provides good support for a comfortable night’s sleep.

It is available in different colors, designs, and materials, so it can match various interior styles. Overall, the Zoha sofa cum bed with storage is a practical, comfortable, and stylish solution for homes that need multifunctional furniture.",0.00,,50,0.0,0,,,,Delivery Charges Applicable,"[""sofa-cum-beds"",""space-saving-furniture"",""bed-room"",""living-room""]",2026-03-16 20:33:31.680466+00,false,true,,12,Standard,0.00,,0,0,,false,true,30,,false,[],jf-1400,,,,,1
929,Swing Two Seater Metal,swing-two-seater-metal,128,34,"The swing two-seater metal sofa combines the comfort of a sofa with the relaxing feel of a swing. It is designed for two people and adds both style and fun to any living space. Made from strong steel, it provides good support and long-lasting durability, making it suitable for indoor and outdoor use.

This sofa offers a smooth and gentle swinging motion that helps you relax. The seat and backrest are designed for comfort and often come with cushions or upholstered padding for better support. It creates a cozy place to sit, relax, read, or spend time with family.

The swing two-seater metal sofa can be used in many areas such as living rooms, balconies, patios, or gardens. Its weather-resistant build allows it to handle outdoor conditions, while the sturdy metal frame ensures stability and safety during use.

The design is modern and stylish, making it a good match for contemporary homes. The metal frame is usually coated with rust-resistant or powder-coated paint, which improves both appearance and durability. Some models may also include armrests or small side features for added comfort.

Overall, the swing two-seater metal sofa is a practical and attractive furniture choice. It offers comfortable seating, relaxing swing movement, and strong construction, making it a great addition to both indoor and outdoor spaces.",0.00,,50,0.0,0,,,,Delivery Charges Applicable,"[""sofa-cum-beds"",""bed-room"",""living-room""]",2026-03-16 20:33:40.551075+00,false,true,,12,Standard,0.00,,0,0,,false,true,30,,false,[],jf-1210,,,,,1
930,Wooden Leg Futon,wooden-leg-futon,128,34,"The wooden leg futon is a versatile piece of living room furniture that combines functionality with a classic aesthetic, making it an ideal choice for those seeking space-saving and multipurpose solutions.\n\nDesigned to maximize space efficiency, the wooden leg futon serves dual purposes as both a sofa and a bed. During the day, it functions as a comfortable seating option. The wooden legs add a touch of warmth and elegance to its design, complementing various interior styles from traditional to modern. The frame is typically constructed from sturdy materials like wood or metal, ensuring durability and stability.\n\nIn the evening or when accommodating guests, It easily converts into a bed. This transformation is facilitated by a user-friendly mechanism that allows for quick adjustment from a seated position to a flat sleeping surface. This versatility makes it an excellent choice for small apartments, studios, or guest rooms where optimizing space is essential.\n\nThe construction of the wooden leg futon prioritizes both comfort and durability. The mattress or seating cushions are designed to provide adequate support for seating and sleeping, ensuring a restful experience. Some models may include additional features such as built-in armrests or adjustable backrests, enhancing comfort and functionality.\n\nIn terms of aesthetic appeal, It is available in various finishes and upholstery options to suit different interior styles and personal preferences. Whether opting for a classic wooden finish or a more contemporary fabric, homeowners can find a design that complements their existing décor while adding functionality to their living space.\n\nOverall, the wooden leg futon exemplifies the versatility and practicality of modern living room furniture. Its ability to seamlessly transition between sofa and bed positions makes it a valuable addition to any home where space is at a premium. With its durable construction, stylish design, and multipurpose functionality, the wooden leg futon offers a practical solution for enhancing comfort and optimizing living space without compromising on style.",0.00,,50,0.0,0,,,,Delivery Charges Applicable,"[""sofa-cum-beds"",""space-saving-furniture"",""bed-room"",""living-room""]",2026-03-16 20:33:44.376211+00,false,true,,12,Standard,0.00,,0,0,,false,true,30,,false,[],JF-1200,,,,,1
931,Metal Futon With Wooden Handle,metal-futon-with-wooden-handle,128,34,"The Metal Futon with Wooden Handle is a versatile piece of living room furniture that combines functionality with aesthetic appeal, making it an ideal choice for those seeking space-saving and multipurpose solutions.\n\nDesigned to maximize space efficiency, the Metal Futon with Wooden Handle serves dual purposes as both a sofa and a bed. During the day, it functions as a stylish and comfortable seating option. The sleek metal frame, often featuring a modern design with clean lines, adds a contemporary touch to any living room. The wooden handles on the sides not only enhance the aesthetic appeal but also provide practical support for adjusting the futon between different positions.\n\nIn the evening or when accommodating overnight guests, the Metal Futon effortlessly converts into a bed. This transformation is facilitated by a user-friendly mechanism that allows for quick adjustment from a seated position to a flat sleeping surface. This versatility makes it an excellent choice for small apartments, studios, or guest rooms where optimizing space is essential.\n\nThe construction of the Metal Futon with Wooden Handle emphasizes durability and comfort. The metal frame provides sturdy support, ensuring stability whether in sofa or bed configuration. The wooden handles add a touch of warmth to the overall design while serving a functional purpose in facilitating the adjustment process. Some models may include additional features such as built-in storage compartments underneath the seating area, providing convenient space for storing bedding or other essentials.\n\nIn terms of aesthetic appeal, It is available in various finishes and upholstery options to suit different interior styles and personal preferences. Whether opting for a sleek metallic finish or a more traditional wood tone, homeowners can find a design that complements their existing décor while adding functionality to their living space.\n\nOverall, the Metal Futon with Wooden Handle exemplifies the versatility and practicality of modern living room furniture. Its ability to seamlessly transition between sofa and bed positions makes it a valuable addition to any home where space is at a premium. With its durable construction, stylish design, and multipurpose functionality, the Metal Futon with Wooden Handle offers a practical solution for enhancing comfort and optimizing living space without compromising on style.",28200.00,23559.00,50,0.0,0,,,,Delivery Charges Applicable,"[""sofa-cum-beds"",""space-saving-furniture"",""bed-room"",""living-room"",""best-offer""]",2026-03-16 20:33:51.647196+00,false,true,28200.00,12,Standard,0.00,,0,0,,false,true,30,,true,[],jf-1300,,,,,1
932,Lembah Director Chair,lembah-director-chair,119,34,"**Lembah Director Chair** is an epitome of versatility and practicality, crafted to seamlessly integrate into a variety of settings while maximizing space efficiency. This elegant piece of furniture excels as both a **folding chair** and a **foldable director chair**, combining functionality with style. Its design makes it an ideal choice for those seeking **space-saving chairs** without compromising on comfort or aesthetics.\n\nCrafted with meticulous attention to detail, Lembah Director Chair features a robust frame constructed from high-quality materials that ensure durability and longevity. The frame is engineered to withstand daily wear and tear, making it a reliable seating option for various environments. The **foldable chair** design allows for easy storage and transport, which is particularly advantageous in settings where space is at a premium.\n\nOne of the standout features of this chair is its **space-saving** capability. When not in use, Lembah Director Chair folds compactly, allowing it to be stored conveniently without taking up valuable space. This makes it a perfect addition to small apartments, offices, or any area where efficient use of space is essential.\n\nThe **folding chair** functionality is complemented by a comfortable seating experience. The chair is designed with a well-padded seat and backrest, ensuring that users can sit comfortably for extended periods. This combination of comfort and functionality makes it an excellent choice for both casual and professional settings.\n\nThe **foldable director chair** design adds a touch of sophistication and class. It’s often used in professional environments such as film sets, conferences, and outdoor events where a director’s chair is desired for its authoritative and stylish appearance. The Lembah Director Chair brings this classic design into modern homes and workplaces, bridging the gap between tradition and contemporary needs.\n\nIn addition to its practical benefits, Lembah Director Chair’s design enhances its aesthetic appeal. The clean lines and stylish finish make it an attractive piece of furniture that complements various décor styles. Whether used as a primary seating option or an additional chair for guests, it adds an element of elegance to any space.\n\nOverall, Lembah Director Chair is a versatile, space-saving piece of furniture that combines the practicality of a **folding chair** with the classic design of a **director chair**. Its ability to fold and store compactly, combined with its stylish and comfortable design, makes it an ideal choice for anyone looking to optimize their living or working space without sacrificing style or comfort.",0.00,,50,0.0,0,,,,Delivery Charges Applicable,"[""foldable-chairs"",""space-saving-furniture"",""study-room""]",2026-03-16 20:33:58.522806+00,false,true,,12,Standard,0.00,,0,0,,false,true,30,,false,[],,,,,,1
933,Pulsar LEC Chair,pulsar-lec-chair,119,34,"The Pulsar LEC Chair stands as a versatile and stylish addition to any living space, designed to meet a variety of seating needs with its innovative features. Perfectly blending functionality and comfort, this chair is an exceptional choice for those seeking a space-saving solution without compromising on style.\n\nCrafted with modern living in mind, the Pulsar LEC Chair excels as a **folding chair**. Its smart design allows it to be easily folded and stored away when not in use, making it an ideal choice for homes with limited space. This **foldable chair** is particularly advantageous for small apartments or multipurpose rooms where space is at a premium. Whether you're hosting extra guests or simply need an additional seat, the Pulsar LEC Chair provides a practical and convenient solution.\n\nThe chair’s **space-saving** capabilities are complemented by its sleek, contemporary design, which seamlessly integrates into various décor styles. Its compact form factor allows it to be stowed in closets or tucked behind doors, maximizing floor space and minimizing clutter. This feature is invaluable for maintaining an organized and clutter-free environment.\n\nAdditionally, It offers an excellent lounging experience, making it a perfect **lazy chair**. Its cushioned seating and supportive backrest ensure comfort during extended periods of use. Whether you're reading a book, watching TV, or simply relaxing, the Pulsar LEC Chair provides a cozy and inviting place to unwind.\n\nConstructed from high-quality materials, the Pulsar LEC Chair is not only functional but also durable. The frame is engineered for stability and longevity, ensuring that the chair can withstand regular use while retaining its elegant appearance. The upholstery is chosen for its comfort and ease of maintenance, adding to the chair’s practicality.\n\nIn summary, the Pulsar LEC Chair is an exceptional example of **space-saving furniture** that does not sacrifice comfort or style. Its ability to fold and store easily, combined with its comfortable seating and modern design, makes it a valuable addition to any home. Whether used as an extra seat during gatherings or as a personal relaxation spot, the Pulsar LEC Chair delivers on all fronts, proving to be a versatile and indispensable piece of furniture.",9375.00,7500.00,47,0.0,0,,,,Delivery Charges Applicable,"[""lazy-chairs"",""space-saving-furniture"",""study-room"",""living-room""]",2026-03-16 20:34:07.011113+00,true,true,9375.00,12,Standard,0.00,,0,0,,false,true,30,,false,[],jf-7040,25.60,94,34,36,1
934,Voyager NEC Chair,voyager-nec-chair,119,34,"The Voyager NEC Chair is a versatile and stylish addition to any home or office space, designed with the modern user in mind. This folding chair excels in providing both comfort and practicality, making it an excellent choice for those who appreciate both style and functionality in their furniture.\n\nCrafted with a robust frame and high-quality materials, the Voyager NEC Chair stands out as a reliable and durable option for various uses. Its foldable design ensures easy storage and transport, making it a space-saving marvel for any environment. Whether you need extra seating for guests, a convenient chair for your study area, or a comfortable seat for relaxation, this chair is designed to meet your needs.\n\nThe chair's folding mechanism allows it to be effortlessly collapsed and stored away when not in use, thus optimizing space in your living area. This feature is particularly beneficial in smaller homes, apartments, or offices where every inch of space counts. When unfolded, the Voyager NEC Chair offers ample seating space and a sturdy construction, ensuring that you can sit comfortably for extended periods.\n\nIn addition to its functional design, the Voyager NEC Chair boasts an aesthetically pleasing appearance. Its sleek lines and contemporary design make it a stylish addition to any décor, seamlessly blending with both modern and traditional interiors. The chair’s cushioned seat and backrest are designed for maximum comfort, providing a supportive and relaxing seating experience.\n\nOne of the key features of the Voyager NEC Chair is its versatility. It can be used in a variety of settings, including as a lazy chair for casual lounging, an extra chair for gatherings, or a functional seating solution for workspaces. Its adaptability makes it a practical choice for any situation, whether you're hosting a party, setting up a temporary workspace, or simply enjoying some downtime.\n\nThe space-saving attributes of this chair make it a valuable asset for those who frequently rearrange their living spaces or require additional seating without permanent installation. Its foldable nature ensures that it can be tucked away neatly when not needed, freeing up valuable space for other activities.\n\nOverall, the Voyager NEC Chair combines functionality, comfort, and style in one compact, foldable design. Its space-saving features, coupled with its durable construction and sleek look, make it an ideal choice for anyone looking to enhance their seating options without compromising on style or space.",5000.00,3500.00,50,0.0,0,,,,Delivery Charges Applicable,"[""lazy-chairs"",""space-saving-furniture"",""study-room"",""living-room"",""best-offer""]",2026-03-16 20:34:20.773196+00,false,true,5000.00,12,Standard,0.00,,0,0,,false,true,30,,true,[],jf-7030,,,,,1
935,Halley Sofa Cum Bed Single,halley-sofa-cum-bed-single,128,34,"The Halley sofa cum bed single exemplifies modern living room furniture designed for space efficiency and multipurpose functionality. Ideal for small apartments, guest rooms, or any space-conscious environment, it seamlessly transforms from a stylish sofa into a comfortable bed, offering dual functionality without compromising on comfort or style.\n\nAs a sofa, the Halley blends contemporary design with practicality. It features a sleek and minimalist aesthetic, often upholstered in premium fabrics or leatherette for a luxurious feel. The clean lines and compact dimensions make it suitable for various living room layouts, adding a touch of elegance to any décor scheme. Its versatility allows it to serve as a cozy seating option during the day, perfect for relaxing or entertaining guests.\n\nWhen evening arrives or when an extra sleeping surface is needed, the Halley effortlessly converts into a bed. The mechanism is typically user-friendly, allowing for quick transformation without the need for extensive setup. This makes it an ideal solution for accommodating overnight guests or for creating a comfortable sleeping area in smaller living spaces where a traditional bed might not fit.\n\nThe sofa cum bed design of the Halley incorporates thoughtful features to enhance functionality. Some models may include storage compartments underneath the seating area, providing additional space for pillows, blankets, or other items. This not only maximizes storage capacity but also contributes to maintaining a clutter-free living environment.\n\nIn terms of construction, the Halley sofa cum bed single is built to prioritize durability and comfort. It often includes a sturdy frame made from materials like hardwood or metal, ensuring stability and longevity. The mattress or seating cushions are designed for optimal support and resilience, offering a restful sleep or comfortable seating experience over time.\n\nThe versatility of the Halley sofa cum bed single extends beyond its functional aspects to its aesthetic appeal. Available in a variety of colors and finishes, it can be customized to complement different interior styles and personal preferences. Whether enhancing a modern living room with a sleek finish or blending into a more classic décor with a neutral tone, the Halley adapts seamlessly to its surroundings.\n\nOverall, the Halley sofa cum bed single represents a smart choice for individuals or families seeking versatile living room furniture that maximizes space and functionality. Its ability to transform effortlessly between a sofa and a bed makes it a practical investment for optimizing living spaces without sacrificing comfort or style.",11700.00,8305.00,50,0.0,0,,,,Delivery Charges Applicable,"[""sofa-cum-beds"",""space-saving-furniture"",""bed-room"",""living-room"",""best-offer""]",2026-03-16 20:34:35.783882+00,false,true,11700.00,12,Standard,0.00,,0,0,,false,true,30,,true,[],jf-1155,,,,,1
936,Proton Study Desk,proton-study-desk,131,34,"The Proton Study Desk is a highly functional and stylish addition to any student’s study area or home office. Combining modern design with practical features, this study desk stands out as a quintessential piece of space-saving furniture, specifically designed to enhance productivity and organization in any environment.\n\nAt its core, the Proton Study Desk is crafted to cater to the needs of students and professionals alike, offering a spacious work surface that provides ample room for a laptop, books, and writing materials. The desk’s clean lines and minimalist design ensure it blends seamlessly into any room decor, making it a versatile choice for both contemporary and traditional settings.\n\nOne of the key features of the Proton Study Desk is its space-saving design. Unlike traditional desks that can dominate a room, this study table is engineered to maximize functionality without occupying excessive floor space. It includes smart storage solutions such as built-in shelves and drawers, which are perfect for organizing stationery, notebooks, and other essentials. This efficient use of space helps keep the work area clutter-free, allowing for better focus and productivity.\n\nThe desk’s robust construction ensures durability and stability. Made from high-quality materials, it is built to withstand the rigors of daily use while maintaining its elegant appearance. It is also designed with ergonomic considerations in mind, offering a comfortable workspace that promotes good posture and reduces strain during long study sessions.\n\nFor those who value versatility, It offers additional features that enhance its functionality. The desk’s surface can accommodate various study aids, including a desk lamp and personal organizer, while its compact design ensures that it does not overwhelm smaller spaces. Whether used as a student study table or as a home office desk, it adapts well to different requirements.\n\nMoreover, the Proton Study Desk is straightforward to assemble, with clear instructions provided to ensure a hassle-free setup process. Its design incorporates user-friendly elements, making it accessible for individuals of all ages.\n\nIn summary, the Proton Study Desk is an exemplary piece of space-saving furniture that meets the needs of modern students and professionals. With its blend of practicality, durability, and elegant design, it provides a functional and aesthetically pleasing workspace that enhances productivity and organization in any study or work environment.",7600.00,5400.00,50,0.0,0,,,,Delivery Charges Applicable,"[""study-tables"",""study-room"",""best-offer""]",2026-03-16 20:34:44.315329+00,false,true,7600.00,12,Standard,0.00,,0,0,,false,true,30,,true,[],jf-7090,,,,,1
937,Jupiter Bunk Cum Futon Cot,jupiter-bunk-cum-futon-cot,128,34,"The Jupiter Bunk Cum Futon Cot is an innovative piece of living room furniture that exemplifies space-saving and multipurpose functionality. Designed to maximize living space efficiency, this versatile furniture item combines a bunk bed with a futon, offering dual functionality for seating and sleeping arrangements.\n\nIn today's compact living environments, where optimizing space is crucial, It serves as a practical solution. It efficiently transforms from a comfortable seating area during the day into a cozy sleeping space at night. This multipurpose design is ideal for studio apartments, small living rooms, or any space where versatility is key.\n\nThe bunk bed feature of this Cot ensures efficient use of vertical space. It typically comprises a sturdy steel frame that supports two twin-sized beds stacked one above the other. This configuration allows for accommodating two sleepers without occupying additional floor space, making it ideal for children's rooms or guest accommodations.\n\nMoreover, the futon component adds further versatility to the Jupiter Bunk Cum Futon Cot. Positioned below the upper bunk, the futon serves as a comfortable sofa during the day. It can be easily converted into a bed at night, providing an additional sleeping surface when needed. This dual-purpose functionality makes the cot suitable for hosting guests or accommodating varying household needs without requiring separate furniture pieces.\n\nThe design of the Jupiter Bunk Cum Futon Cot often includes thoughtful features such as safety rails for the upper bunk, ensuring secure sleep for users. Some models also incorporate storage options such as drawers or shelves, enhancing organizational capabilities in smaller spaces.\n\nIn terms of aesthetics, It is available in a variety of finishes and styles to complement different interior décors. Whether opting for a sleek modern look or a more traditional design, homeowners can find options that suit their personal preferences and enhance the overall ambiance of their living room or guest area.\n\nOverall, the Jupiter Bunk Cum Futon Cot exemplifies the modern approach to living room furniture, where space efficiency and multipurpose functionality are paramount. Its ability to serve as both a bunk bed and a futon ensures practicality without compromising on comfort or style. For individuals or families looking to maximize space in their living areas while maintaining flexibility in furniture usage, the Jupiter Bunk Cum Futon Cot offers an attractive and practical solution.",42000.00,29661.00,50,0.0,0,,,,Delivery Charges Applicable,"[""sofa-cum-beds"",""space-saving-furniture"",""bed-room"",""living-room"",""best-offer""]",2026-03-16 20:34:57.408495+00,false,true,42000.00,12,Standard,0.00,,0,0,,false,true,30,,true,[],jf-9595,,,,,1
938,Aberdeen Steel Cot,aberdeen-steel-cot,118,34,"Aberdeen Steel Cot specializes in designing and manufacturing premium bed room furniture, featuring a diverse range including metal king sized beds, metal queen sized beds, and steel double cots. Each piece is meticulously crafted to blend durability, functionality, and aesthetic appeal, catering to various preferences and room sizes.\n\nThe metal king sized beds offered by Aberdeen Steel Cot are crafted with a focus on robustness and comfort. Constructed from high-quality steel, these beds provide sturdy support for larger mattresses, ensuring stability and longevity. The frames are designed with reinforced slats and durable joints to prevent sagging, promising a restful sleep experience for users. Aberdeen Steel Cot offers a selection of designs ranging from contemporary styles with sleek finishes to more traditional options, allowing customers to find the perfect fit for their bedroom décor.\n\nSimilarly, Aberdeen Steel Cot's metal queen sized beds combine practicality with elegance. These beds are designed to optimize sleeping space while maintaining a stylish appearance in smaller bedrooms or guest rooms. The steel frames provide reliable support for standard queen mattresses, offering a comfortable and supportive sleep surface. With their timeless designs and versatile finishes, the queen sized beds from Aberdeen Steel Cot complement a variety of interior styles, enhancing the overall ambiance of any bedroom.\n\nFor those seeking versatile sleeping solutions, Aberdeen Steel Cot offers steel double cots that are both functional and space-saving. These cots are ideal for accommodating guests or for shared bedrooms, providing comfortable sleeping arrangements without compromising on quality. The steel frames are engineered for durability and strength, accommodating standard double mattresses comfortably. Optional features such as integrated storage compartments or adjustable headboards offer added convenience and customization options to suit individual preferences.\n\nAberdeen Steel Cot is dedicated to delivering furniture that exceeds expectations in terms of craftsmanship and performance. Each bed frame undergoes rigorous quality checks to ensure superior durability and reliability. Customization options allow customers to personalize their choices with different finishes, upholstery options, and additional features, ensuring that every piece of furniture aligns perfectly with their unique style and functional requirements.\n\nIn summary, Aberdeen Steel Cot offers a comprehensive selection of bed room furniture, including metal king sized beds, metal queen sized beds, and steel double cots. Their commitment to quality, comfort, and aesthetic appeal makes them a preferred choice for homeowners and interior designers alike. Whether furnishing a master bedroom, guest room, or any other living space, Aberdeen Steel Cot provides stylish and functional solutions that enhance the comfort and functionality of the bedroom environment.",20400.00,16500.00,50,0.0,0,,,,Delivery Charges Applicable,"[""metal-cots"",""bed-room"",""best-offer""]",2026-03-16 20:35:03.869835+00,false,true,20400.00,12,Standard,0.00,,0,0,,false,true,30,,true,[],,,,,,1
939,Kraz Steel Cot,kraz-steel-cot,118,34,"Kraz Steel Cot specializes in crafting high-quality bed room furniture, featuring a diverse selection that includes metal king sized beds, metal queen sized beds, and steel double cots. Each piece is meticulously designed to blend durability, functionality, and aesthetic appeal, making it suitable for various bedroom settings.\n\nThe metal king sized beds from Kraz Steel Cot are designed to provide spacious comfort and robust support. Constructed from premium-grade steel, these beds ensure stability and durability, accommodating larger mattresses with ease. The frames are engineered with reinforced slats and sturdy joints to prevent sagging and ensure long-lasting performance. Kraz Steel Cot offers a variety of design options to cater to different tastes and room décors, from sleek modern finishes to more traditional styles, allowing customers to find the perfect match for their bedroom aesthetic.\n\nSimilarly, Kraz Steel Cot's metal queen sized beds combine elegance with practicality. These beds are crafted to optimize sleeping comfort while maintaining a compact footprint in smaller bedrooms or guest rooms. The steel frames provide reliable support for standard queen mattresses, offering a stable and comfortable sleep surface. With their clean lines and timeless designs, the queen sized beds from Kraz Steel Cot enhance the overall ambiance of any bedroom, blending seamlessly with various décor themes.\n\nFor customers seeking versatile sleeping solutions, Kraz Steel Cot offers steel double cots that are both functional and stylish. These cots are perfect for shared bedrooms or guest accommodations, providing comfortable sleeping arrangements without compromising on durability. The steel frames are designed to withstand daily use and accommodate standard double mattresses with ease. Optional features such as integrated storage drawers or adjustable headboards enhance functionality and customization options to suit individual preferences.\n\nKraz Steel Cot places a strong emphasis on customer satisfaction, delivering furniture that meets stringent quality standards. Each bed frame undergoes thorough quality checks to ensure superior craftsmanship and performance. Customization options allow customers to personalize their choices with different finishes, upholstery options, and additional features, ensuring that every piece of furniture not only meets but exceeds their expectations.\n\nIn summary, Kraz Steel Cot offers a comprehensive range of bed room furniture, including metal king sized beds, metal queen sized beds, and steel double cots. Their commitment to durability, comfort, and aesthetic appeal makes them a preferred choice for homeowners and designers seeking reliable and stylish solutions. Whether furnishing a master bedroom, guest room, or any other living space, Kraz Steel Cot provides versatile and high-quality furniture that enhances the comfort and functionality of the bedroom environment.",20400.00,14407.00,50,0.0,0,,,,Delivery Charges Applicable,"[""metal-cots"",""bed-room"",""best-offer""]",2026-03-16 20:35:07.650843+00,false,true,20400.00,12,Standard,0.00,,0,0,,false,true,30,,true,[],jf-5070,,,,,1
940,Orion Steel Cot,orion-steel-cot,118,34,"Orion Steel Cot specializes in crafting premium bed room furniture, offering a range that includes metal king sized beds, metal queen sized beds, and steel double cots. Each piece is meticulously designed to blend durability, functionality, and aesthetic appeal, making it suitable for various bedroom settings.\n\nThe metal king sized beds from Orion Steel Cot are engineered to provide exceptional comfort and support. Constructed from high-quality steel, these beds ensure stability and longevity, catering to the needs of individuals or couples seeking ample sleeping space. The frames feature robust slats and sturdy joints to prevent sagging, enhancing the overall durability of the bed. Orion Steel Cot offers a variety of design options, from modern minimalist styles to more intricate designs, ensuring there's something to suit every taste and bedroom décor.\n\nSimilarly, Orion Steel Cot's metal queen sized beds combine elegance with practicality. These beds are designed to maximize sleeping comfort while optimizing space in smaller bedrooms or guest rooms. The steel frames provide reliable support for standard queen mattresses, offering a stable and comfortable sleep surface. With their clean lines and timeless designs, the queen sized beds from Orion Steel Cot add a touch of sophistication to any bedroom environment, complementing a range of interior styles.\n\nFor those needing space-saving solutions, Orion Steel Cot offers steel double cots that are both versatile and durable. These cots are ideal for accommodating guests or for shared bedrooms, providing comfortable sleeping arrangements without compromising on quality. The steel frames are designed to withstand regular use and accommodate standard double mattresses with ease. Optional features such as integrated storage compartments or adjustable headboards offer added convenience and customization options to suit individual preferences.\n\nOrion Steel Cot prides itself on delivering furniture that exceeds expectations in terms of craftsmanship and reliability. Each bed frame undergoes rigorous quality checks to ensure superior performance and longevity. Customization options allow customers to personalize their choices with different finishes, upholstery options, and additional features, ensuring that every piece of furniture aligns perfectly with their unique style and functional requirements.\n\nIn summary, Orion Steel Cot offers a comprehensive range of bed room furniture, including metal king sized beds, metal queen sized beds, and steel double cots. Their commitment to quality, comfort, and aesthetic appeal makes them a preferred choice for homeowners and interior designers alike. Whether furnishing a master bedroom, guest room, or any other living space, Orion Steel Cot provides stylish and functional solutions that enhance the comfort and functionality of the bedroom environment.",19800.00,14729.00,50,0.0,0,,,,Delivery Charges Applicable,"[""metal-cots"",""bed-room"",""best-offer""]",2026-03-16 20:35:11.621224+00,false,true,19800.00,12,Standard,0.00,,0,0,,false,true,30,,true,[],jf-5080,,,,,1
941,Bradford Steel Cot,bradford-steel-cot,118,34,"Bradford Steel Cot specializes in crafting high-quality bed room furniture, featuring a range of metal beds including king sized, queen sized, and steel double cots. Each piece is meticulously designed to blend durability with aesthetic appeal, ensuring comfort and functionality for any bedroom setting.\n\nThe metal king sized beds offered by Bradford Steel Cot are designed to provide ample sleeping space and robust support. Constructed from premium-grade steel, these beds are engineered for durability and stability, ensuring a restful night's sleep. The frames feature reinforced slats and sturdy joints to prevent sagging and ensure long-term reliability. Bradford Steel Cot offers a variety of design options to cater to different tastes and interior décor preferences, ranging from sleek modern finishes to more traditional styles, allowing customers to find the perfect match for their bedroom aesthetic.\n\nSimilarly, Bradford Steel Cot's metal queen sized beds combine elegance with practicality. These beds are crafted to optimize sleeping comfort while maintaining a compact footprint in smaller bedrooms or guest rooms. The steel frames provide sturdy support for standard queen mattresses, ensuring a supportive sleep surface for users. With clean lines and timeless designs, the queen sized beds from Bradford Steel Cot enhance the overall ambiance of any bedroom, blending seamlessly with various décor themes.\n\nFor those seeking versatile sleeping solutions, Bradford Steel Cot offers steel double cots that are both functional and stylish. These cots are perfect for shared bedrooms or guest accommodations, providing comfortable sleeping arrangements without compromising on durability. The steel frames are designed to withstand daily use and accommodate standard double mattresses with ease. Optional features such as integrated storage drawers or adjustable headboards enhance functionality and customization options to suit individual preferences.\n\nBradford Steel Cot prioritizes customer satisfaction by delivering furniture that meets stringent quality standards. Each bed frame undergoes rigorous testing to ensure superior craftsmanship and performance. Customization options allow customers to personalize their choices with different finishes, upholstery options, and additional features, ensuring that every piece of furniture not only meets but exceeds their expectations.\n\nIn summary, Bradford Steel Cot offers a comprehensive selection of bed room furniture, including metal king sized beds, metal queen sized beds, and steel double cots. Their commitment to durability, comfort, and aesthetic appeal makes them a preferred choice for homeowners and designers seeking reliable and stylish solutions. Whether furnishing a master bedroom, guest room, or any other living space, Bradford Steel Cot provides versatile and high-quality furniture that enhances the comfort and functionality of the bedroom environment.",15600.00,13000.00,50,0.0,0,,,,Delivery Charges Applicable,"[""metal-cots"",""bed-room"",""best-offer""]",2026-03-16 20:35:14.418187+00,false,true,15600.00,12,Standard,0.00,,0,0,,false,true,30,,true,[],,,,,,1
942,Titan Steel Cot,titan-steel-cot,118,34,"Titan Steel Cot Single specializes in crafting robust and stylish bed room furniture, featuring a range of metal beds including king sized, queen sized, and steel double cots. Each piece is meticulously designed to combine durability with aesthetic appeal, ensuring comfort and functionality for any bedroom setting.\n\nThe metal king sized beds offered by Titan Steel Cot Single are engineered for maximum strength and stability. Constructed from high-quality steel, these beds provide ample support for larger mattresses, promoting a restful sleep experience. The frames are designed with reinforced slats and sturdy joints to prevent sagging over time, ensuring long-lasting durability. It offers various design options to suit different tastes and room décors, from sleek and modern finishes to more traditional styles, providing versatility in aesthetic preferences.\n\nSimilarly, Titan Steel Cot Single's metal queen sized beds are crafted with the same commitment to quality and comfort. These beds are designed to optimize sleeping space while maintaining an elegant and streamlined appearance. The steel frames offer reliable support for standard queen mattresses, combining practicality with sophisticated design elements. Whether in a contemporary urban loft or a cozy suburban bedroom, the queen sized beds from Titan Steel Cot Single enhance the overall ambiance with their clean lines and timeless appeal.\n\nFor customers seeking efficient use of space, It offers steel double cots that provide comfortable sleeping arrangements for shared bedrooms or guest rooms. These cots are designed with durability and functionality in mind, accommodating standard double mattresses with ease. The steel frames are engineered to withstand daily use, ensuring stability and support throughout the night. Optional features such as integrated storage solutions or adjustable headboards enhance versatility and customization options according to individual preferences.\n\nTitan Steel Cot Single stands out in the market not only for its sturdy construction and aesthetic design but also for its commitment to customer satisfaction. Each bed frame undergoes rigorous quality checks to ensure superior craftsmanship and performance. Customization options allow customers to personalize their choices with different finishes, upholstery selections, and additional features, ensuring that every piece of furniture aligns perfectly with their unique style and functional requirements.\n\nIn summary, Titan Steel Cot Single offers a comprehensive range of bed room furniture, including metal king sized beds, metal queen sized beds, and steel double cots. Their dedication to durability, comfort, and aesthetic appeal makes them a preferred choice for discerning homeowners and interior designers alike. Whether furnishing a master bedroom, guest room, or any other living space, Titan Steel Cot Single provides reliable and stylish solutions that enhance the comfort and functionality of the bedroom environment.",17200.00,12203.00,50,0.0,0,,,,Delivery Charges Applicable,"[""metal-cots"",""bed-room"",""best-offer""]",2026-03-16 20:35:17.911626+00,false,true,17200.00,12,Standard,0.00,,0,0,,false,true,30,,true,[],jf-5525,,,,,1
943,Mira Steel Cot,mira-steel-cot,118,34,"Mira Steel Cot Single specializes in crafting high-quality bed room furniture, focusing on metal beds including king sized, queen sized, and steel single cots. Each piece is designed with a blend of durability, functionality, and aesthetic appeal to enhance the comfort and style of any bedroom.\n\nThe metal king sized beds offered by Mira Steel Cot Single are designed to provide spacious and sturdy sleeping solutions. Constructed from robust steel, these beds offer exceptional support for larger mattresses, ensuring stability and longevity. The frames are meticulously engineered with reinforced slats and strong joints to prevent sagging and ensure a comfortable sleep experience. It offers a variety of design options, from sleek contemporary styles to more traditional finishes, catering to diverse tastes and interior décor preferences.\n\nSimilarly, Mira Steel Cot Single's metal queen sized beds combine elegance with practicality. These beds are designed to maximize sleeping space while maintaining a compact footprint, making them ideal for smaller bedrooms or guest rooms. The steel frames provide reliable support for standard queen mattresses, ensuring a restful night's sleep without compromise. With clean lines and versatile designs, the queen sized beds from Mira Steel Cot Single complement various bedroom aesthetics, adding a touch of sophistication to any setting.\n\nFor those in need of space-saving solutions, It offers steel single cots that are both functional and stylish. These cots are perfect for children's rooms, dormitories, or guest accommodations, providing a comfortable and durable sleeping option in a compact size. The steel frames are designed to withstand daily use, offering stability and support for single mattresses. Optional features such as integrated storage drawers or adjustable headboards provide additional convenience and customization options to suit individual preferences.\n\nMira Steel Cot Single is committed to delivering furniture that meets stringent quality standards and exceeds customer expectations. Each bed frame undergoes thorough quality checks to ensure superior craftsmanship and durability. Customization options allow customers to personalize their choices with different finishes, upholstery options, and additional features, ensuring that each piece of furniture seamlessly integrates into the desired bedroom décor while meeting functional requirements.\n\nIn summary, Mira Steel Cot Single offers a diverse range of bed room furniture, including metal king sized beds, metal queen sized beds, and steel single cots. Their emphasis on quality craftsmanship, durability, and aesthetic appeal makes them a preferred choice for homeowners and designers alike. Whether furnishing a master bedroom, guest room, or any other living space, Mira Steel Cot Single provides versatile and stylish solutions that enhance the comfort and functionality of the bedroom environment.",10400.00,7373.00,50,0.0,0,,,,Delivery Charges Applicable,"[""metal-cots"",""bed-room"",""best-offer""]",2026-03-16 20:35:21.490001+00,false,true,10400.00,12,Standard,0.00,,0,0,,false,true,30,,true,[],jf-5755,,,,,1
944,Chelmsford Steel Cot Single,chelmsford-steel-cot-single,118,34,"Chelmsford Steel Cot Single specializes in crafting high-quality bed room furniture, focusing on metal beds including king sized, queen sized, and double cots. Designed for durability and style, Chelmsford Steel Cot Single offers a range of options to suit various preferences and room sizes.\n\nThe metal beds from Chelmsford Steel Cot Single are built with a strong emphasis on durability and comfort. Their king sized beds are designed to accommodate large mattresses, providing ample space for individuals or couples to sleep comfortably. Constructed from robust steel, these frames ensure stability and support, with features like reinforced slats to prevent mattress sagging over time. The design options cater to different tastes, from modern minimalism to more traditional styles, and the finishes range from sleek matte black to elegant brushed steel, ensuring compatibility with diverse bedroom décors.\n\nEqually impressive are Chelmsford Steel Cot Single's metal queen sized beds, which offer a balance of functionality and aesthetic appeal. These beds are ideal for smaller spaces where maximizing floor area is essential without compromising on sleeping comfort. The frames are crafted from durable steel, designed to support standard queen mattresses securely. With clean lines and sophisticated designs, these beds complement any bedroom setting, whether contemporary or classic.\n\nFor those needing versatile sleeping solutions, Chelmsford Steel Cot Single provides metal double cots that combine practicality with durability. Perfect for guest rooms or shared bedrooms, these cots offer a compact yet comfortable sleeping arrangement. The steel frames are engineered to withstand regular use while accommodating standard double mattresses with ease. Optional features like integrated storage or adjustable headboards provide added convenience and customization options to suit individual needs.\n\nChelmsford Steel Cot Single prides itself on delivering furniture that not only meets high standards of craftsmanship but also prioritizes customer satisfaction. Each bed frame undergoes rigorous quality checks to ensure superior performance and longevity. Customization options allow customers to personalize their choices, whether in terms of finish, upholstery, or additional features, ensuring that each piece aligns perfectly with the aesthetic preferences and functional requirements of their space.\n\nIn summary, Chelmsford Steel Cot Single stands out in the realm of bed room furniture with its range of metal beds including king sized, queen sized, and double cots. Their commitment to durability, comfort, and aesthetic appeal makes them a preferred choice for homeowners seeking stylish and reliable furniture solutions. Whether furnishing a master bedroom, guest room, or any other living space, Chelmsford Steel Cot Single offers versatile designs that enhance both the functionality and visual appeal of the bedroom environment.",11400.00,8500.00,50,0.0,0,,,,Delivery Charges Applicable,"[""metal-cots"",""bed-room"",""best-offer""]",2026-03-16 20:35:24.567935+00,false,true,11400.00,12,Standard,0.00,,0,0,,false,true,30,,true,[],,,,,,1
945,Solar Steel Cot,solar-steel-cot,118,34,"Solar Steel Cot is a leading provider of high-quality bed room furniture, specializing in metal king sized beds, metal queen sized beds, and metal double cots. Renowned for their durable construction and stylish designs, Solar Steel Cot's products are crafted to elevate the comfort and aesthetic appeal of any bedroom.\n\nThe metal king sized beds offered by Solar Steel Cot are designed with a focus on durability and luxury. Constructed from premium-grade steel, these beds provide robust support for larger mattresses, ensuring stability and longevity. The frames are engineered to distribute weight evenly, preventing sagging and ensuring a restful sleep experience. Solar Steel Cot pays meticulous attention to detail, incorporating features such as reinforced slats and sturdy joints to enhance structural integrity. Available in a range of finishes including sleek matte black and contemporary brushed steel, their king sized beds complement various interior styles, from modern minimalist to classic elegance.\n\nSolar Steel Cot's metal queen sized beds combine practicality with sophistication. These beds are designed to maximize sleeping space while maintaining a compact footprint, making them ideal for smaller bedrooms or guest rooms. The frames feature clean lines and timeless designs that add a touch of elegance to any setting. Constructed from high-quality steel, the queen sized beds offer exceptional durability and reliability. It ensures that each bed frame is crafted to accommodate standard queen mattresses comfortably, providing a supportive and comfortable sleep surface for users.\n\nFor customers seeking versatile and space-saving solutions, Solar Steel Cot offers metal double cots that are both functional and stylish. These beds are perfect for shared bedrooms or guest accommodations, providing a comfortable sleeping area without compromising on design or durability. The steel frames are engineered for stability and strength, accommodating standard double mattresses with ease. Solar Steel Cot's double cots may include features such as integrated storage options or adjustable headboards, catering to diverse needs and preferences.\n\nSolar Steel Cot sets itself apart in the bed room furniture market not only through superior craftsmanship but also through a commitment to customer satisfaction. Each piece undergoes rigorous quality checks to ensure it meets the brand's high standards of excellence. It also offers customization options, allowing customers to personalize their bed frames with choices in finish, upholstery, and additional features. This dedication to customization ensures that every bed from Solar Steel Cot is uniquely suited to the individual style and preferences of its owner.\n\nIn conclusion, Solar Steel Cot is a trusted name in bed room furniture, offering a range of metal beds including king sized beds, queen sized beds, and double cots. Their emphasis on durability, functionality, and aesthetic appeal makes them a preferred choice for homeowners and designers alike. Whether furnishing a master bedroom, guest room, or any other living space, Solar Steel Cot provides innovative designs that seamlessly blend comfort, quality, and style.",17500.00,12203.00,50,0.0,0,,,,Delivery Charges Applicable,"[""metal-cots"",""bed-room"",""best-offer""]",2026-03-16 20:35:28.555104+00,false,true,17500.00,12,Standard,0.00,,0,0,,false,true,30,,true,[],jf-5900,,,,,1
946,Luminous Steel Cot,luminous-steel-cot,118,34,"Luminous Steel Cot is a distinguished brand specializing in the creation of exquisite bedroom furniture, particularly renowned for their metal king-sized beds, metal queen-sized beds, and steel cots with storage options. Their commitment to quality craftsmanship and innovative design ensures that each piece not only enhances the aesthetics of the bedroom but also provides practical functionality.\n\nAt the heart of Luminous Steel Cot's offerings are their metal king-sized beds, which are crafted to be both robust and elegant. These beds are designed to accommodate large mattresses comfortably, providing ample space for individuals or couples to rest and relax. The frames are constructed using high-quality steel, known for its strength and durability, ensuring long-lasting support. Luminous Steel Cot pays meticulous attention to detail, incorporating features such as sturdy slats and reinforced joints to prevent sagging and ensure stability over time. The sleek and contemporary designs of their king-sized beds add a touch of sophistication to any bedroom décor, making them a preferred choice for those seeking both style and substance.\n\nFor those looking for a slightly smaller option, Luminous Steel Cot offers metal queen-sized beds that embody the same dedication to craftsmanship and durability. These beds are designed with comfort in mind, featuring ergonomic support systems that promote a restful sleep experience. The frames are available in various finishes, from classic matte black to modern brushed steel, allowing customers to choose a design that complements their personal taste and bedroom aesthetics perfectly. The queen-sized beds from Luminous Steel Cot are versatile pieces that blend seamlessly into any bedroom setting, whether contemporary or traditional.\n\nOne of the standout features of Luminous Steel Cot's product line is their steel cots with storage options. These innovative designs combine the functionality of a comfortable sleeping surface with the practicality of integrated storage solutions. Perfect for optimizing space in smaller bedrooms or guest rooms, these cots feature built-in drawers or shelves beneath the mattress platform. This clever use of space allows users to store bedding, clothing, or other essentials conveniently, minimizing clutter and maximizing room organization. Luminous Steel Cot ensures that even their storage cots maintain the same high standards of construction and aesthetic appeal as their other products, ensuring a cohesive look throughout the bedroom.\n\nIn addition to their commitment to quality materials and craftsmanship, Luminous Steel Cot places a strong emphasis on customer satisfaction. They offer customizable options for their bed frames, allowing customers to select from a range of finishes and additional features to suit their specific preferences. Whether it's choosing a headboard design, adjusting the height of the bed frame, or opting for unique storage configurations, Luminous Steel Cot ensures that each piece of furniture is tailored to meet the individual needs and tastes of their clientele.\n\nIn conclusion, Luminous Steel Cot is a trusted name in the realm of bedroom furniture, celebrated for their metal king-sized beds, metal queen-sized beds, and steel cots with innovative storage solutions. Their dedication to craftsmanship, combined with thoughtful design and customizable options, ensures that every piece not only enhances the functionality of the bedroom but also elevates its aesthetic appeal. Whether you're furnishing a master bedroom, guest room, or any other living space, Luminous Steel Cot offers timeless furniture solutions that embody quality, comfort, and style.",31600.00,22373.00,50,0.0,0,,,,Delivery Charges Applicable,"[""metal-cots"",""bed-room"",""best-offer""]",2026-03-16 20:35:32.233215+00,false,true,31600.00,12,Standard,0.00,,0,0,,false,true,30,,true,[],jf-5909,,,,,1
947,Valley Steel Cot,valley-steel-cot,118,34,"Valley Steel Cot specializes in crafting high-quality metal bed frames, catering specifically to bedroom furniture needs. Their range includes sturdy options like metal king-sized beds, metal queen-sized beds, and steel double cots, designed to provide both durability and aesthetic appeal for modern living spaces.\n\nThe hallmark of Valley Steel Cot's products lies in their robust construction using premium-grade steel. Each bed frame is meticulously engineered to offer maximum support and comfort, ensuring a restful sleep experience for users. Whether it's the expansive dimensions of a king-sized bed, the elegance of a queen-sized frame, or the practicality of a double cot, Valley Steel Cot prides itself on delivering furniture that combines functionality with style.\n\nFor those seeking a spacious sleep surface, Valley Steel Cot's metal king-sized beds are a popular choice. These beds are designed to accommodate larger mattresses comfortably, providing ample space for individuals or couples to stretch out and relax. The frames are reinforced with strong steel slats that prevent mattress sagging and ensure long-term stability. The aesthetic appeal of these beds is enhanced by their sleek, minimalist designs, making them versatile enough to complement a variety of bedroom décor themes.\n\nSimilarly, Valley Steel Cot offers metal queen-sized beds that strike a balance between space efficiency and comfort. These frames are crafted with the same attention to detail as their king-sized counterparts, featuring sturdy steel construction and reliable support systems. The queen-sized beds are ideal for smaller bedrooms where space optimization is key, without compromising on sleeping comfort or visual appeal.\n\nFor customers looking for practical solutions in compact spaces, Valley Steel Cot's steel double cots are an excellent choice. These beds are designed with functionality in mind, providing a comfortable sleeping area while conserving floor space. The frames are lightweight yet durable, making them easy to move and assemble as needed. The double cots are crafted to accommodate standard double mattresses, ensuring a snug fit and reliable support throughout the night.\n\nBeyond their structural integrity, Valley Steel Cot prioritizes customer satisfaction by offering customizable options and attentive service. Each bed frame can be tailored to meet specific preferences, whether in terms of color finishes or additional features like storage drawers or headboard designs. This commitment to customization ensures that every piece of furniture aligns perfectly with the customer's vision for their bedroom.\n\nIn terms of aesthetics, Valley Steel Cot's designs range from classic to contemporary, catering to diverse tastes and interior styles. Their metal bed frames are available in a variety of finishes, including matte black, brushed steel, and antique bronze, allowing customers to coordinate their bedroom furniture seamlessly. The clean lines and timeless appeal of their designs make Valley Steel Cot's products a popular choice among homeowners, interior designers, and hospitality professionals alike.\n\nIn conclusion, Valley Steel Cot stands out in the market for bedroom furniture with its range of metal bed frames, including king-sized beds, queen-sized beds, and double cots crafted from high-quality steel. Combining durability, comfort, and aesthetic appeal, their products are designed to enhance any bedroom space with style and functionality. Whether you're looking to furnish a master bedroom, guest room, or rental property, Valley Steel Cot offers reliable solutions that prioritize quality craftsmanship and customer satisfaction.",14400.00,12000.00,50,0.0,0,,,,Delivery Charges Applicable,"[""metal-cots"",""bed-room"",""best-offer""]",2026-03-16 20:35:35.82031+00,false,true,14400.00,12,Standard,0.00,,0,0,,false,true,30,,true,[],,,,,,1
948,Brick Wooden Cot,brick-wooden-cot,118,34,"The Brick Wooden Cot epitomizes elegance and functionality in living room furniture. Crafted from premium wood, it's available in king, queen, and double sizes, offering ample comfort and support for a restful sleep. Its robust construction ensures durability, while the natural wood finish adds a touch of sophistication to any space.\n\nDesigned to blend seamlessly with various decor styles, It enhances the aesthetic appeal of your living room. Its sturdy frame provides stability and reliability, making it a practical choice for everyday use. Whether you opt for the king, queen, or double size, each variant promises a comfortable sleeping experience, ensuring you wake up refreshed and rejuvenated.\n\nIn addition to its comfort and style, It is also versatile. During the day, it serves as a charming piece of furniture for lounging or socializing with guests. At night, it transforms into a cozy retreat, offering the perfect spot to unwind and relax. The availability of different sizes ensures that you can choose the one that best fits your space and sleeping preferences.\n\nFurthermore, the Brick Wooden Cot is easy to maintain, requiring simple care to preserve its beauty and functionality. Regular cleaning and occasional polishing will help extend its lifespan, ensuring it remains a focal point in your living room for years to come.\n\nOverall, the Brick Wooden Cot stands out as a versatile and stylish addition to any living room. Whether you prefer the spaciousness of a king size, the comfort of a queen size, or the functionality of a double size, this cot is sure to enhance both the aesthetics and functionality of your home.",46000.00,37000.00,50,0.0,0,,,,Delivery Charges Applicable,"[""wooden-beds"",""bed-room"",""best-offer""]",2026-03-16 20:35:39.599285+00,false,true,46000.00,12,Standard,0.00,,0,0,,false,true,30,,true,[],,,,,,1
949,Westminstern Double Cot,westminstern-double-cot,118,34,"&nbsp;\n\nThe Westminstern Double Cot combines elegance with functionality, designed to enhance any living room with its spacious and versatile features. Crafted from high-quality wood, it comes in both king and queen sizes, offering ample sleeping space while doubling as a storage solution.\n\n**Design and Construction**: Made from sturdy wood, the Westminstern Double Cot is built to withstand daily use while maintaining its aesthetic appeal. The frame is designed to support both king and queen-sized mattresses comfortably, ensuring a restful night's sleep. Its elegant design adds a touch of sophistication to any living room, blending seamlessly with various décor styles.\n\n**Storage Features**: The integrated storage compartments underneath the cot provide ample space for storing extra bedding, pillows, or other essentials. This feature not only maximizes floor space but also enhances organization and functionality in the living room.\n\n**Versatility**: As a piece of living room furniture, It serves a dual purpose. During the day, it can be used as a stylish seating area for guests or family gatherings. At night, it effortlessly transforms into a comfortable bed, accommodating overnight guests with ease.\n\n**Comfort and Support**: The slatted base of the Westminstern Double Cot ensures optimal support and ventilation for the mattress, promoting a comfortable sleeping environment. Whether used as a king or queen bed, it offers a supportive surface for a relaxing night's sleep.\n\n**Aesthetic Appeal**: With its classic wooden finish and sleek design, It adds a timeless charm to the living room. The natural beauty of the wood complements various décor themes, from traditional to contemporary, making it a versatile choice for any home.\n\n**Maintenance**: Maintaining the Westminstern Double Cot is straightforward, requiring occasional dusting and wood polishing to preserve its beauty and durability. The robust construction ensures long-lasting performance, providing years of comfort and functionality.\n\n**Conclusion**: The Westminstern Double Cot is not only a practical addition to the living room but also a stylish piece of furniture that enhances the overall décor. Its combination of storage capability, comfort, and aesthetic appeal makes it an ideal choice for homeowners looking to optimize their living space without compromising on style or functionality.",37200.00,31000.00,50,0.0,0,,,,Delivery Charges Applicable,"[""wooden-beds"",""bed-room"",""best-offer""]",2026-03-16 20:35:42.899014+00,false,true,37200.00,12,Standard,0.00,,0,0,,false,true,30,,true,[],,,,,,1
950,Wakefield Cot,wakefield-cot,118,34,"The Wakefield cot combines classic elegance with practical functionality, making it a versatile addition to any living room. Available in king, queen, and double sizes, this wooden cot exudes charm and durability.\n\n**Versatility and Functionality**: The Wakefield cot serves as more than just a bed; it enhances the living room's ambiance with its wooden frame and classic design. It's available in king, queen, and double sizes, catering to various needs and room sizes. This versatility ensures it fits seamlessly into any home's decor, whether modern or traditional.\n\n**Design and Craftsmanship**: Crafted from high-quality wood, the Wakefield cot boasts a sturdy construction that ensures durability and reliability. The wooden frame provides robust support, making it ideal for both sleeping and lounging. The elegant design adds a touch of sophistication to the living room, enhancing its aesthetic appeal.\n\n**Comfort and Support**: Whether used as a king, queen, or double bed, It ensures a comfortable sleeping experience. The wooden slats offer excellent support for mattresses, promoting restful sleep night after night. Its ergonomic design ensures proper spinal alignment and comfort, making it an excellent choice for relaxation.\n\n**Space-Saving Solution**: Perfect for maximizing space in smaller living rooms, It offers a dual-purpose design. During the day, it functions as a stylish sofa or seating area, providing comfort and elegance. At night, it effortlessly transforms into a cozy bed, accommodating guests or family members with ease.\n\n**Ease of Maintenance**: Maintaining the Wakefield cot is simple due to its durable wooden construction. Regular dusting and occasional polishing will help preserve its natural beauty and extend its lifespan. The robust build ensures it withstands daily use and remains a focal point in the living room for years to come.\n\n**Practicality and Longevity**: Designed with practicality and longevity in mind, the Wakefield cot combines style with functionality. Its sturdy wooden frame and timeless design ensure it remains a staple piece of furniture in the living room. Whether used for daily lounging or occasional sleeping, it offers comfort, support, and durability.\n\n**Conclusion**: In conclusion, the Wakefield cot is a versatile and elegant choice for enhancing the living room's decor. Available in king, queen, and double sizes, its blend of classic design, durability, and functionality makes it a valuable addition to any home. Whether you need extra seating during the day or a comfortable bed at night, the Wakefield cot delivers on both style and practicality.",28200.00,23500.00,50,0.0,0,,,,Delivery Charges Applicable,"[""wooden-beds"",""bed-room"",""best-offer""]",2026-03-16 20:35:46.056677+00,false,true,28200.00,12,Standard,0.00,,0,0,,false,true,30,,true,[],,,,,,1
951,Sunderland Cot,sunderland-cot,118,34,"The Sunderland cot is a pinnacle of versatility and elegance in living room furniture, available in king, queen, and double bed sizes to suit various space and comfort needs. Crafted from high-quality wood, it seamlessly integrates into any decor style, whether modern or traditional.\n\n**Versatility and Functionality**: It cot serves a dual purpose as a comfortable sofa by day and a cozy bed by night. This flexibility makes it ideal for both relaxing during the day and accommodating overnight guests effortlessly.\n\n**Design and Construction**: Made from sturdy wood materials, It boasts a robust frame that ensures stability and durability. Its wooden slats provide reliable support for mattresses, ensuring a restful sleep experience for users.\n\n**Space-Saving Solution**: Perfect for smaller living spaces or multifunctional rooms, It optimizes space usage without compromising on style or comfort. It allows you to make the most of your living room area by providing both seating and sleeping options in one piece of furniture.\n\n**Aesthetic Appeal**: With its timeless wooden design, It enhances the aesthetic appeal of any living room. The natural grain and finish of the wood add warmth and sophistication to the space, creating a welcoming atmosphere for family and guests alike.\n\n**Ease of Maintenance**: Maintaining the Sunderland cot is hassle-free due to its durable construction and easy-to-clean surfaces. Regular dusting and occasional polishing will help preserve its natural beauty and extend its lifespan, ensuring it remains a cherished piece of furniture for years to come.\n\n**Customization Options**: Available in king, queen, and double sized, It offers flexibility to match your specific needs and preferences. Whether you need ample space for yourself or want to accommodate guests comfortably, there's a size option that fits your requirements perfectly.\n\n**Practicality and Longevity**: Designed with practicality and longevity in mind, the Sunderland cot is built to withstand daily use and retain its quality over time. Its sturdy build and high-quality craftsmanship ensure it remains a reliable and stylish centerpiece in your living room for years to come.\n\n**Conclusion**: In conclusion, the Sunderland cot is a versatile and stylish choice for any living room, combining functionality with timeless design. Whether used as a sofa or a bed, its quality construction and aesthetic appeal make it a valuable addition to your home furniture collection. Perfect for everyday living and accommodating guests, the Sunderland cot offers comfort, style, and practicality in equal measure.",28200.00,23500.00,50,0.0,0,,,,Delivery Charges Applicable,"[""wooden-beds"",""bed-room"",""best-offer""]",2026-03-16 20:35:49.702302+00,false,true,28200.00,12,Standard,0.00,,0,0,,false,true,30,,true,[],,,,,,1
952,Truro Cot,truro-cot,118,34,"Truro cot combines elegance and functionality as a centerpiece in your living room furniture collection. Crafted from high-quality wood, it offers versatility with options for king, queen, or double bed sizes, catering to various spatial needs and preferences.\n\n**Versatility and Style**: The Truro cot seamlessly transitions from a stylish sofa during the day to a comfortable wooden bed at night, offering flexibility in how you use your living space. Its wooden frame enhances the aesthetic appeal of any room while providing sturdy support for both seating and sleeping.\n\n**Comfort and Support**: Designed with comfort in mind, It features a robust wooden structure that ensures stability and durability. Whether you opt for the king, queen, or double size, the wooden slats or platform provide excellent support for your mattress, ensuring a restful night's sleep.\n\n**Quality Craftsmanship**: Crafted from premium wood materials, It promises longevity and resilience. Its timeless design and easy assembly make it a practical choice for any home.\n\n**Space Optimization**: Ideal for smaller living areas or multi-functional rooms, the Truro cot maximizes space utilization with its dual-purpose functionality. It serves as a comfortable seating option for everyday use and quickly transforms into a sleeping area when needed.\n\n**Ease of Maintenance**: The Truro cot is designed for convenience with minimal maintenance required. Its sturdy construction and high-quality finish ensure it remains a stylish and functional piece of furniture in your home for years to come.\n\n**Conclusion**: The Truro cot is an excellent choice for those looking to combine style, comfort, and practicality in their living room furniture. Whether used as a sofa or a bed, its versatile design and durable construction make it a standout addition to any living space, providing both aesthetic appeal and functional benefits.",26400.00,22500.00,50,0.0,0,,,,Delivery Charges Applicable,"[""wooden-beds"",""bed-room"",""best-offer""]",2026-03-16 20:35:52.607868+00,false,true,26400.00,12,Standard,0.00,,0,0,,false,true,30,,true,[],,,,,,1
953,Swansea Cot,swansea-cot,118,34,"The Swansea cot represents a blend of functionality, elegance, and practicality in living room furniture, offering versatility and ample storage in a stylish wooden design.\n\n**Versatility and Functionality**: The Swansea cot is a versatile piece of living room furniture that serves multiple purposes. By day, it functions as a comfortable sofa, perfect for lounging and entertaining guests. By night, it effortlessly transforms into a spacious wooden bed, available in king size, queen size, or double size configurations. This dual functionality makes it an ideal choice for homes that require flexible living spaces without compromising on comfort or style.\n\n**Stylish Design**: Crafted from high-quality wood, the Swansea cot features an elegant and timeless design that enhances the aesthetic appeal of any living room. The wooden frame not only adds a touch of sophistication but also ensures durability and longevity, making it a practical investment for your home.\n\n**Storage Solutions**: One of the standout features of the Swansea cot is its integrated storage capabilities. Beneath the bed frame, you'll find ample storage space that's perfect for stowing away bedding, pillows, and other essentials. This built-in storage solution helps to keep your living space organized and clutter-free, maximizing the use of available space in smaller rooms or apartments.\n\n**Comfortable Sleeping Experience**: Whether you choose the king, queen, or double size option, It provides a comfortable sleeping experience. The sturdy wooden slats or platform provide excellent support for your mattress, ensuring a restful night's sleep every time.\n\n**Practicality and Durability**: Designed with practicality in mind, It is easy to assemble and maintain. Its robust construction and high-quality materials ensure long-lasting durability, making it suitable for everyday use in busy households.\n\n**Conclusion**: In conclusion, the Swansea cot is a versatile and stylish addition to any living room furniture collection. With its ability to transform from a sofa to a bed and its integrated storage solutions, it offers both functionality and aesthetic appeal. Whether you need extra sleeping space for guests or simply want to optimize your living space, the Swansea cot delivers on all fronts, making it a valuable investment for your home.",43200.00,36000.00,50,0.0,0,,,,Delivery Charges Applicable,"[""wooden-beds"",""bed-room"",""best-offer""]",2026-03-16 20:35:55.991343+00,false,true,43200.00,12,Standard,0.00,,0,0,,false,true,30,,true,[],,,,,,1
954,Stoke-on-Tren Cot,stoke-on-tren-cot,118,34,"Stoke-on-Tren, a city steeped in industrial history and known for its pottery, doesn't have a specific furniture style or cot associated with its name. If you're looking for a description of a wooden cot or bed frame suitable for living rooms, I can certainly help with that. Here's a generic description based on your keywords:\n\n---\n\nThe Stoke-on-Tren wooden cot epitomizes versatility and elegance in living room furniture. Crafted from high-quality wood, it seamlessly transitions between a stylish sofa during the day to a comfortable wooden bed by night, available in king-sized, queen-sized, or single configurations.\n\n**Versatility and Style**: The design of this cot ensures it complements various living room decors, enhancing the aesthetic appeal of any space. Its wooden frame provides a sturdy foundation, promising durability and support for daily use.\n\n**Practicality**: Ideal for both everyday use and accommodating guests, It offers ample sleeping space without compromising on comfort. Its conversion mechanism is user-friendly, making it easy to transform from a sofa to a bed and back.\n\n**Space-saving**: In smaller living areas, maximizing space is crucial. The Stoke-on-Tren cot's ability to function as both seating and a bed makes it a practical choice for optimizing living space while maintaining functionality.\n\n**Quality Construction**: Crafted from premium wood materials, It ensures longevity and resilience. The wooden slats or platform provide robust support for the mattress, ensuring a restful night's sleep.\n\n**Easy Assembly and Maintenance**: Setting up the Stoke-on-Tren cot is straightforward, with clear instructions provided. Its low-maintenance design ensures hassle-free upkeep, allowing it to remain a reliable piece of furniture in the home for years to come.\n\n**Conclusion**: The Stoke-on-Tren cot combines elegance, functionality, and durability, making it an excellent addition to any living room. Whether used for everyday seating or accommodating guests, its versatility and quality craftsmanship ensure it stands out as a practical and stylish choice in modern homes.",34600.00,27500.00,50,0.0,0,,,,Delivery Charges Applicable,"[""wooden-beds"",""bed-room"",""best-offer""]",2026-03-16 20:35:59.287964+00,false,true,34600.00,12,Standard,0.00,,0,0,,false,true,30,,true,[],,,,,,1
955,Stirling Cot,stirling-cot,118,34,"The Stirling cot exemplifies elegance and practicality in living room furniture, crafted from high-quality wood to offer both comfort and durability.\n\n**Versatility and Functionality:**\nThe Stirling cot serves dual purposes, functioning as a stylish sofa during the day and converting seamlessly into a comfortable wooden king-sized, queen-sized, or single bed at night. This versatility makes it an excellent choice for accommodating guests or providing additional sleeping space in smaller living areas.\n\n**Stylish Design:**\nCrafted with attention to detail, It features a timeless wooden frame that enhances the aesthetic appeal of any living room. Its sleek lines and smooth finish add a touch of sophistication to the room's decor, blending seamlessly with various interior styles.\n\n**Comfortable Sleeping Solution:**\nEquipped with a sturdy mattress foundation, It ensures a restful night's sleep. Whether used as a single cot or extended into a larger bed, the wooden slats or platform provide reliable support and comfort, catering to different sleeping preferences.\n\n**Space-saving Solution:**\nIdeal for optimizing space in compact living rooms, It maximizes floor space with its dual functionality. By transforming from a sofa to a bed, it offers versatility without compromising on comfort or usability, making it suitable for both everyday use and occasional guests.\n\n**Quality and Durability:**\nConstructed from premium wood materials, the Stirling cot guarantees durability and longevity. Its solid wooden structure withstands daily wear and tear, maintaining its structural integrity and aesthetic appeal over time. Easy-to-clean surfaces ensure hassle-free maintenance, contributing to its practicality in busy households.\n\n**Assembly and Maintenance:**\nSetting up the Stirling cot is straightforward with clear assembly instructions provided. Its user-friendly design allows for easy maintenance, ensuring it remains a functional and attractive piece of furniture in the home.\n\n**Conclusion:**\nIn conclusion, the Stirling cot combines functionality, comfort, and style in one versatile piece of living room furniture. Whether used for seating or sleeping, its elegant design and space-saving features make it an excellent addition to modern homes seeking practicality and sophistication in their living spaces.",28200.00,23500.00,50,0.0,0,,,,Delivery Charges Applicable,"[""wooden-beds"",""bed-room"",""best-offer""]",2026-03-16 20:36:02.512379+00,false,true,28200.00,12,Standard,0.00,,0,0,,false,true,30,,true,[],,,,,,1
956,Southampton Single Cot,southampton-single-cot,118,34,"The Southampton Single cot blends functionality and style in living room furniture, featuring a sturdy wooden frame with integrated storage for optimal space utilization.\n\n**Versatile Design:**\nDesigned to serve as a practical seating option during the day and a comfortable wooden single bed with storage at night, the Southampton cot caters to both relaxation and storage needs in living rooms.\n\n**Storage Efficiency:**\nEquipped with built-in storage compartments beneath the bed frame, It maximizes storage space without compromising on aesthetics. This feature allows for convenient organization of blankets, pillows, or other essentials, making it ideal for compact living areas.\n\n**Sturdy Construction:**\nCrafted from high-quality wood materials, the Southampton Single cot ensures durability and longevity. Its solid frame provides robust support, ensuring a stable seating and sleeping experience for everyday use.\n\n**Comfortable Sleeping Area:**\nFeaturing a reliable mattress foundation, the Southampton Single cot offers a comfortable sleeping surface. Whether used as a single bed or extended into a larger sleeping area, the wooden slats or platform ensure adequate support for a restful night's sleep.\n\n**Space-saving Solution:**\nIdeal for optimizing space in smaller living rooms, the Southampton cot's dual functionality as a sofa and bed makes it a versatile addition. It accommodates guests comfortably while maintaining an organized living environment.\n\n**Aesthetic Appeal:**\nThe Southampton cot's sleek design and smooth finish enhance the visual appeal of any living room. Its timeless appearance complements various interior styles, from modern to traditional, adding a touch of elegance to the room's decor.\n\n**Easy Assembly and Maintenance:**\nSetting up the Southampton cot is straightforward with clear assembly instructions provided. Its low-maintenance design facilitates easy cleaning and upkeep, ensuring it remains a practical and attractive piece of furniture over time.\n\n**Conclusion:**\nIn conclusion, the Southampton Single cot combines functionality, storage efficiency, and aesthetic appeal in one versatile piece of living room furniture. Whether used for seating, sleeping, or storage, its practical design makes it an excellent choice for modern homes seeking versatility and organization in their living spaces.",25200.00,19500.00,50,0.0,0,,,,Delivery Charges Applicable,"[""wooden-beds"",""bed-room"",""best-offer""]",2026-03-16 20:36:05.507813+00,false,true,25200.00,12,Standard,0.00,,0,0,,false,true,30,,true,[],,,,,,1
957,Sheffield Cot,sheffield-cot,118,34,"The Sheffield cot exemplifies elegance and practicality in living room furniture, crafted from high-quality wood to offer both comfort and durability.\n\n**Versatility and Functionality:**\nDesigned to serve dual purposes, the Sheffield cot functions as a stylish sofa by day and converts effortlessly into a comfortable wooden king-sized, queen-sized, or double bed by night. This versatility makes it an excellent choice for accommodating guests or providing additional sleeping space in smaller living areas.\n\n**Stylish Design:**\nCrafted with attention to detail, It features a timeless wooden frame that enhances the aesthetic appeal of any living room. Its sleek lines and smooth finish add a touch of sophistication to the room's decor, blending seamlessly with various interior styles.\n\n**Comfortable Sleeping Solution:**\nEquipped with a sturdy mattress foundation, It ensures a restful night's sleep. Whether used as a single cot or extended into a larger bed, the wooden slats or platform provide reliable support and comfort, catering to different sleeping preferences.\n\n**Space-saving Solution:**\nIdeal for optimizing space in compact living rooms, It maximizes floor space with its dual functionality. By transforming from a sofa to a bed, it offers versatility without compromising on comfort or usability, making it suitable for both everyday use and occasional guests.\n\n**Quality and Durability:**\nConstructed from premium wood materials, the Sheffield cot guarantees durability and longevity. Its solid wooden structure withstands daily wear and tear, maintaining its structural integrity and aesthetic appeal over time. Easy-to-clean surfaces ensure hassle-free maintenance, contributing to its practicality in busy households.\n\n**Assembly and Maintenance:**\nSetting up the Sheffield cot is straightforward with clear assembly instructions provided. Its user-friendly design allows for easy maintenance, ensuring it remains a functional and attractive piece of furniture in the home.\n\n**Conclusion:**\nIn conclusion, the Sheffield cot combines functionality, comfort, and style in one versatile piece of living room furniture. Whether used for seating or sleeping, its elegant design and space-saving features make it an excellent addition to modern homes seeking practicality and sophistication in their living spaces.",39900.00,33250.00,50,0.0,0,,,,Delivery Charges Applicable,"[""wooden-beds"",""bed-room"",""best-offer""]",2026-03-16 20:36:08.78928+00,false,true,39900.00,12,Standard,0.00,,0,0,,false,true,30,,true,[],,,,,,1
958,Salisbury Single Cot,salisbury-single-cot,118,34,"Salisbury Single cot is a versatile piece of living room furniture designed to blend functionality with style. Crafted from high-quality wood, it offers durability and aesthetic appeal suitable for any modern home. Its compact design makes it ideal for optimizing space in smaller living areas while providing a comfortable seating and sleeping option.\n\n**Versatility and Design:**\nThe Salisbury Single cot serves dual purposes as both a stylish sofa and a convenient single bed. Its wooden frame is crafted to withstand daily use, ensuring longevity and stability. The sleek design and smooth finish enhance its overall appeal, making it a focal point in any living room.\n\n**Comfort and Support:**\nEquipped with a sturdy mattress foundation, It offers exceptional comfort whether used for lounging or sleeping. The wooden slats or platform provide adequate support, promoting a restful night's sleep or a relaxing seating experience during the day.\n\n**Space Optimization:**\nDesigned for smaller living spaces, It maximizes floor space with its compact footprint. Its versatility allows for seamless transformation from a sofa to a bed, making it an ideal choice for guest rooms or multi-functional spaces where space is at a premium.\n\n**Quality and Durability:**\nConstructed from premium wood materials, the Salisbury Single cot ensures durability and resilience. The solid wooden structure is resistant to wear and tear, maintaining its aesthetic appeal and functional integrity over time. Easy-to-clean surfaces simplify maintenance, ensuring hassle-free upkeep for everyday use.\n\n**Assembly and Maintenance:**\nSetting up the Salisbury Single cot is straightforward with clear assembly instructions provided. Its minimalist design facilitates easy cleaning and maintenance, enhancing its practicality and longevity in the home.\n\n**Conclusion:**\nIn conclusion, the Salisbury Single cot combines versatility, comfort, and durability to meet the diverse needs of modern living room furniture. Whether used as a sofa or a bed, its stylish design and space-saving features make it a valuable addition to any home seeking functionality without compromising on aesthetics.",13100.00,10920.00,50,0.0,0,,,,Delivery Charges Applicable,"[""wooden-beds"",""bed-room"",""best-offer""]",2026-03-16 20:36:11.95681+00,false,true,13100.00,12,Standard,0.00,,0,0,,false,true,30,,true,[],,,,,,1
959,Nivar Double Cot,nivar-double-cot,118,34,"The Nivar Double cot exemplifies elegance and practicality in living room furniture, crafted with premium wood to enhance both aesthetic appeal and functionality.\n\n**Versatility and Functionality:**\nThe Nivar Double cot seamlessly combines the functionality of a stylish sofa during the day with the comfort of a spacious wooden king-sized, queen-sized, or double bed at night. This versatility makes it ideal for accommodating guests or providing a luxurious sleeping area for family members.\n\n**Stylish Design:**\nCrafted with meticulous attention to detail, It features a sophisticated wooden frame that enhances the ambiance of any living room. Its sleek lines and smooth finish not only elevate its visual appeal but also ensure durability and longevity.\n\n**Comfortable Sleeping Solution:**\nEquipped with a reliable mattress foundation, It offers a restful sleep experience. Whether used as a single cot or extended into a larger bed, the wooden slats or platform provide optimal support and comfort, creating a serene environment for relaxation.\n\n**Space-saving Solution:**\nDesigned to maximize space in smaller living areas, It optimizes floor space with its dual functionality. By seamlessly transitioning from a sofa to a bed, it offers versatile seating and sleeping options without compromising on comfort or usability.\n\n**Quality and Durability:**\nConstructed from high-quality wood materials, the Nivar Double cot ensures robustness and resilience. Its solid wooden frame withstands wear and tear, ensuring long-lasting performance while maintaining its aesthetic appeal over time. Easy-to-clean surfaces facilitate effortless maintenance, enhancing its practicality for everyday use.\n\n**Assembly and Maintenance:**\nSetting up the Nivar Double cot is straightforward with detailed assembly instructions provided. The straightforward design of the wooden frame allows for easy cleaning and upkeep, preserving its beauty and functionality for years to come.\n\n**Conclusion:**\nIn conclusion, the Nivar Double cot combines elegance, comfort, and functionality in one piece of living room furniture. Whether used for lounging or sleeping, its refined design, comfortable features, and space-saving capabilities make it an excellent choice for modern homes seeking versatility and sophistication in their living spaces.",50400.00,42000.00,50,0.0,0,,,,Delivery Charges Applicable,"[""wooden-beds"",""bed-room"",""best-offer""]",2026-03-16 20:36:15.238622+00,false,true,50400.00,12,Standard,0.00,,0,0,,false,true,30,,true,[],,,,,,1
960,Inverness Double Cot,inverness-double-cot,118,34,"The Inverness Double cot is a pinnacle of sophistication and functionality in living room furniture, crafted from premium wood to blend seamlessly with any decor while offering versatile use.\n\n**Versatility and Functionality:**\nDesigned to serve dual purposes, It functions as an elegant sofa during the day and effortlessly converts into a spacious wooden king-sized, queen-sized, or double bed at night. This versatility makes it ideal for accommodating guests or providing a comfortable sleeping area for family members.\n\n**Stylish Design:**\nThe Inverness Double cot features a timeless wooden frame that adds a touch of elegance to any living room. Its smooth finish and sturdy construction not only enhance its aesthetic appeal but also ensure durability and longevity.\n\n**Comfortable Sleeping Solution:**\nEquipped with a reliable mattress foundation, It ensures a restful sleep experience. Whether used as a single cot or extended into a larger bed, the wooden slats or platform provide optimal support and comfort, creating a serene retreat for relaxation.\n\n**Space-saving Solution:**\nPerfect for optimizing space in smaller living areas, It maximizes floor space with its dual functionality. By seamlessly transitioning from a sofa to a bed, it offers versatile seating and sleeping options without compromising on comfort or usability.\n\n**Quality and Durability:**\nCrafted from high-quality wood materials, the Inverness Double cot guarantees robustness and resilience. Its solid wooden frame is resistant to wear and tear, ensuring long-lasting performance while maintaining its aesthetic appeal over time. Easy-to-clean surfaces facilitate effortless maintenance, enhancing its practicality for everyday use.\n\n**Assembly and Maintenance:**\nSetting up the Inverness Double cot is straightforward with comprehensive assembly instructions provided. The wooden frame's straightforward design allows for easy cleaning and upkeep, preserving its beauty and functionality for years to come.\n\n**Conclusion:**\nIn conclusion, the Inverness Double cot combines elegance, comfort, and functionality in a single piece of living room furniture. Whether used for lounging or sleeping, its refined design, comfortable features, and space-saving capabilities make it an excellent choice for modern homes seeking versatility and sophistication in their living spaces.",50400.00,36000.00,50,0.0,0,,,,Delivery Charges Applicable,"[""wooden-beds"",""bed-room"",""best-offer""]",2026-03-16 20:36:18.548201+00,false,true,50400.00,12,Standard,0.00,,0,0,,false,true,30,,true,[],,,,,,1
961,Aizwal Double Cot,aizwal-double-cot,118,34,"The Aizwal Double cot is a testament to elegance and practicality in living room furniture, meticulously crafted from premium wood to enhance both comfort and style.\n\n**Versatility and Functionality:**\nThe Aizwal Double cot serves a dual purpose—it functions as a luxurious sofa during the day and effortlessly converts into a spacious wooden king-sized, queen-sized, or double bed at night. This versatility makes it ideal for accommodating guests or providing a comfortable sleeping area for family members.\n\n**Stylish Design:**\nCrafted with meticulous attention to detail, the Aizwal Double cot features an exquisite wooden frame that enhances the aesthetic appeal of any living room. Its sleek lines, smooth finish, and sturdy construction not only elevate its visual charm but also ensure durability and longevity.\n\n**Comfortable Sleeping Solution:**\nEquipped with a reliable mattress foundation, It cot ensures a restful sleep experience. Whether used as a single cot or extended into a larger bed, the wooden slats or platform provide optimal support and comfort, creating a serene retreat for relaxation.\n\n**Space-saving Solution:**\nDesigned to optimize space in smaller living areas, It maximizes floor space with its dual functionality. By seamlessly transitioning from a sofa to a bed, it offers versatile seating and sleeping options without compromising on comfort or usability.\n\n**Quality and Durability:**\nCrafted from high-quality wood materials, It guarantees robustness and resilience. Its solid wooden frame is resistant to wear and tear, ensuring long-lasting performance while maintaining its aesthetic appeal over time. Easy-to-clean surfaces facilitate effortless maintenance, enhancing its practicality for everyday use.\n\n**Assembly and Maintenance:**\nSetting up the Aizwal Double cot is straightforward with comprehensive assembly instructions provided. The wooden frame's straightforward design allows for easy cleaning and upkeep, preserving its beauty and functionality for years to come.\n\n**Conclusion:**\nIn conclusion, the Aizwal Double cot blends elegance, comfort, and functionality in living room furniture seamlessly. Whether used for lounging or sleeping, its refined design, comfortable features, and space-saving capabilities make it an excellent choice for modern homes seeking versatility and sophistication in their living spaces.",46200.00,34000.00,50,0.0,0,,,,Delivery Charges Applicable,"[""wooden-beds"",""bed-room"",""best-offer""]",2026-03-16 20:36:22.00194+00,false,true,46200.00,12,Standard,0.00,,0,0,,false,true,30,,true,[],,,,,,1
962,Diamond Double Cot,diamond-double-cot,118,34,"The Diamond Double Cot epitomizes luxury and functionality in living room furniture, meticulously crafted from premium wood to elevate both comfort and style.\n\n**Versatility and Functionality:**\nThe Diamond Double Cot serves as a lavish sofa during the day and effortlessly converts into a spacious wooden king-size or queen-size bed at night. This dual-purpose design ensures it's ideal for accommodating guests or providing a comfortable sleeping area for family members, offering versatility without compromising on aesthetic appeal.\n\n**Stylish Design:**\nDesigned with meticulous attention to detail, It features an exquisite wooden frame that enhances the visual appeal of any living room. Its sleek lines, smooth finish, and sturdy construction not only elevate its aesthetic charm but also ensure durability and longevity.\n\n**Comfortable Sleeping Solution:**\nEquipped with a reliable mattress foundation, It guarantees a restful sleep experience. Whether used as a single cot or extended into a larger bed, the wooden slats or platform provide optimal support and comfort, creating a serene retreat for relaxation.\n\n**Space-saving Solution:**\nPerfect for optimizing space in smaller living areas, It maximizes floor space with its dual functionality. By seamlessly transitioning from a sofa to a bed, it offers versatile seating and sleeping options without compromising on comfort or usability.\n\n**Quality and Durability:**\nCrafted from high-quality wood materials, the Diamond Double Cot ensures robustness and resilience. Its solid wooden frame is resistant to wear and tear, guaranteeing long-lasting performance while maintaining its aesthetic appeal over time. Easy-to-clean surfaces facilitate effortless maintenance, enhancing its practicality for everyday use.\n\n**Assembly and Maintenance:**\nSetting up the Diamond Double Cot is straightforward with comprehensive assembly instructions provided. The wooden frame's straightforward design allows for easy cleaning and upkeep, preserving its beauty and functionality for years to come.\n\n**Conclusion:**\nIn conclusion, the Diamond Double Cot embodies a perfect harmony of style, comfort, and functionality in living room furniture. Whether used for lounging or sleeping, its refined design, comfortable features, and space-saving capabilities make it an excellent choice for modern homes seeking versatility and sophistication in their living spaces.",45600.00,38000.00,50,0.0,0,,,,Delivery Charges Applicable,"[""wooden-beds"",""bed-room"",""best-offer""]",2026-03-16 20:36:25.166329+00,false,true,45600.00,12,Standard,0.00,,0,0,,false,true,30,,true,[],,,,,,1
963,Jorden Cot,jorden-cot,118,34,"The Jorden Cot exemplifies elegance and practicality in living room furniture, crafted with precision from high-quality wood to seamlessly integrate comfort and style.\n\n**Versatility and Functionality:**\nThe Jorden Cot serves as a luxurious sofa by day and transforms effortlessly into a spacious wooden king-size, queen-size, or single bed by night. This dual-purpose design makes it perfect for accommodating guests or providing a comfortable sleeping area for family members, ensuring versatility without compromising on aesthetic appeal.\n\n**Stylish Design:**\nDesigned with meticulous attention to detail, It features a sophisticated wooden frame that enhances the visual appeal of any living room. Its sleek lines, smooth finish, and sturdy construction not only elevate its aesthetic charm but also ensure durability and longevity.\n\n**Comfortable Sleeping Solution:**\nEquipped with a reliable mattress foundation, It ensures a restful sleep experience. Whether used as a single cot or extended into a larger bed, the wooden slats or platform provide optimal support and comfort, creating a serene retreat for relaxation.\n\n**Space-saving Solution:**\nIdeal for optimizing space in smaller living areas, It maximizes floor space with its dual functionality. By seamlessly transitioning from a sofa to a bed, it offers versatile seating and sleeping options without compromising on comfort or usability.\n\n**Quality and Durability:**\nCrafted from premium wood materials, It guarantees robustness and resilience. Its solid wooden frame is resistant to wear and tear, ensuring long-lasting performance and maintaining its aesthetic appeal over time. Easy-to-clean surfaces facilitate effortless maintenance, enhancing its practicality for everyday use.\n\n**Assembly and Maintenance:**\nSetting up the Jorden Cot is straightforward with comprehensive assembly instructions provided. The wooden frame's simplicity in design allows for easy cleaning and upkeep, preserving its beauty and functionality for years to come.\n\n**Conclusion:**\nIn conclusion, the Jorden Cot represents a harmonious blend of style, comfort, and functionality in living room furniture. Whether used for lounging or sleeping, its refined design, comfortable features, and space-saving capabilities make it an excellent choice for modern homes seeking versatility and sophistication in their living spaces.",38400.00,32000.00,50,0.0,0,,,,Delivery Charges Applicable,"[""wooden-beds"",""bed-room"",""best-offer""]",2026-03-16 20:36:28.549405+00,false,true,38400.00,12,Standard,0.00,,0,0,,false,true,30,,true,[],,,,,,1
964,F Model Cot,f-model-cot,118,34,"The F Model Cot is a pinnacle of elegance and functionality in living room furniture, offering versatility and comfort in a single piece. Crafted from high-quality wood, it serves as a stylish sofa during the day and transforms seamlessly into a spacious wooden king-size, queen-size, or single bed at night.\n\n**Versatility and Functionality:**\nThe F Model Cot excels in versatility, functioning as both a comfortable sofa and a luxurious bed. This dual-purpose design makes it ideal for accommodating guests or providing a cozy sleeping area for family members, ensuring practicality without compromising on style.\n\n**Stylish Design:**\nCrafted with precision and attention to detail, It features a timeless wooden frame that enhances the aesthetic appeal of any living room. Its sleek lines, smooth finish, and sturdy construction contribute to its elegant appearance while ensuring durability and longevity.\n\n**Comfortable Sleeping Solution:**\nEquipped with a reliable mattress foundation, It ensures a restful sleep experience. Whether used as a single cot or extended into a larger bed, the wooden slats or platform provide ample support and comfort, creating a soothing retreat for relaxation.\n\n**Space-saving Solution:**\nDesigned to optimize space in smaller living areas, It serves as an efficient space-saving solution. By seamlessly transitioning from a sofa to a bed, it maximizes floor space and offers versatile seating and sleeping options without sacrificing comfort or functionality.\n\n**Quality and Durability:**\nConstructed from premium wood materials, It guarantees durability and resilience. Its robust wooden frame is resistant to wear and tear, ensuring long-lasting performance and maintaining its aesthetic appeal over time. Easy-to-maintain surfaces facilitate hassle-free upkeep, enhancing its practicality for everyday use.\n\n**Assembly and Maintenance:**\nSetting up the F Model Cot is straightforward with comprehensive assembly instructions provided. The wooden frame's simplicity in design allows for easy cleaning and maintenance, preserving its beauty and functionality for years to come.\n\n**Conclusion:**\nIn conclusion, the F Model Cot embodies the perfect balance of style, comfort, and functionality in living room furniture. Whether used for lounging or sleeping, its sophisticated design, comfortable features, and space-saving capabilities make it an excellent choice for modern homes seeking versatility and elegance in their living spaces.",43600.00,32500.00,50,0.0,0,,,,Delivery Charges Applicable,"[""wooden-beds"",""bed-room"",""best-offer""]",2026-03-16 20:36:31.936508+00,false,true,43600.00,12,Standard,0.00,,0,0,,false,true,30,,true,[],,,,,,1
965,Zigzag Cot,zigzag-cot,118,34,"The Zigzag wooden cot is a versatile and stylish addition to any living room, offering a seamless blend of functionality and aesthetic appeal. Crafted from high-quality wood, it serves as an exemplary piece of furniture that enhances both the comfort and visual appeal of your living space.\n\n**Versatility and Functionality:**\nThe Zigzag wooden cot serves multiple purposes, functioning as an elegant sofa during the day and transforming effortlessly into a spacious king-sized, queen-sized, or single bed at night. This dual-purpose design makes it perfect for accommodating guests or providing a comfortable sleeping area for family members.\n\n**Stylish Design:**\nDesigned with attention to detail, the Zigzag wooden cot features a modern and geometric patterned wooden frame that complements various interior styles. Its sleek finish, clean lines, and sturdy construction not only enhance the visual appeal but also ensure durability and longevity.\n\n**Comfortable Sleeping Solution:**\nEquipped with a sturdy mattress foundation, the Zigzag wooden cot ensures a restful sleep experience whether used as a single bed or extended into a larger bed. The wooden slats or platform provide stability and comfort, creating a cozy retreat for relaxation.\n\n**Space-saving Solution:**\nIdeal for optimizing space in smaller living rooms or apartments, the Zigzag wooden cot maximizes floor space with its dual functionality. By seamlessly transforming from a sofa into a bed, it offers versatile seating and sleeping options without compromising on comfort or style.\n\n**Quality and Durability:**\nCrafted from premium wood materials, the Zigzag wooden cot is built to withstand daily use. Its solid wooden frame is sturdy and resistant to wear and tear, ensuring years of reliable performance. The durable construction and easy-to-maintain surface make it a practical choice for everyday living.\n\n**Assembly and Maintenance:**\nSetting up the Zigzag wooden cot is straightforward with detailed assembly instructions provided. The wooden frame is easy to clean and maintain, requiring minimal upkeep to preserve its beauty and functionality over time.\n\n**Conclusion:**\nIn conclusion, the Zigzag wooden cot blends style, comfort, and functionality into a single piece of living room furniture. Whether used as a sofa or a bed, its modern design, comfortable features, and space-saving capabilities make it an excellent choice for modern homes seeking versatility and elegance in their living spaces.",46800.00,39000.00,50,0.0,0,,,,Delivery Charges Applicable,"[""wooden-beds"",""bed-room"",""best-offer""]",2026-03-16 20:36:35.11799+00,false,true,46800.00,12,Standard,0.00,,0,0,,false,true,30,,true,[],,,,,,1
966,Tile Diamond Cot,tile-diamond-cot,118,34,"The Tile Diamond Cot exemplifies versatility and elegance in living room furniture, seamlessly blending functionality with timeless design. Crafted from high-quality wood, it serves as a multifunctional piece that enhances both the aesthetic appeal and practicality of your living space.\n\n**Versatility and Functionality:**\nThe Tile Diamond Cot functions as a sophisticated sofa during the day and effortlessly converts into a spacious king-size or queen-size bed at night. This dual-purpose design makes it ideal for accommodating guests or providing a comfortable sleeping area for family members.\n\n**Stylish Design:**\nDesigned with attention to detail, It features a contemporary wooden frame that complements various interior styles. Its sleek finish, geometric patterns, and sturdy construction not only enhance the visual appeal but also ensure durability and longevity.\n\n**Comfortable Sleeping Solution:**\nEquipped with a supportive mattress foundation, It ensures a restful sleep experience whether used as a single cot or extended into a larger bed. The wooden slats or platform provide stability and comfort, creating a cozy retreat for relaxation.\n\n**Space-saving Solution:**\nPerfect for maximizing space in smaller living rooms or apartments, It optimizes floor space with its dual functionality. By seamlessly transforming from a sofa into a bed, it offers versatile seating and sleeping options without compromising on comfort or style.\n\n**Quality and Durability:**\nCrafted from premium wood materials, It is built to withstand daily use. Its solid wooden frame is sturdy and resistant to wear and tear, ensuring years of reliable performance. The durable construction and easy-to-maintain surface make it a practical choice for everyday living.\n\n**Assembly and Maintenance:**\nSetting up the Tile Diamond Cot is straightforward with comprehensive assembly instructions provided. The wooden frame is easy to clean and maintain, requiring minimal upkeep to preserve its beauty and functionality over time.\n\n**Conclusion:**\nIn conclusion, the Tile Diamond Cot combines style, comfort, and functionality in a single piece of living room furniture. Whether used as a sofa or a bed, its elegant design, comfortable features, and space-saving capabilities make it an excellent addition to modern homes seeking versatility and sophistication in their living spaces.",48000.00,40000.00,50,0.0,0,,,,Delivery Charges Applicable,"[""wooden-beds"",""bed-room"",""best-offer""]",2026-03-16 20:36:38.365711+00,false,true,48000.00,12,Standard,0.00,,0,0,,false,true,30,,true,[],,,,,,1
967,Rio Cot,rio-cot,118,34,"The Rio Cot is a sophisticated addition to any living room, seamlessly integrating practicality with timeless elegance. Crafted from high-quality wood, it serves as a versatile piece of furniture that enhances both the aesthetic appeal and functionality of your living space.\n\n**Versatility and Functionality:**\nThe Rio Cot functions as a stylish sofa during the day and easily converts into a spacious king-size or queen-size bed at night. This dual-purpose design makes it perfect for accommodating guests or providing a comfortable sleeping area for family members.\n\n**Stylish Design:**\nDesigned with meticulous attention to detail, It features a sleek wooden frame that complements various interior styles. Its smooth finish, clean lines, and sturdy construction not only enhance the visual appeal but also ensure durability and longevity.\n\n**Comfortable Sleeping Solution:**\nEquipped with a supportive mattress foundation, It ensures a restful sleep experience whether used as a single cot or extended into a larger bed. The wooden slats or platform provide stability and comfort, creating a cozy retreat for relaxation.\n\n**Space-saving Solution:**\nIdeal for apartments or smaller living rooms, It maximizes space with its dual functionality. By seamlessly transforming from a sofa into a bed, it optimizes floor space and offers versatile seating and sleeping options without compromising on comfort or style.\n\n**Quality and Durability:**\nCrafted from premium wood materials, It is built to last. Its solid wooden frame is sturdy and resistant to wear and tear, ensuring years of reliable use. The durable construction and easy-to-maintain surface make it a practical choice for everyday living.\n\n**Assembly and Maintenance:**\nSetting up the Rio Cot is straightforward with detailed assembly instructions provided. The wooden frame is easy to clean and maintain, requiring minimal upkeep to preserve its beauty and functionality over time.\n\n**Conclusion:**\nIn conclusion, the Rio Cot embodies the perfect blend of style, comfort, and functionality in living room furniture. Whether used as a sofa or a bed, its elegant design, comfortable features, and space-saving capabilities make it an excellent choice for modern homes seeking versatility and sophistication in their living spaces.",52800.00,44000.00,50,0.0,0,,,,Delivery Charges Applicable,"[""wooden-beds"",""bed-room"",""best-offer""]",2026-03-16 20:36:41.759394+00,false,true,52800.00,12,Standard,0.00,,0,0,,false,true,30,,true,[],,,,,,1
968,Manchester Cot,manchester-cot,118,34,"The Manchester Cot is an epitome of elegance and functionality in living room furniture, offering a seamless blend of style and practicality. Crafted from high-quality wood, it serves as a versatile piece that enhances any living space with its sophisticated design and multifunctional capabilities.\n\n**Versatility and Functionality:**\nThe Manchester Cot doubles as a stylish sofa during the day and effortlessly transforms into a spacious king-size or queen-size bed at night. This dual-purpose design makes it ideal for accommodating overnight guests or providing a comfortable resting place for family members.\n\n**Stylish Design:**\nCrafted with attention to detail, It features a timeless wooden frame that adds a touch of sophistication to any living room decor. Its clean lines, smooth finish, and sturdy construction not only enhance the aesthetic appeal but also ensure durability and longevity.\n\n**Comfortable Sleeping Solution:**\nEquipped with a supportive mattress foundation, It ensures a restful sleep experience whether used as a single cot or extended into a larger bed. The smooth wooden surface provides comfort and stability, offering a cozy retreat for relaxation.\n\n**Space-saving Solution:**\nDesigned to optimize space in smaller living areas, It serves as an efficient space-saving solution. By combining the functionality of a sofa and bed into one piece of furniture, it maximizes floor space and provides versatile seating and sleeping options.\n\n**Quality and Durability:**\nBuilt from premium wood materials and expert craftsmanship, It guarantees durability and robustness. Its solid wooden frame is resistant to wear and tear, ensuring long-lasting performance and maintaining its aesthetic appeal over time.\n\n**Assembly and Maintenance:**\nSetting up the Manchester Cot is straightforward with comprehensive assembly instructions provided. The wooden frame is easy to maintain, requiring minimal upkeep to preserve its beauty and functionality for years to come.\n\n**Conclusion:**\nIn conclusion, the Manchester Cot exemplifies the perfect balance of style, comfort, and versatility in living room furniture. Whether used for everyday lounging or as a guest bed, its elegant design, comfortable features, and space-saving capabilities make it an ideal choice for modern homes seeking both functionality and aesthetic appeal.",47000.00,39200.00,50,0.0,0,,,,Delivery Charges Applicable,"[""wooden-beds"",""bed-room"",""best-offer""]",2026-03-16 20:36:45.24658+00,false,true,47000.00,12,Standard,0.00,,0,0,,false,true,30,,true,[],,,,,,1
969,Lisburn Cot,lisburn-cot,118,34,"The Lisburn Cot represents the pinnacle of versatility in living room furniture, seamlessly combining the functionality of a stylish sofa with the comfort of a king-size or queen-size bed. Crafted with meticulous attention to detail, it serves as an essential piece for modern homes seeking both elegance and practicality.\n\n**Versatility and Functionality:**\nThe Lisburn Cot effortlessly transitions from a sophisticated sofa during the day to a spacious king-size or queen-size bed at night. This dual-purpose design makes it perfect for accommodating overnight guests without compromising on style or comfort.\n\n**Stylish Design:**\nDesigned to complement contemporary interiors, the Lisburn Cot features a sleek and modern aesthetic. Its clean lines, premium upholstery options, and sturdy frame not only enhance the visual appeal of any living room but also provide exceptional comfort.\n\n**Comfortable Sleeping Solution:**\nWhether used as a single cot for lounging or extended into a larger bed for sleeping, the Lisburn Cot ensures a comfortable and restful experience. Its supportive mattress foundation and plush cushions offer optimal comfort, making it suitable for both short-term and long-term use.\n\n**Space-saving Solution:**\nIn homes where space is at a premium, the Lisburn Cot excels as a space-saving solution. By seamlessly integrating a sofa and bed into one versatile piece of furniture, it maximizes the utilization of available floor space in living rooms or multifunctional areas.\n\n**Quality and Durability:**\nCrafted from high-quality materials and built with precision, the Lisburn Cot guarantees durability and longevity. Its robust frame and resilient upholstery are designed to withstand daily use while maintaining their aesthetic appeal over time. Easy-to-clean materials ensure hassle-free maintenance, contributing to its practicality in everyday living.\n\n**Assembly and Maintenance:**\nSetting up the Lisburn Cot is straightforward, thanks to its user-friendly assembly instructions. The modular design facilitates effortless conversion between sofa and bed configurations, providing convenience and flexibility for users.\n\n**Conclusion:**\nIn conclusion, the Lisburn Cot epitomizes the fusion of style, comfort, and functionality in living room furniture. Whether used for lounging or as a guest bed, its elegant design, comfortable features, and space-saving capabilities make it an indispensable addition to contemporary homes seeking versatility without compromising on quality.",46800.00,39000.00,50,0.0,0,,,,Delivery Charges Applicable,"[""wooden-beds"",""bed-room"",""best-offer""]",2026-03-16 20:36:48.586782+00,false,true,46800.00,12,Standard,0.00,,0,0,,false,true,30,,true,[],,,,,,1
970,Lincoln Cot,lincoln-cot,118,34,"The Lincoln Cot is a versatile piece of living room furniture that seamlessly transitions between a stylish seating area and a comfortable sleeping space, catering to various needs in modern homes.\n\n**Versatility and Functionality:**\nThe Lincoln Cot serves dual purposes, functioning as a stylish sofa during the day and transforming into a spacious king-size or queen-size bed at night. This versatility makes it perfect for accommodating overnight guests without compromising on comfort or style.\n\n**Stylish Design:**\nCrafted with aesthetics in mind, It features a contemporary design that enhances the decor of any living room. It boasts clean lines, premium upholstery options, and a sturdy frame that supports different mattress sizes, ensuring both elegance and comfort.\n\n**Comfortable Sleeping Solution:**\nWhether used as a single cot for lounging or extended into a larger bed for sleeping, It provides a comfortable and supportive mattress foundation. It offers a restful night's sleep, making it suitable for guests or as an additional bed for family members.\n\n**Space-saving Solution:**\nIn homes where space is limited, the Lincoln Cot serves as a practical space-saving solution. By combining the functionality of a sofa and a bed in one piece of furniture, it maximizes the use of available space in living rooms or multifunctional areas.\n\n**Quality and Durability:**\nBuilt with high-quality materials and craftsmanship, It ensures durability and long-lasting performance. Its robust frame and premium upholstery are designed to withstand regular use while maintaining their aesthetic appeal over time. Easy-to-clean materials simplify maintenance, offering convenience for everyday living.\n\n**Assembly and Maintenance:**\nSetting up the Lincoln Cot is straightforward, with user-friendly instructions provided for easy assembly. Its modular design allows for effortless conversion between sofa and bed configurations, providing flexibility and convenience for users.\n\n**Conclusion:**\nOverall, the Lincoln Cot blends the functionality of living room furniture with the comfort of a king-size or queen-size bed, making it an ideal addition to modern homes. Whether used for everyday relaxation or as a guest bed, its stylish design, comfortable features, and space-saving capabilities cater to diverse living needs with ease and sophistication.",54000.00,45000.00,50,0.0,0,,,,Delivery Charges Applicable,"[""wooden-beds"",""bed-room"",""best-offer""]",2026-03-16 20:36:52.316424+00,false,true,54000.00,12,Standard,0.00,,0,0,,false,true,30,,true,[],,,,,,1
971,Lichfield Cot,lichfield-cot,118,34,"The Lichfield cot stands out as a multifunctional piece of living room furniture that seamlessly integrates comfort, style, and versatility. Designed to serve as both a stylish seating option and a comfortable bed, it offers a practical solution for maximizing space in any home.\n\n**Versatility and Functionality:**\nThe Lichfield cot excels in versatility, transforming effortlessly from an elegant seating area during the day to a spacious king-size or queen-size bed at night. This dual functionality makes it ideal for accommodating guests, offering them a comfortable sleeping space without the need for a separate guest room.\n\n**Stylish Design:**\nCrafted with a focus on aesthetics, the Lichfield cot enhances the decor of any living room with its sophisticated design. It features clean lines, premium upholstery, and a sturdy frame that supports various mattress sizes, ensuring both style and comfort.\n\n**Comfortable Sleeping Solution:**\nWhether used as a single cot for everyday lounging or extended into a larger bed for overnight stays, the Lichfield cot provides a restful sleep experience. Its robust construction and supportive mattress foundation offer optimal comfort for guests or family members.\n\n**Space-saving Solution:**\nIn homes where space is at a premium, the Lichfield cot serves as an efficient space-saving solution. By combining the functionality of a sofa and a bed into one piece of furniture, it maximizes the use of available space in living rooms or multifunctional spaces.\n\n**Quality and Durability:**\nBuilt with high-quality materials and craftsmanship, the Lichfield cot ensures durability and longevity. Its sturdy frame and premium upholstery are designed to withstand daily use while maintaining their aesthetic appeal over time. Easy-to-clean materials simplify maintenance, making it a practical choice for busy households.\n\n**Assembly and Maintenance:**\nSetting up the Lichfield cot is straightforward, with clear instructions provided for easy assembly. Its modular design allows for effortless conversion between seating and sleeping configurations, ensuring convenience for users.\n\n**Conclusion:**\nIn conclusion, the Lichfield cot combines the functionality of living room furniture with the comfort of a king-size or queen-size bed, making it a versatile addition to any home. Whether used for everyday lounging or as a guest bed, its stylish design, comfort-enhancing features, and space-saving capabilities make it an excellent choice for modern living spaces.",57600.00,48000.00,50,0.0,0,,,,Delivery Charges Applicable,"[""wooden-beds"",""bed-room"",""best-offer""]",2026-03-16 20:36:55.287677+00,false,true,57600.00,12,Standard,0.00,,0,0,,false,true,30,,true,[],,,,,,1
972,Hereford Double Door Book Self,hereford-double-door-book-self,130,34,,27850.00,16521.00,50,0.0,0,,,,Delivery Charges Applicable,"[""book-racks"",""bed-room"",""study-room"",""best-offer""]",2026-03-16 20:36:58.473244+00,false,true,27850.00,12,Standard,0.00,,0,0,,false,true,30,,true,[],,,,,,1
973,Gloucester Double Door Book Self,gloucester-double-door-book-self,130,34,,12250.00,8305.00,50,0.0,0,,,,Delivery Charges Applicable,"[""book-racks"",""bed-room"",""study-room"",""best-offer""]",2026-03-16 20:37:01.739989+00,false,true,12250.00,12,Standard,0.00,,0,0,,false,true,30,,true,[],,,,,,1
974,Glasgow Triple Door Book Self,glasgow-triple-door-book-self,130,34,,33000.00,22372.00,50,0.0,0,,,,Delivery Charges Applicable,"[""book-racks"",""bed-room"",""study-room"",""best-offer""]",2026-03-16 20:37:05.223936+00,false,true,33000.00,12,Standard,0.00,,0,0,,false,true,30,,true,[],,,,,,1
975,Exeter Triple Rack Book Self,exeter-triple-rack-book-self,130,34,,10000.00,6779.00,50,0.0,0,,,,Delivery Charges Applicable,"[""book-racks"",""bed-room"",""study-room"",""best-offer""]",2026-03-16 20:37:08.789569+00,false,true,10000.00,12,Standard,0.00,,0,0,,false,true,30,,true,[],,,,,,1
976,Edinburgh Book Self,edinburgh-book-self,130,34,,20000.00,13559.00,50,0.0,0,,,,Delivery Charges Applicable,"[""book-racks"",""bed-room"",""study-room"",""best-offer""]",2026-03-16 20:37:12.387026+00,false,true,20000.00,12,Standard,0.00,,0,0,,false,true,30,,true,[],,,,,,1
977,Knolls Book Self,knolls-book-self,130,34,,19200.00,13559.00,50,0.0,0,,,,Delivery Charges Applicable,"[""book-racks"",""bed-room"",""study-room"",""best-offer""]",2026-03-16 20:37:15.557206+00,false,true,19200.00,12,Standard,0.00,,0,0,,false,true,30,,true,[],,,,,,1
978,Viaduct Book Self,viaduct-book-self,130,34,,4200.00,2966.00,50,0.0,0,,,,Delivery Charges Applicable,"[""book-racks"",""bed-room"",""study-room"",""best-offer""]",2026-03-16 20:37:18.926551+00,false,true,4200.00,12,Standard,0.00,,0,0,,false,true,30,,true,[],,,,,,1
979,Vale Book Self,vale-book-self,130,34,,6599.00,4660.00,50,0.0,0,,,,Delivery Charges Applicable,"[""book-racks"",""bed-room"",""study-room"",""best-offer""]",2026-03-16 20:37:22.818403+00,false,true,6599.00,12,Standard,0.00,,0,0,,false,true,30,,true,[],,,,,,1
980,Coventry Book Self,coventry-book-self,130,34,,19000.00,12881.00,50,0.0,0,,,,Delivery Charges Applicable,"[""book-racks"",""bed-room"",""study-room"",""best-offer""]",2026-03-16 20:37:26.100336+00,false,true,19000.00,12,Standard,0.00,,0,0,,false,true,30,,true,[],,,,,,1
981,Terrace Book Self,terrace-book-self,130,34,,4319.00,3050.00,50,0.0,0,,,,Delivery Charges Applicable,"[""book-racks"",""bed-room"",""study-room"",""best-offer""]",2026-03-16 20:37:29.981036+00,false,true,4319.00,12,Standard,0.00,,0,0,,false,true,30,,true,[],,,,,,1
982,Ridge Book Self,ridge-book-self,130,34,,9800.00,6950.00,50,0.0,0,,,,Delivery Charges Applicable,"[""book-racks"",""bed-room"",""study-room"",""best-offer""]",2026-03-16 20:37:33.257804+00,false,true,9800.00,12,Standard,0.00,,0,0,,false,true,30,,true,[],,,,,,1
983,Quay Book Self,quay-book-self,130,34,,16799.00,11864.00,50,0.0,0,,,,Delivery Charges Applicable,"[""book-racks"",""bed-room"",""study-room"",""best-offer""]",2026-03-16 20:37:36.820444+00,false,true,16799.00,12,Standard,0.00,,0,0,,false,true,30,,true,[],,,,,,1
984,Sovetskaya Book Self,sovetskaya-book-self,130,34,,4874.00,3304.00,50,0.0,0,,,,Delivery Charges Applicable,"[""book-racks"",""bed-room"",""study-room"",""best-offer""]",2026-03-16 20:37:40.533099+00,false,true,4874.00,12,Standard,0.00,,0,0,,false,true,30,,true,[],,,,,,1
985,Cambridge Book Self,cambridge-book-self,130,34,,13749.00,9350.00,50,0.0,0,,,,Delivery Charges Applicable,"[""book-racks"",""bed-room"",""study-room"",""best-offer""]",2026-03-16 20:37:43.636641+00,false,true,13749.00,12,Standard,0.00,,0,0,,false,true,30,,true,[],,,,,,1
986,Taman Bunker Cot,taman-bunker-cot,135,34,"The Taman Bunker Cot is a versatile and practical solution for maximizing space in any bedroom or guest room. Crafted from durable tubular metal, this double-decker bunk bed combines functionality with style.\n\n**Sturdy Construction:**\nBuilt with sturdy tubular metal, It ensures stability and durability. The robust frame supports both the upper and lower bunks, providing a secure sleeping area for children or guests.\n\n**Space-saving Efficiency:**\nPerfect for rooms with limited space, the bunk bed's vertical design optimizes room layout options. It frees up valuable floor space for other furniture or activities, making it ideal for smaller apartments or shared bedrooms.\n\n**Double Decker Design:**\nFeaturing a classic double-decker design, the Taman Bunker Cot includes a secure ladder for easy access to the upper bunk. This layout not only provides additional sleeping space but also fosters a sense of privacy and personal space for each occupant.\n\n**Integrated Storage:**\nDesigned for practicality, the Taman Bunker Cot incorporates built-in storage options such as drawers or shelves underneath the lower bunk. This feature maximizes storage space for toys, clothes, or bedding, ensuring a tidy and organized living environment.\n\n**Versatile Use:**\nSuitable for various settings, It serves as an efficient sleeping solution for siblings sharing a room or for accommodating overnight guests. Its adaptable design ensures comfort and convenience in any living environment.\n\n**Safety Features:**\nSafety is paramount with the Taman Bunker Cot, featuring built-in guardrails on the upper bunk to prevent accidental falls during sleep. The ladder is securely attached to the frame, offering stable access to the top bunk.\n\n**Conclusion:**\nIn conclusion, the Taman Bunker Cot combines practicality with space-saving efficiency, making it an excellent choice for modern living spaces. Its durable construction, integrated storage options, and safety features ensure both comfort and functionality, accommodating various sleeping arrangements and room configurations with ease.",40300.00,28475.00,50,0.0,0,,,,Delivery Charges Applicable,"[""bunk-beds"",""space-saving-furniture"",""bed-room"",""best-offer""]",2026-03-16 20:37:46.999134+00,false,true,40300.00,12,Standard,0.00,,0,0,,false,true,30,,true,[],,,,,,1
987,Bristol Bunker Cot,bristol-bunker-cot,135,34,"The Bristol Bunker Cot is a versatile and efficient piece of furniture designed to maximize space in any room while providing ample storage and sleeping options. Crafted from sturdy tubular metal, this double-decker bunk bed offers durability and safety, making it ideal for children's rooms or guest accommodations.\n\n**Sturdy Construction:**\nConstructed with robust tubular metal, the Bristol Bunker Cot ensures stability and durability. The strong frame supports both the upper and lower bunks, providing a secure sleeping area for children or guests.\n\n**Space-saving Efficiency:**\nPerfect for rooms with limited space, the bunk bed's vertical design maximizes room layout options. It frees up valuable floor space for other furniture or activities, making it suitable for smaller apartments or shared bedrooms.\n\n**Double Decker Design:**\nThe bunk bed features a classic double-decker design with a secure ladder for easy access to the upper bunk. This layout not only provides additional sleeping space but also fosters a sense of privacy and personal space for each occupant.\n\n**Integrated Storage:**\nDesigned for functionality, the Bristol Bunker Cot includes built-in storage options such as drawers or shelves underneath the lower bunk. This feature maximizes storage space for toys, clothes, or bedding, ensuring a clutter-free environment.\n\n**Versatile Use:**\nSuitable for various settings, the Bristol Bunker Cot serves as an efficient sleeping solution for siblings sharing a room or for accommodating overnight guests. Its practical design adapts to different needs, ensuring comfort and convenience in any living environment.\n\n**Safety Features:**\nSafety is a priority with the Bristol Bunker Cot, which includes built-in guardrails on the upper bunk to prevent accidental falls during sleep. The ladder is securely attached to the frame, offering stable access to the top bunk.\n\n**Assembly and Maintenance:**\nSetting up the Bristol Bunker Cot is straightforward, with detailed instructions provided for easy assembly. The tubular metal construction is easy to clean and maintain, ensuring long-lasting durability and aesthetic appeal.\n\n**Conclusion:**\nIn conclusion, the Bristol Bunker Cot combines functionality with space-saving efficiency, making it an excellent choice for maximizing room layouts in homes or dormitories. Its durable construction, integrated storage options, and safety features ensure both comfort and practicality, accommodating varying sleeping arrangements and room configurations with ease.",46200.00,32627.00,50,0.0,0,,,,Delivery Charges Applicable,"[""bunk-beds"",""space-saving-furniture"",""bed-room"",""best-offer""]",2026-03-16 20:37:50.279298+00,false,true,46200.00,12,Standard,0.00,,0,0,,false,true,30,,true,[],FW-5575,,,,,1
988,Sputnic Convertable Wooden Leg Bunk Bed,sputnic-convertable-wooden-leg-bunk-bed,135,34,"The Sputnic Convertable Wooden Leg Bunk Bed offers a versatile and space-saving solution for bedrooms, maximizing functionality without compromising on style. Crafted with sturdy wooden legs, this bunk bed combines durability with a modern aesthetic.\n\n**Sturdy Construction:**\nBuilt with robust materials, including solid wood legs and a strong frame, the Sputnic Bunk Bed ensures stability and reliability. It provides a secure sleeping environment for children or guests.\n\n**Convertible Design:**\nThe bunk bed's innovative convertable feature allows it to transform effortlessly from a traditional bunk bed into two separate beds. This flexibility accommodates changing needs over time, making it suitable for growing families or guest accommodations.\n\n**Space-saving Efficiency:**\nDesigned to optimize room space, the Sputnic Bunk Bed utilizes vertical rather than horizontal space. This layout frees up floor area for additional furniture or activities, making it ideal for smaller bedrooms or shared living spaces.\n\n**Versatile Use:**\nIdeal for various settings, the bunk bed serves as an efficient sleeping solution for siblings sharing a room or for hosting overnight guests. Its adaptable design ensures comfort and convenience in any living environment.\n\n**Safety Features:**\nSafety is a priority with the Sputnic Bunk Bed, featuring built-in guardrails on the upper bunk to prevent accidental falls during sleep. Sturdy ladders ensure safe access to the top bunk, offering peace of mind for parents and users alike.\n\n**Assembly and Maintenance:**\nSetting up the Sputnic Bunk Bed is straightforward, with clear instructions provided for easy assembly. The wooden legs and frame are easy to clean and maintain, ensuring long-lasting durability and aesthetic appeal.\n\n**Conclusion:**\nIn conclusion, the Sputnic Convertable Wooden Leg Bunk Bed combines functionality with space-saving efficiency, making it an excellent choice for modern living spaces. Its durable construction, convertible design, and safety features ensure both comfort and practicality, accommodating various sleeping arrangements and room configurations with ease.",38100.00,26949.00,50,0.0,0,,,,Delivery Charges Applicable,"[""bunk-beds"",""space-saving-furniture"",""bed-room"",""best-offer""]",2026-03-16 20:37:53.647737+00,false,true,38100.00,12,Standard,0.00,,0,0,,false,true,30,,true,[],jf-9030,,,,,1
989,Delta Bunk Bed,delta-bunk-bed,135,34,"The Delta Bunk Bed is a practical and space-saving solution designed to maximize the functionality of any bedroom or shared living space. Crafted from sturdy tubular metal, this double-decker bunk bed offers durability and safety while optimizing vertical space.\n\n**Sturdy Construction:**\nBuilt with robust tubular metal, It ensures stability and durability. The strong frame supports both the upper and lower bunks, providing a secure sleeping area for children or guests.\n\n**Space-saving Efficiency:**\nIdeal for rooms with limited floor space, the bunk bed's vertical design maximizes room layout options. It frees up valuable floor space for other furniture or activities, making it suitable for smaller apartments or shared bedrooms.\n\n**Double Decker Design:**\nThe bunk bed features a classic double-decker design with a secure ladder for easy access to the upper bunk. This layout not only provides additional sleeping space but also fosters a sense of privacy and personal space for each occupant.\n\n**Versatile Use:**\nSuitable for various settings, It serves as an efficient sleeping solution for siblings sharing a room or for hosting overnight guests. Its practical design adapts to different needs, ensuring comfort and convenience in any living environment.\n\n**Safety Features:**\nSafety is paramount with the Delta Bunk Bed, which includes built-in guardrails on the upper bunk to prevent accidental falls during sleep. The ladder is securely attached to the frame, offering stable access to the top bunk.\n\n**Assembly and Maintenance:**\nSetting up the Delta Bunk Bed is straightforward, with detailed instructions provided for easy assembly. The tubular metal construction is easy to clean and maintain, ensuring long-lasting durability and aesthetic appeal.\n\n**Conclusion:**\nIn conclusion, the Delta Bunk Bed combines functionality with space-saving efficiency, making it an excellent choice for maximizing room layouts in homes or dormitories. Its durable construction, safety features, and versatile design ensure both comfort and practicality, accommodating varying sleeping arrangements and room configurations with ease.",21250.00,17000.00,50,0.0,0,,,,Delivery Charges Applicable,"[""bunk-beds"",""space-saving-furniture"",""bed-room"",""best-offer""]",2026-03-16 20:37:59.476546+00,true,true,21250.00,12,Standard,0.00,,0,0,,false,true,30,,true,[],jf-9050,81.00,195,22,85,1
990,Rainbow Convertable Bunk Bed,rainbow-convertable-bunk-bed,135,34,"The Rainbow Convertable Bunk Bed exemplifies versatile and space-saving design, ideal for maximizing functionality in smaller living spaces. This multipurpose bed seamlessly transforms from a single bed to a bunk bed, catering to various needs.\n\n**Design and Structure:**\nCrafted with sturdy materials, the Rainbow Convertable Bunk Bed features a robust frame that supports both configurations—single bed and bunk bed—without compromising on stability. This ensures safety and durability for users of all ages.\n\n**Convertable Functionality:**\nThe bed's innovative design allows it to easily convert from a single bed into a bunk bed, offering flexibility in room layouts and accommodating changing needs over time. This versatility makes it suitable for children's rooms, guest rooms, or even dormitories.\n\n**Space-saving Efficiency:**\nDesigned to optimize space, the Rainbow Convertable Bunk Bed is an excellent choice for compact living environments. It utilizes vertical space effectively, freeing up floor space for other furniture or activities, thereby maximizing room functionality.\n\n**Versatility and Practicality:**\nAs a multipurpose bed, it serves multiple functions in different settings. It provides comfortable sleeping arrangements for siblings or guests when configured as a bunk bed, and can be quickly converted to a single bed for individual use.\n\n**Safety Features:**\nSafety is prioritized with built-in guardrails on the upper bunk to prevent accidental falls during sleep. The sturdy ladder ensures easy and safe access to the top bunk, offering peace of mind for parents and users alike.\n\n**Assembly and Maintenance:**\nSetting up the Rainbow Convertable Bunk Bed is straightforward, with clear instructions provided for easy assembly. The durable materials used require minimal maintenance, ensuring long-term reliability and functionality.\n\n**Conclusion:**\nIn conclusion, the Rainbow Convertable Bunk Bed combines practicality with space-saving efficiency, making it an excellent choice for modern living spaces. Its versatile design, durable construction, and safety features ensure both comfort and functionality, catering to various sleeping arrangements and room configurations with ease.",32250.00,25800.00,50,0.0,0,,,,Delivery Charges Applicable,"[""bunk-beds"",""space-saving-furniture"",""bed-room"",""best-offer""]",2026-03-16 20:38:09.206066+00,true,true,32250.00,12,Standard,0.00,,0,0,,false,true,30,,true,[],jf-9070,135.50,190,30,107,1
991,Fontanka Bunker Cot,fontanka-bunker-cot,135,34,"The Fontanka Bunker Cot is a versatile and space-saving solution designed to maximize room efficiency without compromising on comfort or safety. This double-decker bed features a sturdy build, making it suitable for children's rooms, dormitories, or guest accommodations where space is limited.\n\n**Design and Structure:**\nCrafted from durable materials, It incorporates a robust frame with secure guardrails on the upper bunk to ensure safety during sleep. The bunk bed's design optimizes vertical space, making it ideal for smaller rooms or apartments.\n\n**Space-saving Efficiency:**\nIdeal for environments where space is at a premium, the Fontanka Bunker Cot allows for efficient use of floor space by utilizing vertical rather than horizontal space. This design feature frees up valuable floor area for other furniture or activities.\n\n**Versatility and Practicality:**\nThe Fontanka Bunker Cot serves multiple purposes, functioning as both a sleeping area and a seating arrangement if needed. It accommodates two individuals comfortably, making it suitable for siblings sharing a room or for hosting guests overnight.\n\n**Safety Features:**\nSafety is paramount with the Fontanka Bunker Cot, featuring a sturdy ladder for easy access to the top bunk and guardrails to prevent accidental falls during sleep. These safety measures ensure peace of mind for parents and guardians.\n\n**Assembly and Maintenance:**\nAssembly of the Fontanka Bunker Cot is straightforward, with comprehensive instructions provided for ease of setup. The materials used are durable and easy to maintain, requiring simple cleaning to preserve their quality over time.\n\n**Conclusion:**\nIn conclusion, the Fontanka Bunker Cot is an excellent choice for anyone seeking to maximize space efficiency in their living or sleeping arrangements. Its sturdy construction, safety features, and versatile design make it a practical and reliable option for various settings, ensuring both comfort and functionality without sacrificing style.",33100.00,25500.00,50,0.0,0,,,,Delivery Charges Applicable,"[""bunk-beds"",""space-saving-furniture"",""bed-room"",""best-offer""]",2026-03-16 20:38:14.554118+00,false,true,33100.00,12,Standard,0.00,,0,0,,false,true,30,,true,[],,,,,,1
992,Wellington Diwan,wellington-diwan,133,34,"The **Wellington Diwan** is an exceptional piece of living room furniture designed to blend style and functionality seamlessly. Ideal for modern homes, this diwan offers a unique combination of aesthetics and practicality, making it an essential addition to your living space.\n\nCrafted to meet the demands of contemporary living, the Wellington Diwan stands out not only for its elegant design but also for its impressive storage capabilities. It serves as a sofa diwan for living rooms that need more than just a place to sit— it offers ample hidden storage space that can help keep your living area organized and clutter-free. This feature is particularly beneficial in smaller spaces where maximizing storage without sacrificing style is essential.\n\nThe Wellington Diwan’s design focuses on comfort and luxury. Upholstered in high-quality fabric, it provides a plush seating experience that makes it perfect for lounging, reading, or simply relaxing after a long day. The cushioned back and armrests are designed for optimal comfort, ensuring that you and your guests can enjoy long conversations or cozy evenings without any discomfort.\n\nIn terms of storage, this diwan excels with its innovative design. The Wellington Diwan features spacious compartments beneath the seat cushions, ideal for stowing away blankets, books, or other living room essentials. This hidden storage not only keeps your space neat but also enhances the functionality of your living room furniture.\n\nThe Wellington Diwan is versatile and complements a range of interior styles. Its sleek lines and modern design ensure that it fits effortlessly into various décor themes, from minimalist to traditional. The neutral color palette of the upholstery allows it to blend with existing furniture, making it a flexible choice for your living room setup.\n\nOverall, the Wellington Diwan is more than just a piece of furniture; it's a solution to modern living needs. It combines the best of comfort, style, and practicality, providing a sophisticated and functional addition to your home. Whether you're looking to enhance your living room’s aesthetic appeal or need extra storage space, this diwan offers a stylish and practical solution that meets all your requirements.",23000.00,19200.00,50,0.0,0,,,,Delivery Charges Applicable,"[""diwans"",""space-saving-furniture"",""living-room"",""best-offer""]",2026-03-16 20:38:20.269321+00,false,true,23000.00,12,Standard,0.00,,0,0,,false,true,30,,true,[],,,,,,1
993,Scottish Diwan,scottish-diwan,133,34,"The Scottish Diwan is a sophisticated addition to your living room, designed to elevate both comfort and style. As a key piece of living room furniture, this diwan seamlessly blends functionality with elegance, making it a versatile choice for any home.\n\nCrafted with attention to detail, the Scottish Diwan stands out with its classic design and luxurious materials. Its plush cushions offer an invitingly soft surface, perfect for lounging or entertaining guests. The diwan's sleek, contemporary frame complements various interior styles, from modern to traditional, enhancing the aesthetic appeal of your living space.\n\nOne of the standout features of the Scottish Diwan is its adaptability. Designed as a multi-functional piece, it can serve not only as a stylish sofa but also as an extra sleeping area when needed. This makes it an ideal choice for homes where space is at a premium, or for those who frequently host overnight guests. The diwan's robust construction ensures durability, while its comfortable padding and upholstery provide lasting support and luxury.\n\nThe sofa diwan for living room use is upholstered in high-quality fabric or leather, available in a range of colors to match your existing decor. The fabric is chosen not only for its aesthetic appeal but also for its durability, resisting wear and tear to keep your diwan looking pristine for years. The frame of the Scottish Diwan is built from sturdy materials, providing a solid base that supports its elegant design and ensures long-lasting use.\n\nIn addition to its practical features, the Scottish Diwan adds a touch of sophistication to your living room. Its clean lines and elegant silhouette enhance the overall look of the room, making it a focal point that draws attention and admiration. The diwan's versatility extends to its ability to fit seamlessly into various room layouts, whether positioned in a corner or as a central piece.\n\nOverall, the Scottish Diwan is more than just a piece of furniture; it's a statement of style and functionality. Its combination of comfort, durability, and design makes it an exceptional choice for anyone looking to upgrade their living room furniture. Whether you're looking to create a cozy reading nook or need an additional sleeping arrangement, the Scottish Diwan delivers on all fronts, ensuring your living room is both stylish and functional.",44100.00,36800.00,50,0.0,0,,,,Delivery Charges Applicable,"[""diwans"",""space-saving-furniture"",""living-room"",""best-offer""]",2026-03-16 20:38:23.755357+00,false,true,44100.00,12,Standard,0.00,,0,0,,false,true,30,,true,[],,,,,,1
994,Taiwan Diwan,taiwan-diwan,133,34,"The Taiwan Diwan is an exceptional addition to any living room, blending both aesthetic appeal and functional design to create an inviting and versatile space. This beautifully crafted piece of living room furniture embodies the perfect balance between comfort and style, making it an ideal choice for those seeking a sophisticated yet practical diwan for their living space.\n\nDesigned with attention to detail, the Taiwan Diwan features a plush and comfortable seating area that invites you to relax and unwind. The cushioning is made from high-quality materials, ensuring both durability and a luxurious feel. The supportive foam and soft fabric work together to provide an exceptional level of comfort, whether you’re lounging with a book, enjoying a movie night, or simply taking a moment to relax.\n\nThe elegant design of the Taiwan Diwan seamlessly integrates with various interior styles, from modern to traditional. Its sleek lines and sophisticated profile make it a standout piece in any room, while its neutral color options allow it to complement a wide range of decor themes. The diwan’s versatile design also means it can be used in multiple ways within your living room. Whether as a focal point for your seating area or as additional lounge space, the Taiwan Diwan adapts to your needs.\n\nBeyond its visual appeal and comfort, the Taiwan Diwan is also designed for practicality. It offers ample seating space, making it a great choice for families and those who entertain guests frequently. The diwan’s sturdy construction ensures it can withstand everyday use, while its easy-to-clean fabric means maintaining its pristine appearance is simple and hassle-free.\n\nIncorporating the Taiwan Diwan into your living room not only enhances the overall aesthetic of the space but also provides a functional and versatile piece of furniture. Whether you’re looking for a stylish sofa diwan for living room gatherings or a cozy spot for relaxation, the Taiwan Diwan delivers on all fronts. Its combination of comfort, style, and practicality makes it an excellent choice for anyone looking to elevate their living room furniture setup.\n\nIn summary, the Taiwan Diwan is more than just a piece of living room furniture—it’s a statement of style and comfort. Its blend of luxury, functionality, and versatility ensures it will remain a cherished part of your living space for years to come.",18000.00,15000.00,50,0.0,0,,,,Delivery Charges Applicable,"[""diwans"",""living-room"",""best-offer""]",2026-03-16 20:38:27.13095+00,false,true,18000.00,12,Standard,0.00,,0,0,,false,true,30,,true,[],,,,,,1
995,Ireland Diwan,ireland-diwan,133,34,"**Ireland Diwan: The Perfect Addition to Your Living Room**\n\nElevate your living space with the Ireland Diwan, an exquisite piece of living room furniture designed to seamlessly blend functionality and style. This versatile diwan is not just a sofa diwan but a multi-functional piece that enhances the ambiance of any living room. Whether you’re looking to create a cozy nook for relaxation or an elegant focal point for entertaining guests, It is your ideal choice.\n\nCrafted with a keen eye for detail, It combines comfort with sophistication. Its plush cushioning provides a sumptuous seating experience, while the high-quality upholstery adds a touch of luxury to your living room decor. The sofa diwan for living room is designed with durable materials that ensure long-lasting performance, making it a smart investment for your home.\n\nOne of the standout features of the diwan is its versatile design. It functions as both a comfortable sofa and a stylish diwan, allowing you to adapt it to your needs. Use it as a traditional sofa during the day, and easily transform it into a relaxing diwan at night. This dual-purpose functionality is perfect for small living rooms or spaces where flexibility is key.\n\nThe Ireland Diwan's design is also a testament to its aesthetic appeal. Its clean lines and contemporary style make it a versatile addition to various decor themes, from modern minimalism to classic elegance. The diwan for living room is available in a range of colors and finishes, allowing you to choose the perfect match for your existing decor or to make a bold statement.\n\nBeyond its style and versatility, It is designed for ease of use. The cushions and upholstery are easy to maintain, ensuring that your diwan remains as stunning as the day you bought it. Its sturdy construction guarantees durability, providing a reliable piece of living room furniture that will stand the test of time.\n\nIn addition to its practical benefits, It offers a space-saving solution. The option to convert it into a diwan adds an extra layer of functionality, making it an excellent choice for homes where space is at a premium. Its compact yet comfortable design allows you to maximize your living area without compromising on style or comfort.\n\nIn summary, It is more than just a piece of living room furniture; it's a blend of luxury, functionality, and style. Its versatility as a sofa diwan makes it an invaluable addition to any home. Whether you’re furnishing a new space or looking to refresh your existing decor, It promises to enhance your living room with its elegance and practicality.",34799.00,28999.00,50,0.0,0,,,,Delivery Charges Applicable,"[""diwans"",""space-saving-furniture"",""living-room"",""best-offer""]",2026-03-16 20:38:30.409195+00,false,true,34799.00,12,Standard,0.00,,0,0,,false,true,30,,true,[],,,,,,1
996,Wales Diwan,wales-diwan,133,34,"The Wales Diwan is a distinguished piece of living room furniture that epitomizes both comfort and style. Designed to enhance your living space, this diwan seamlessly integrates into various interior designs, whether modern, traditional, or eclectic. Its design and functionality make it an exceptional choice for those looking to add a touch of elegance to their home.\n\nCrafted with premium materials, It offers a plush seating experience with its generously padded cushions and high-quality upholstery. The diwan’s frame is made from durable wood, ensuring stability and longevity. The upholstery options are diverse, allowing you to select a fabric or color that best suits your living room's aesthetic. Whether you choose a rich velvet, a contemporary linen, or a classic leather, the Wales Diwan maintains its luxurious appeal.\n\nThe design of the Wales Diwan includes a spacious seating area that can comfortably accommodate multiple people. This makes it an ideal choice for entertaining guests or simply relaxing with family. The diwan features a low backrest and wide armrests, providing ample support and comfort. Additionally, its clean lines and elegant detailing add a sophisticated touch to your living room.\n\nOne of the key features of the Wales Diwan is its versatility. Not only does it serve as a stylish sofa diwan, but it also functions as an extra sleeping space when needed. The diwan can be easily converted into a bed, offering a practical solution for overnight guests. This dual functionality makes it a valuable addition to any home, combining aesthetic appeal with practicality.\n\nIn terms of maintenance, It is designed to be easy to care for. The upholstery is durable and resistant to wear and tear, ensuring that the diwan retains its beauty over time. Regular cleaning and proper care will keep it looking pristine, making it a lasting investment in your living room furniture.\n\nOverall, the Wales Diwan is more than just a piece of furniture; it’s an embodiment of comfort and style. It enhances the ambiance of your living room while providing a functional and elegant seating solution. Whether you're hosting a gathering or enjoying a quiet evening at home, It offers a blend of luxury and practicality that makes it an essential component of any well-designed living space.",32600.00,27200.00,50,0.0,0,,,,Delivery Charges Applicable,"[""diwans"",""space-saving-furniture"",""living-room"",""best-offer""]",2026-03-16 20:38:33.569958+00,false,true,32600.00,12,Standard,0.00,,0,0,,false,true,30,,true,[],,,,,,1
997,Midlands Dressing Table,midlands-dressing-table,132,34,"The Midlands Dressing Table epitomizes elegance and practicality, offering an exceptional blend of style and functionality to enhance your bedroom or dressing area. As a prime example of space-saving furniture, it is designed to optimize room usage while providing ample storage and a sophisticated look.\n\nCrafted from high-quality wood, It showcases a timeless design that adds a touch of classic charm to any space. Its sturdy construction ensures durability, while the wood’s natural grain and finish contribute to its refined appearance. The wooden dressing table with drawer is designed to seamlessly integrate into various decor styles, from modern to traditional, making it a versatile choice for any home.\n\nOne of the key features of the table is its thoughtful storage solutions. This wooden dressing table with storage includes a spacious drawer that offers a convenient place to organize and store personal items. Whether you need to keep cosmetics, jewelry, or grooming tools within easy reach, the drawer provides a practical solution to keep your essentials neatly arranged and readily accessible.\n\nThe dressing table with storage is designed to maximize utility without compromising on style. The integrated drawer ensures that your table surface remains uncluttered, providing a clean and organized area for your daily routines. The space-saving design of the table allows it to fit comfortably in various room sizes, making it an ideal choice for smaller spaces where efficient use of space is crucial.\n\nBeyond its functional features, It adds a touch of sophistication to your space. Its elegant wooden finish and well-crafted design make it not just a piece of furniture but a statement piece that enhances the overall aesthetic of your room. The combination of style and practicality ensures that this dressing table serves as both a beautiful and functional addition to your home.\n\nOverall, the Midlands Dressing Table is a perfect example of how space-saving furniture can be both elegant and practical. Its wooden construction, combined with its ample storage capabilities and thoughtful design, makes it an ideal choice for anyone looking to enhance their dressing area with a piece that balances beauty with functionality.",6000.00,5000.00,50,0.0,0,,,,Delivery Charges Applicable,"[""dressing-tables"",""study-room"",""bed-room"",""best-offer""]",2026-03-16 20:38:36.949344+00,false,true,6000.00,12,Standard,0.00,,0,0,,false,true,30,,true,[],,,,,,1
998,Dressing Table with Drawer,dressing-table-with-drawer,132,34,"A dressing table with a drawer is an essential piece of furniture that combines functionality with aesthetic appeal, making it a valuable addition to any bedroom or dressing area. This type of dressing table is designed to enhance your daily routine while keeping your space organized and stylish.\n\nThe wooden dressing table with a drawer offers a timeless appeal with its classic craftsmanship and rich textures. Made from high-quality wood, it exudes durability and elegance, seamlessly blending with various decor styles. The wood's natural grains and finishes add warmth and sophistication to your room, creating a focal point that is both functional and decorative.\n\nOne of the key features of a wooden dressing table with a drawer is its practical storage solution. The drawer provides ample space for organizing beauty essentials, jewelry, and personal items. This feature helps keep your dressing area tidy, making it easier to find what you need while reducing clutter on the table’s surface. Whether you're storing cosmetics, brushes, or accessories, the drawer's design ensures that everything is neatly arranged and within easy reach.\n\nIn addition to its storage capabilities, the dressing table with a drawer also embodies space-saving furniture principles. Its compact design is ideal for smaller rooms or apartments where every inch of space counts. The inclusion of a drawer means you can maintain a clean and organized surface, while the overall design ensures that the table does not overwhelm your space. This makes it a practical choice for those looking to maximize functionality without sacrificing style.\n\nThe versatility of a wooden dressing table with storage extends beyond its functional aspects. It serves as a stylish vanity or workspace, providing a dedicated area for your grooming routine or personal tasks. Its elegant design can complement various interior styles, from modern to traditional, making it a versatile addition to any home.\n\nOverall, a dressing table with a drawer combines beauty and practicality, offering a well-rounded solution for those seeking a functional yet stylish piece of furniture. The wooden dressing table with storage provides not only a place to get ready but also helps keep your space organized, making it an ideal choice for anyone looking to enhance their living area with space-saving and elegant furnishings.",6600.00,5500.00,50,0.0,0,,,,Delivery Charges Applicable,"[""dressing-tables"",""study-room"",""bed-room"",""best-offer""]",2026-03-16 20:38:40.158784+00,false,true,6600.00,12,Standard,0.00,,0,0,,false,true,30,,true,[],,,,,,1
999,York Dressing Table,york-dressing-table,132,34,"The York Dressing Table epitomizes elegance and functionality, offering a sophisticated addition to any bedroom while addressing practical needs through its thoughtful design. This wooden dressing table is meticulously crafted to combine classic charm with modern utility, making it an essential piece for those seeking both style and storage solutions.\n\nConstructed from high-quality wood, It showcases the natural beauty and durability of wood. The table’s robust build ensures longevity, while its sleek finish adds a touch of refinement to your decor. The rich texture of the wood creates a warm, inviting atmosphere, seamlessly blending with various interior styles, from traditional to contemporary.\n\nOne of the standout features of the table is its ample storage capacity. Designed as a wooden dressing table with storage, it includes multiple compartments and drawers that provide ample space for organizing cosmetics, jewelry, and other personal items. The smart design of this dressing table with storage ensures that your essentials are neatly arranged and easily accessible, reducing clutter and enhancing the functionality of your space.\n\nIn addition to its generous storage options, It also exemplifies space-saving furniture solutions. The design is optimized to fit comfortably in a variety of room sizes, making it an excellent choice for both spacious master suites and smaller bedrooms. Despite its compact footprint, the table maximizes utility without sacrificing style, offering a perfect balance between form and function.\n\nThe York Dressing Table is not just a piece of furniture but a statement of sophistication and practicality. Its elegant design is complemented by practical features, making it a versatile addition to your home. The careful attention to detail in the craftsmanship ensures that this dressing table will remain a beloved fixture in your bedroom for years to come.\n\nOverall, the York Dressing Table is an ideal choice for those looking to enhance their dressing area with a stylish and functional piece. Its wooden construction, thoughtful storage solutions, and space-saving design make it a standout option for anyone seeking a blend of beauty and practicality in their home furnishings. Whether you have a spacious bedroom or a compact living area, It offers a refined and efficient solution to meet your needs.",14400.00,12000.00,50,0.0,0,,,,Delivery Charges Applicable,"[""dressing-tables"",""study-room"",""bed-room"",""best-offer""]",2026-03-16 20:38:43.206725+00,false,true,14400.00,12,Standard,0.00,,0,0,,false,true,30,,true,[],,,,,,1
1000,Derry Foldable Table (Walnut),derry-foldable-table-walnut,131,34,"The **Derry Foldable Table** is a modern solution designed to bring versatility and efficiency to your living space. Ideal for those who need a functional piece of furniture that can adapt to different needs and environments, this table embodies the principles of space-saving furniture and multipurpose functionality.\n\nCrafted with precision, the Derry Foldable Table features a sleek, minimalist design that integrates seamlessly into any room. Whether you’re in a small apartment or a large home, this folding table offers a practical solution to make the most out of your available space. Its space-saving design allows you to use it whenever needed and then fold it away effortlessly when it’s not in use, freeing up valuable room for other activities.\n\nConstructed from durable materials, the Derry Foldable Table boasts a robust frame that ensures stability and longevity. The surface, available in various finishes, is both stylish and functional, making it suitable for a variety of uses. Whether you need it as a foldable study table for your home office, a temporary dining area, or an extra workspace for hobbies and crafts, the Derry table is up to the task.\n\nOne of the standout features of the Derry Foldable Table is its ease of use. The table folds down quickly and easily, thanks to its clever design, which includes a simple locking mechanism to keep it securely in place when in use. When you need to store it, simply fold the legs and tuck it away in a closet, behind a door, or against a wall. This adaptability makes it an excellent choice for those living in smaller spaces where every inch counts.\n\nThe Derry Foldable Table also reflects the growing trend towards multipurpose furniture. Its design allows it to function as a temporary study desk, a compact dining table, or even a workstation for projects and hobbies. This versatility not only maximizes the utility of your space but also provides an elegant touch to your interior décor.\n\nIn summary, the Derry Foldable Table is an excellent example of how thoughtful design can enhance the functionality of space-saving furniture. Combining practicality with style, this folding table is a must-have for anyone looking to optimize their living area while maintaining a high level of functionality and aesthetic appeal.",4000.00,3600.00,50,0.0,0,,,,Delivery Charges Applicable,"[""study-tables"",""tables"",""study-room"",""best-offer""]",2026-03-16 20:38:46.186334+00,false,true,4000.00,12,Standard,0.00,,0,0,,false,true,30,,true,[],,,,,,1
1001,Derry Foldable Table 2 (Walnut),derry-foldable-table-2-walnut,131,34,"The Derry Foldable Table is the quintessential solution for those seeking an efficient and versatile piece of furniture for their living or study spaces. Designed with both functionality and aesthetics in mind, this table is an excellent addition to any home where space-saving solutions are a priority.\n\nCrafted to offer a blend of convenience and elegance, the Derry Foldable Table stands out as an exceptional choice in the category of folding tables. Its foldable design ensures that it occupies minimal space when not in use, making it a perfect fit for compact living areas or multipurpose rooms. Whether you need a temporary workspace, an extra dining surface, or a spot for creative projects, this table meets your needs with ease.\n\nThe table's space-saving attributes are particularly advantageous in modern homes where maximizing every square foot is crucial. The Derry Foldable Table can be effortlessly folded away and stored in a closet, against a wall, or under a bed when it's not required. This characteristic makes it an invaluable addition for anyone who values both form and function.\n\nIn addition to its practical benefits, the Derry Foldable Table is designed to enhance your interior decor. It features a sleek and contemporary design that blends seamlessly with a variety of home aesthetics. Its clean lines and minimalistic form make it a stylish choice for any setting, from a cozy study to a chic urban apartment.\n\nConstructed from high-quality materials, the Derry Foldable Table promises durability and longevity. The sturdy frame ensures that the table remains stable even when fully extended, while the smooth surface offers ample space for various uses, including studying, working, or dining. The attention to detail in its craftsmanship reflects a commitment to quality, ensuring that the table will serve you well for years to come.\n\nAnother key feature is its ease of setup and maintenance. The Derry Foldable Table requires minimal assembly and can be quickly unfolded and folded back with a simple mechanism. Cleaning is straightforward, with a surface that resists stains and is easy to wipe down.\n\nOverall, the Derry Foldable Table is a versatile and space-efficient solution that adapts to your needs while enhancing your living environment. Its combination of practical design, durability, and aesthetic appeal makes it an ideal choice for anyone looking to optimize their space without compromising on style. Whether used as a foldable study table, additional dining space, or a temporary work area, this table proves to be a valuable asset in any modern home.",3600.00,3000.00,50,0.0,0,,,,Delivery Charges Applicable,"[""study-tables"",""tables"",""study-room"",""best-offer""]",2026-03-16 20:38:54.457255+00,false,true,3600.00,12,Standard,0.00,,0,0,,false,true,30,,true,[],,,,,,1
1002,Laptop Foldable Table 2 (Walnut),laptop-foldable-table-2-walnut,131,34,"Discover the perfect blend of functionality and style with Laptop Foldable Table in a rich walnut finish. Ideal for modern living spaces, this table exemplifies space-saving furniture at its finest. Whether you need a convenient spot for your laptop or a versatile surface for various tasks, this foldable table is designed to meet your needs with elegance and practicality.\n\nCrafted from high-quality wood, this wooden laptop table boasts a sleek walnut veneer that adds a touch of sophistication to any room. The deep, warm tones of the walnut finish provide a timeless appeal, seamlessly integrating with a variety of interior styles. Its sturdy construction ensures durability, making it a reliable choice for daily use.\n\nOne of the standout features of the Laptop Foldable Table 2 is its space-saving design. In smaller living areas, every inch of space counts. This table’s foldable functionality allows it to be easily collapsed when not in use, helping you reclaim valuable floor space. Simply fold it away and store it in a closet or against a wall, where it remains unobtrusive and out of the way until needed again.\n\nThe table is designed to be highly versatile. Use it as a compact workspace for your laptop, a writing desk, or a small dining table. Its flat, sturdy surface offers ample space for your laptop, books, or any other work essentials. When the task is complete, fold it up to maintain a clutter-free environment.\n\nLaptop Foldable Table features a user-friendly folding mechanism that makes setup and takedown quick and effortless. This is particularly beneficial for those who require a mobile workstation or need to transition between different areas of the home. The lightweight design ensures that it can be easily moved from room to room, adding to its flexibility.\n\nIn addition to its practical attributes, the table's elegant walnut finish enhances its aesthetic appeal. The rich wood grain provides a classic look, while the foldable design adds a contemporary twist. This balance of style and function makes it an excellent choice for modern living environments.\n\nOverall, the Laptop Foldable Table 2 (Walnut) is a standout piece of space-saving furniture that combines the best of form and function. Its foldable design ensures that it fits seamlessly into any living space, offering a stylish and practical solution for your home office or study needs.",3099.00,2599.00,50,0.0,0,,,,Delivery Charges Applicable,"[""study-tables"",""tables"",""study-room"",""best-offer""]",2026-03-16 20:38:57.649671+00,false,true,3099.00,12,Standard,0.00,,0,0,,false,true,30,,true,[],,,,,,1
1003,Wall Mounted Foldable Table,wall-mounted-foldable-table,132,34,"The wall-mounted foldable table is a quintessential piece of space-saving furniture that brings both functionality and elegance to any home. This innovative design is specifically crafted to address the needs of those who require versatile solutions for compact living spaces, combining the practicality of a folding table with the convenience of wall-mounted installation.\n\n**Space-Saving Design**\n\nOne of the most significant advantages of a wall-mounted foldable table is its space-saving capability. This table is ideal for small apartments, studios, or any area where maximizing floor space is crucial. By mounting the table on the wall, it eliminates the need for floor space that traditional tables occupy. When not in use, the table folds up against the wall, creating a sleek, minimalistic profile that helps maintain an open and uncluttered environment.\n\n**Folding Mechanism**\n\nThe folding mechanism of the wall-mounted table is engineered for ease of use and durability. Typically, the table features robust hinges and locking mechanisms that allow it to fold down securely when needed and retract smoothly when not in use. This functionality ensures that the table remains stable and reliable during use, providing a sturdy surface for various activities.\n\n**Versatile Uses**\n\nThe wall-mounted foldable table offers remarkable versatility. When extended, it serves as an excellent space for dining, working, or crafting. Its compact footprint makes it an ideal choice for areas that need occasional seating or workspace without dedicating a permanent spot. Additionally, some models come with additional features like integrated shelves or storage compartments, further enhancing their functionality and helping to keep the surrounding area organized.\n\n**Stylish and Practical Construction**\n\nThese tables are available in various materials, including wood, metal, and composite options, allowing them to fit seamlessly into different interior styles. Whether you prefer a classic wooden finish or a sleek metal design, there is a wall-mounted foldable table that can complement your décor while providing practical benefits. The materials used are selected for their durability and ease of maintenance, ensuring that the table remains a functional and stylish addition to your home for years to come.\n\n**Easy Installation and Maintenance**\n\nInstalling a wall-mounted foldable table is a straightforward process that typically involves securing the table’s brackets to the wall and attaching the table itself. This installation method minimizes the need for floor space and ensures that the table remains securely in place during use. Additionally, the table’s surface is easy to clean and maintain, requiring only occasional wiping to keep it looking pristine.\n\nIn summary, the wall-mounted foldable table is an exemplary piece of space-saving furniture that merges practicality with style. Its ability to fold away when not in use, combined with its versatile design and durable construction, makes it an excellent choice for anyone looking to optimize their living space efficiently. Whether used as a dining area, a work surface, or a general-purpose table, it provides a smart and elegant solution for modern living.",3800.00,3200.00,50,0.0,0,,,,Delivery Charges Applicable,"[""foldable-tables"",""space-saving-furniture"",""study-room"",""best-offer""]",2026-03-16 20:39:01.499574+00,false,true,3800.00,12,Standard,0.00,,0,0,,false,true,30,,true,[],,,,,,1
1004,Alameda Corner Sofa,alameda-corner-sofa,133,34,"The Alameda Corner Sofa is the epitome of modern elegance and comfort, designed to transform your living space into a haven of relaxation and style. As a key piece of living room furniture, this sofa stands out with its sophisticated design and versatile functionality, making it an ideal choice for those looking to enhance their living area.\n\nCrafted with meticulous attention to detail, the Alameda Corner Sofa offers a perfect blend of comfort and style. The design features clean lines and a contemporary silhouette, which can seamlessly integrate into various interior themes, from minimalistic to traditional. Its generous size and corner configuration provide ample seating space, making it an excellent choice for larger living rooms or open-plan spaces.\n\nConstructed with high-quality materials, the Alameda Corner Sofa promises durability and long-lasting performance. The frame is built from solid wood, ensuring sturdiness and resilience, while the cushioned seating is filled with high-density foam for exceptional comfort. This combination not only supports a plush and inviting sitting experience but also ensures that the sofa maintains its shape and support over time.\n\nUpholstered in a premium, easy-to-clean fabric, the Alameda Corner Sofa is available in a variety of colors and textures, allowing you to select the perfect match for your living room decor. The fabric is designed to resist stains and wear, making it ideal for busy households or those with children and pets.\n\nBeyond its aesthetic appeal, the Alameda Corner Sofa is also highly functional. The corner design maximizes seating efficiency, allowing you to make the most of your living space. Whether you're hosting a gathering, enjoying a movie night, or simply lounging with family, this sofa provides a comfortable and stylish solution.\n\nThe Alameda Corner Sofa is also designed with practical features to enhance its usability. The modular design allows for easy rearrangement, enabling you to adapt the sofa layout according to your needs. Additionally, the inclusion of spacious seat cushions and soft backrests ensures that every moment spent on this sofa is a relaxing one.\n\nIn summary, the Alameda Corner Sofa is a sophisticated and versatile piece of living room furniture that combines style, comfort, and functionality. Its elegant design, durable construction, and customizable upholstery options make it a standout choice for any living room. Whether you are redecorating or simply upgrading your current seating arrangement, the Alameda Corner Sofa promises to add both beauty and practicality to your home.",54000.00,45000.00,50,0.0,0,,,,Delivery Charges Applicable,"[""corner-sofas"",""living-room"",""best-offer""]",2026-03-16 20:39:04.821285+00,false,true,54000.00,12,Standard,0.00,,0,0,,false,true,30,,true,[],,,,,,1
1005,Alpine Corner Sofa,alpine-corner-sofa,133,34,"**Alpine Corner Sofa: The Ultimate in Stylish and Comfortable Living Room Furniture**\n\nIntroducing the Alpine Corner Sofa, a premium addition to your living space that combines elegance, functionality, and comfort in one beautiful package. Ideal for those seeking to elevate their living room, this corner sofa effortlessly transforms your space into a haven of relaxation and style.\n\n**Sophisticated Design**\n\nThe Alpine Corner Sofa boasts a sleek and modern design that fits seamlessly into any decor style. Its clean lines and minimalist profile make it a versatile choice, complementing both contemporary and traditional interiors. Whether you're designing a chic urban loft or a cozy suburban home, this sofa set will enhance the aesthetic of your living room with its understated elegance.\n\n**Exceptional Comfort**\n\nCrafted with high-density foam cushions and a soft, durable fabric, the Alpine Corner Sofa ensures unparalleled comfort for you and your guests. The plush seating is perfect for lounging, reading, or watching TV, while the generously padded backrests offer ample support. The corner design maximizes seating capacity, making it an excellent choice for entertaining or family gatherings.\n\n**Versatile Layout**\n\nThis sofa set for the living room is designed with flexibility in mind. It can be arranged in various configurations to fit your space and needs. Whether you prefer a classic L-shape or a more expansive setup, this sofa adapts to your room layout. Its corner placement is particularly useful for optimizing space in smaller rooms, allowing for a cozy and inviting seating area without overwhelming the space.\n\n**Durable Construction**\n\nDurability is a key feature of the Alpine Corner Sofa. Built with a robust frame and high-quality materials, this couch for the living room is designed to withstand daily use while retaining its shape and comfort. The fabric is not only stylish but also easy to clean and maintain, ensuring that your sofa remains looking pristine for years to come.\n\n**Complementary Features**\n\nThe Alpine Corner Sofa includes additional features that enhance its functionality. The integrated armrests and cushions are designed to provide added comfort and support. The neutral color options available allow you to easily match the sofa with existing decor or use it as a statement piece to refresh your living room's look.\n\n**In Summary**\n\nThe Alpine Corner Sofa is more than just a piece of living room furniture; it's an investment in style, comfort, and versatility. Its modern design, exceptional comfort, and durable construction make it the perfect choice for any living space. Transform your living room into a stylish and welcoming environment with this exquisite corner sofa, designed to meet all your seating needs and enhance your home’s overall aesthetic.",40799.00,33999.00,50,0.0,0,,,,Delivery Charges Applicable,"[""corner-sofas"",""living-room"",""best-offer""]",2026-03-16 20:39:07.799168+00,false,true,40799.00,12,Standard,0.00,,0,0,,false,true,30,,true,[],,,,,,1
1006,Amador Corner Sofa,amador-corner-sofa,133,34,"The **Amador Corner Sofa** is the epitome of elegance and comfort, seamlessly blending into any living room setting with its sophisticated design and plush cushioning. As a standout piece of living room furniture, this corner sofa is crafted to offer both style and functionality, making it a perfect choice for creating a cozy, inviting space.\n\nThis sofa set for living room features a sleek, contemporary design that effortlessly complements a variety of interior styles, from modern minimalism to classic traditional. The clean lines and geometric shape of the Amador Corner Sofa enhance its visual appeal, while its versatile configuration allows it to adapt to various room layouts and sizes. Whether you have a spacious living room or a more compact area, this sofa provides ample seating without overwhelming the space.\n\nThe Amador Corner Sofa is designed with comfort in mind. Its cushions are filled with high-density foam that offers a plush, supportive seating experience. The sofa’s backrest is angled to provide optimal comfort while lounging, and the generous seat depth ensures that you can relax and unwind after a long day. The sofa’s upholstery is made from high-quality fabric or leather options, available in a range of colors and textures to suit your personal style and decor preferences.\n\nIn addition to its comfort and style, the Amador Corner Sofa is built to last. The frame is constructed from durable hardwood, providing a sturdy foundation that ensures the sofa remains stable and resilient over time. The upholstery is designed to withstand daily use, and its easy-to-clean fabric or leather ensures that maintaining the sofa’s appearance is hassle-free.\n\nThe practical design of this corner sofa extends beyond its aesthetic and functional qualities. The L-shaped configuration makes it ideal for maximizing seating in corners or smaller rooms, and it often includes features like built-in storage or a reclining mechanism, depending on the model. This added functionality makes the Amador Corner Sofa not only a stylish addition to your living room but also a practical choice for everyday living.\n\nOverall, the Amador Corner Sofa is a sophisticated and versatile piece of living room furniture that enhances any space with its elegant design and comfortable seating. Whether you’re hosting gatherings or enjoying a quiet evening at home, this sofa set for living room offers the perfect blend of style, comfort, and durability.",44399.00,36999.00,50,0.0,0,,,,Delivery Charges Applicable,"[""corner-sofas"",""living-room"",""best-offer""]",2026-03-16 20:39:11.049032+00,false,true,44399.00,12,Standard,0.00,,0,0,,false,true,30,,true,[],,,,,,1
1007,Butte Corner Sofa,butte-corner-sofa,133,34,"The Butte Corner Sofa is an exceptional choice for elevating the comfort and style of your living space. This sophisticated piece of living room furniture is designed to cater to both functional needs and aesthetic preferences, making it a standout option for any modern home.\n\nConstructed with premium materials, the Butte Corner Sofa promises durability and long-lasting comfort. The frame is made from solid wood, ensuring that it stands the test of time, while the plush cushions are upholstered in high-quality fabric that provides a luxurious feel. The corner design of this sofa maximizes seating space and is perfect for accommodating guests or simply enjoying a relaxing evening with family.\n\nThe versatility of the Butte Corner Sofa makes it an excellent addition to any living room. Its clean lines and contemporary design blend seamlessly with various decor styles, from minimalistic to traditional. Available in a range of colors and fabrics, you can easily find a version that complements your existing interior design.\n\nOne of the key features of the Butte Corner Sofa is its spacious seating arrangement. The corner configuration allows for ample seating, making it ideal for larger families or entertaining guests. The deep cushions and supportive backrests ensure that everyone can find a comfortable spot to sit, whether you're watching TV, reading a book, or engaging in lively conversations.\n\nIn addition to its functionality, the Butte Corner Sofa is designed with user comfort in mind. The cushions are filled with high-density foam, providing a plush yet supportive seating experience. The ergonomic design ensures that you can relax in comfort for extended periods without feeling any strain.\n\nFurthermore, the Butte Corner Sofa is not just about comfort and style—it also offers practicality. The durable upholstery is easy to clean and maintain, ensuring that your sofa continues to look great even with everyday use. The modular design allows for flexibility in arranging the sofa to fit your room layout, making it adaptable to different living spaces.\n\nWhether you’re furnishing a new home or redecorating your current space, the Butte Corner Sofa is a versatile and stylish choice that will enhance your living room's ambiance. Its blend of comfort, durability, and modern design ensures that it will be a cherished piece of furniture for years to come.",39599.00,32999.00,50,0.0,0,,,,Delivery Charges Applicable,"[""corner-sofas"",""living-room"",""best-offer""]",2026-03-16 20:39:14.447423+00,false,true,39599.00,12,Standard,0.00,,0,0,,false,true,30,,true,[],,,,,,1
1008,Calaveras Corner Sofa,calaveras-corner-sofa,133,34,"**Calaveras Corner Sofa: A Perfect Blend of Comfort and Elegance**\n\nTransform your living space into a sanctuary of comfort and style with the Calaveras Corner Sofa. Designed to be the centerpiece of your living room, this corner sofa combines luxurious seating with versatile functionality, making it an ideal choice for any home.\n\n**Design and Aesthetics**\n\nThe Calaveras Corner Sofa boasts a modern yet timeless design that seamlessly integrates with various interior styles. Its clean lines and understated elegance are complemented by plush cushions and a sleek frame, creating a sophisticated look that enhances any living room decor. The sofa’s high-quality upholstery comes in a range of colors and fabrics, allowing you to customize it to match your existing furniture and color scheme.\n\n**Comfort and Functionality**\n\nWhen it comes to comfort, the Calaveras Corner Sofa does not disappoint. The sofa features a generously padded seat and backrest, providing excellent support and relaxation for you and your guests. The high-density foam cushions offer plush comfort, while the ergonomic design ensures that the sofa is both stylish and functional. The corner configuration is perfect for maximizing seating space, making it ideal for family gatherings, movie nights, or casual lounging.\n\n**Versatility and Space-Saving**\n\nOne of the standout features of the Calaveras Corner Sofa is its versatility. The modular design allows you to arrange the sofa to suit your living room layout, whether you prefer a classic L-shape or a more open, inviting arrangement. The corner sofa can be positioned to optimize space, making it a great choice for both large and small living rooms. Additionally, the sofa’s ability to fit snugly into a corner makes it an excellent space-saving solution, providing ample seating without overwhelming the room.\n\n**Quality and Durability**\n\nCrafted with durability in mind, It is built to last. The sturdy frame is made from high-quality wood, ensuring stability and longevity. The upholstery is designed to withstand everyday wear and tear, while the cushions maintain their shape and comfort over time. The sofa is also easy to maintain, with removable covers that can be cleaned or replaced as needed.\n\n**Conclusion**\n\nIn summary, the Calaveras Corner Sofa is an excellent choice for enhancing your living room with both style and functionality. Its elegant design, comfortable seating, and versatile configuration make it a valuable addition to any home. Whether you’re looking to create a cozy reading nook or a stylish entertaining space, the Calaveras Corner Sofa offers the perfect blend of comfort, style, and practicality. Elevate your living space with this exceptional piece of living room furniture and enjoy a blend of sophistication and relaxation that complements your lifestyle.",503999.00,41999.00,50,0.0,0,,,,Delivery Charges Applicable,"[""corner-sofas"",""living-room"",""best-offer""]",2026-03-16 20:39:17.625216+00,false,true,503999.00,12,Standard,0.00,,0,0,,false,true,30,,true,[],,,,,,1
1009,Colusa Corner Sofa,colusa-corner-sofa,133,34,"**Colusa Corner Sofa: An Elegant Addition to Your Living Room**\n\nThe Colusa Corner Sofa is a perfect example of sophistication and functionality in modern living room furniture. Designed with both style and comfort in mind, this sofa set for living room is ideal for those who value both aesthetics and practicality in their home decor.\n\n**Stylish Design and Versatility**\n\nThe Colusa Corner Sofa boasts a chic, contemporary design that effortlessly complements various interior themes. Its clean lines and plush cushions offer a seamless blend of comfort and elegance, making it a versatile choice for any living space. The sofa features a modular design that allows you to configure it to suit your room’s layout, whether you’re aiming for a cozy corner or a spacious centerpiece. This flexibility ensures that the Colusa Corner Sofa can adapt to different living room sizes and shapes, providing both functionality and visual appeal.\n\n**Comfort and Quality**\n\nWhen it comes to comfort, the Colusa Corner Sofa does not disappoint. It is upholstered in high-quality fabric that feels soft and luxurious to the touch. The cushions are generously padded with high-density foam, offering excellent support for lounging and relaxation. Whether you’re hosting a gathering or enjoying a quiet evening at home, It provides a comfortable seating experience for you and your guests.\n\n**Durability and Maintenance**\n\nDurability is a key feature of the Colusa Corner Sofa. Constructed with a robust wooden frame, this sofa is built to withstand daily use while maintaining its structural integrity. The fabric is chosen for its durability and ease of cleaning, ensuring that the sofa remains looking fresh and new with minimal effort. This practicality makes it a great choice for busy households and families with young children.\n\n**Enhanced Functionality**\n\nThe Colusa Corner Sofa is not just about looks and comfort; it also offers added functionality. The design includes built-in storage compartments, perfect for stashing away magazines, remote controls, or other living room essentials. This thoughtful feature helps to keep your space organized and clutter-free, enhancing the overall functionality of your living area.\n\n**Perfect Fit for Your Home**\n\nWhether you are decorating a large living room or a cozy apartment, It fits seamlessly into any space. Its versatile design allows it to serve as both a focal point and a functional seating area. The neutral color options available make it easy to match with existing decor, while its modern silhouette ensures that it remains stylish for years to come.\n\nIn summary, the Colusa Corner Sofa is an exceptional piece of living room furniture that combines style, comfort, and practicality. Its sophisticated design, high-quality materials, and versatile functionality make it an excellent choice for any living space, enhancing both the look and feel of your home. Whether you’re looking to create a welcoming space for guests or a comfortable retreat for yourself, the Colusa Corner Sofa is the ideal addition to your living room.",64619.00,41999.00,50,0.0,0,,,,Delivery Charges Applicable,"[""corner-sofas"",""living-room"",""best-offer""]",2026-03-16 20:39:20.89718+00,false,true,64619.00,12,Standard,0.00,,0,0,,false,true,30,,true,[],,,,,,1
1010,Costa Corner Sofa-Blue,costa-corner-sofa-blue,133,34,"The Costa Corner Sofa - Blue is a prime example of versatile and elegant living room furniture that effortlessly blends comfort with style. Perfect for enhancing any living space, this sofa set for the living room promises to be a centerpiece in your home. With its sophisticated design and functionality, it caters to both relaxation and aesthetics, making it an ideal choice for those who seek both luxury and practicality in their living environment.\n\nThe Costa Corner Sofa - Blue is thoughtfully crafted to offer ample seating while maximizing space efficiency. Its corner design makes it perfect for fitting snugly into the corner of your living room, optimizing the use of available space. This feature not only provides more seating but also enhances the flow and layout of your room. Whether you're hosting a family gathering, entertaining friends, or simply enjoying a quiet evening at home, this sofa ensures that everyone has a comfortable spot to sit.\n\nConstructed with high-quality materials, the Costa Corner Sofa - Blue boasts durability and long-lasting appeal. The frame is built from robust wood, providing a sturdy foundation that supports the plush cushions and upholstered fabric. The cushions are filled with high-density foam that maintains its shape over time, ensuring that the sofa remains comfortable and supportive even with frequent use. The upholstery, available in a range of colors and textures, allows you to customize the sofa to match your interior decor, making it a versatile addition to any living room.\n\nOne of the standout features of the Costa Corner Sofa - Blue is its deep, spacious seating area. The generous proportions of the sofa provide ample room for lounging, making it perfect for relaxing after a long day. The backrests and armrests are designed to offer excellent support, ensuring that you can sit comfortably for extended periods.\n\nThe Costa Corner Sofa's modern design is characterized by clean lines, a sleek silhouette, and elegant detailing, making it a stylish complement to contemporary and traditional interiors alike. Its understated elegance allows it to blend seamlessly with various decor styles, from minimalist to classic.\n\nIn addition to its aesthetic appeal, the Costa Corner Sofa - Blue is easy to maintain. The upholstery is designed to be resistant to stains and easy to clean, ensuring that your sofa remains looking fresh and inviting with minimal effort.\n\nOverall, the Costa Corner Sofa is more than just a piece of living room furniture; it's a stylish and functional addition to your home. Its blend of comfort, durability, and design makes it an excellent choice for anyone looking to enhance their living space with a sophisticated and practical sofa set for the living room. Whether you are decorating a new home or updating your current living area, the Costa Corner Sofa is sure to provide both style and comfort for years to come.",51599.00,42999.00,50,0.0,0,,,,Delivery Charges Applicable,"[""corner-sofas"",""living-room"",""best-offer""]",2026-03-16 20:39:24.598607+00,false,true,51599.00,12,Standard,0.00,,0,0,,false,true,30,,true,[],,,,,,1
1011,Norte Corner Sofa,norte-corner-sofa,133,34,"**Norte Corner Sofa: The Pinnacle of Comfort and Style in Living Room Furniture**\n\nElevate your living space with the Norte Corner Sofa, a masterpiece in modern living room furniture. Designed to seamlessly blend comfort with contemporary aesthetics, this sofa set redefines relaxation in any living room. Whether you're hosting a lively gathering or enjoying a quiet evening, the Norte Corner Sofa offers unparalleled comfort and style.\n\nCrafted with meticulous attention to detail, the Norte Corner Sofa features a sleek, L-shaped design that fits effortlessly into the corner of your room, maximizing seating space while maintaining an elegant silhouette. The sofa is upholstered in high-quality fabric that not only enhances its visual appeal but also provides a soft, inviting feel. Choose from a variety of colors and textures to match your existing decor or create a bold new look.\n\nThe Norte Corner Sofa is built with a sturdy frame and plush cushioning, ensuring long-lasting durability and support. The cushions are filled with high-density foam that maintains its shape and comfort over time, making this sofa a smart investment for your living room. Its generous seating area comfortably accommodates multiple people, making it ideal for family gatherings or casual get-togethers with friends.\n\nOne of the standout features of the Norte Corner Sofa is its versatility. The L-shaped design allows it to function as both a cozy corner seat and an expansive lounging area. This adaptability makes it a perfect fit for various living room layouts, from compact apartments to spacious homes. Additionally, the sofa’s clean lines and modern design make it a stylish addition to any decor theme, whether you prefer a minimalist look or a more eclectic style.\n\nThe Norte Corner Sofa also offers practical benefits. Its durable fabric is easy to clean, making it a low-maintenance choice for busy households. The design includes strategically placed armrests and a supportive back that provides excellent comfort, whether you're lounging, reading, or watching TV.\n\nIn summary, It is more than just a piece of living room furniture—it's an investment in style, comfort, and functionality. Its sophisticated design, high-quality construction, and versatile features make it the perfect sofa set for any living room, enhancing your space with elegance and practicality. Transform your living area into a haven of relaxation and style with the Norte Corner Sofa.",51599.00,42999.00,50,0.0,0,,,,Delivery Charges Applicable,"[""corner-sofas"",""living-room"",""best-offer""]",2026-03-16 20:39:27.638563+00,false,true,51599.00,12,Standard,0.00,,0,0,,false,true,30,,true,[],,,,,,1
1012,Dorado Corner Sofa,dorado-corner-sofa,133,34,"The Dorado Corner Sofa is a sophisticated choice for anyone looking to enhance their living room with a blend of style, comfort, and functionality. Designed to be the centerpiece of your living space, this sofa set combines elegant aesthetics with practical features, making it an ideal addition to any modern home.\n\n**Design and Aesthetics**\nThe Dorado Corner Sofa stands out with its contemporary design and clean lines. Its sleek silhouette is complemented by plush cushions and a sturdy frame, offering a perfect balance between form and function. Upholstered in high-quality fabric or leather options, the sofa is available in a variety of colors and textures to suit different interior themes, from minimalist to classic. The fabric choices are designed for both durability and comfort, ensuring that the sofa maintains its luxurious look and feel over time.\n\n**Comfort and Functionality**\nOne of the key features of the Dorado Corner Sofa is its exceptional comfort. The sofa is engineered with a deep seating area and generously padded cushions, making it an inviting space for relaxation. The cushions are filled with high-density foam that provides excellent support while retaining their shape. Additionally, the sofa's corner design offers ample seating space, making it perfect for gatherings and family time.\n\nThe Dorado Corner Sofa also includes practical elements such as adjustable headrests and modular components that allow for flexible arrangements. Whether you need a cozy nook for a quiet evening or a spacious seating area for entertaining guests, this sofa adapts to your needs. Its corner configuration optimizes seating capacity and efficiently utilizes living room space, making it a versatile option for both small and large rooms.\n\n**Durability and Maintenance**\nConstructed with a robust frame, the Dorado Corner Sofa is built to withstand everyday use. The materials used in its construction are selected for their durability and longevity, ensuring that the sofa remains a staple in your living room for years to come. The upholstery is also designed to be easy to clean, with removable covers or stain-resistant fabrics that simplify maintenance.\n\n**Conclusion**\nIn summary, the Dorado Corner Sofa is an excellent choice for anyone seeking to upgrade their living room furniture. Its stylish design, combined with the comfort and practicality of its features, makes it a standout piece. Whether you are redecorating or simply looking for a new sofa, the Dorado Corner Sofa offers both elegance and functionality, ensuring a stylish and comfortable living space.",58799.00,48999.00,50,0.0,0,,,,Delivery Charges Applicable,"[""corner-sofas"",""living-room"",""best-offer""]",2026-03-16 20:39:33.389816+00,false,true,58799.00,12,Standard,0.00,,0,0,,false,true,30,,true,[],,,,,,1
1013,Fresno Corner Sofa,fresno-corner-sofa,133,34,"**Fresno Corner Sofa: Elegance Meets Comfort in Living Room Furniture**\n\nIntroducing the Fresno Corner Sofa, a standout piece in modern living room furniture that redefines comfort and style. Designed to enhance any living space, this sofa is the epitome of sophistication and practicality, making it an ideal choice for your sofa set for living room.\n\nThe Fresno Corner Sofa offers ample seating with its spacious and versatile design, comfortably accommodating family and guests alike. This corner sofa is perfect for those who want to make the most of their living space, as its unique L-shape allows it to fit seamlessly into corners, optimizing room layout and creating a cozy, inviting environment.\n\nCrafted with meticulous attention to detail, It boasts high-quality upholstery that adds a touch of luxury to your home. The fabric is not only visually appealing but also durable and easy to maintain, ensuring that your sofa remains a centerpiece of comfort and elegance for years to come. Its plush cushions provide exceptional support, making it an ideal spot for lounging, reading, or watching TV.\n\nIncorporating the Fresno Corner Sofa into your living room decor is effortless. Its contemporary design features clean lines and a streamlined silhouette, allowing it to blend harmoniously with various interior styles. Whether your living room features modern, traditional, or eclectic elements, this sofa complements your existing decor while adding a sophisticated touch.\n\nBeyond its aesthetic appeal, It is designed for practical living. The sofa’s modular construction means it can be arranged to suit different room configurations, offering flexibility in design and functionality. Additionally, the sturdy frame and quality construction ensure that the sofa withstands daily use, providing long-lasting comfort and support.\n\nThe Fresno Corner Sofa is more than just a piece of furniture; it’s an investment in your home’s comfort and style. As part of your living room furniture collection, it elevates the space with its blend of modern design and practical features. Perfect for entertaining guests or relaxing with family, the Fresno Corner Sofa is the ultimate choice for those seeking both elegance and functionality in their sofa set for living room.\n\nExperience the blend of luxury and comfort with the Fresno Corner Sofa and transform your living room into a stylish retreat that invites relaxation and enjoyment.",71999.00,59999.00,50,0.0,0,,,,Delivery Charges Applicable,"[""corner-sofas"",""living-room"",""best-offer""]",2026-03-16 20:39:40.898738+00,false,true,71999.00,12,Standard,0.00,,0,0,,false,true,30,,true,[],,,,,,1
1014,Glenn Corner Sofa,glenn-corner-sofa,133,34,"The Glenn Corner Sofa is a remarkable addition to any living space, meticulously designed to combine sophistication with unparalleled comfort. As a premier choice in living room furniture, the Glenn Corner Sofa offers a blend of style, functionality, and durability that elevates any interior setting. This sofa set for living room is an ideal centerpiece for creating a welcoming and stylish environment.\n\nCrafted with precision, the Glenn Corner Sofa features a sturdy wooden frame that ensures long-lasting stability. The construction is reinforced to withstand daily use while maintaining its structural integrity over time. The sofa is upholstered in high-quality fabric, available in a variety of colors and patterns, allowing you to select the perfect match for your decor. The fabric not only enhances the visual appeal but is also durable and easy to maintain, making it suitable for both casual and formal living spaces.\n\nThe design of the Glenn Corner Sofa emphasizes versatility and adaptability. Its modular layout includes a spacious corner section that maximizes seating and provides ample room for relaxation. The sofa set for living room can be customized to fit your space, whether you prefer a traditional L-shape or a more open configuration. This flexibility allows the sofa to seamlessly integrate into different room layouts and sizes.\n\nComfort is at the forefront of the Glenn Corner Sofa’s design. The cushions are filled with high-density foam that offers excellent support while ensuring a plush seating experience. The backrests and armrests are padded for added comfort, allowing you and your guests to unwind in style. The sofa’s ergonomic design promotes relaxation and enhances the overall lounging experience.\n\nIn addition to its functional features, the Glenn Corner Sofa adds a touch of elegance to any living room. Its clean lines and contemporary aesthetic make it a perfect fit for modern decor, while its timeless design ensures it will remain a stylish choice for years to come. The sofa’s sleek appearance, combined with its practical features, makes it a versatile piece that complements various interior styles.\n\nOverall, the Glenn Corner Sofa is more than just a piece of living room furniture; it’s a statement of comfort and style. Whether you’re looking to furnish a new home or refresh your existing living space, this sofa set for living room provides both functionality and elegance. Its adaptability, durability, and aesthetic appeal make it an excellent choice for creating a cozy and sophisticated living area.",71999.00,59999.00,50,0.0,0,,,,Delivery Charges Applicable,"[""corner-sofas"",""living-room"",""best-offer""]",2026-03-16 20:39:43.827713+00,false,true,71999.00,12,Standard,0.00,,0,0,,false,true,30,,true,[],,,,,,1
1015,Padang Corner Sofa,padang-corner-sofa,133,34,"The Padang Corner Sofa is an exquisite addition to any living space, seamlessly blending style and functionality to enhance your living room. Designed with meticulous attention to detail, this sofa set for living room boasts an elegant and modern aesthetic that complements various decor styles. Ideal for creating a cozy and inviting atmosphere, the Padang Corner Sofa is more than just a piece of living room furniture; it’s a centerpiece that transforms your space.\n\nConstructed with high-quality materials, the Padang Corner Sofa offers both durability and comfort. The sofa features a robust frame made from solid wood, ensuring stability and longevity. The cushions are filled with high-density foam that provides exceptional support while maintaining their shape over time. Upholstered in a premium, soft fabric, the sofa is available in a range of colors to suit your personal taste and match your living room decor. The fabric is also easy to clean, making it practical for everyday use.\n\nOne of the standout features of the Padang Corner Sofa is its versatile design. It includes a spacious corner section that maximizes seating capacity, making it perfect for hosting gatherings or family movie nights. The modular design allows you to customize the arrangement to fit your room’s layout, whether you need a traditional L-shape or a more open configuration. The sofa also includes a generous chaise lounge, providing ample space to stretch out and relax.\n\nIn addition to its functionality, the Padang Corner Sofa offers enhanced comfort with its padded armrests and backrests. The ergonomic design ensures that you and your guests can enjoy hours of lounging without discomfort. The sleek, contemporary lines of the sofa add a touch of sophistication to your living space, making it a stylish choice for any home.\n\nOverall, the Padang Corner Sofa is a versatile and attractive addition to your living room. Its combination of durability, comfort, and modern design makes it an ideal choice for anyone looking to upgrade their living room furniture. Whether you are furnishing a new home or simply refreshing your existing decor, this sofa set for living room is sure to meet your needs and exceed your expectations.",87599.00,72999.00,50,0.0,0,,,,Delivery Charges Applicable,"[""corner-sofas"",""living-room"",""best-offer""]",2026-03-16 20:39:46.799343+00,false,true,87599.00,12,Standard,0.00,,0,0,,false,true,30,,true,[],,,,,,1
1016,Trident Corner Sofa,trident-corner-sofa,133,34,"The Trident Corner Sofa is a stunning example of modern living room furniture, designed to enhance both the functionality and aesthetic appeal of your living space. This versatile piece of furniture seamlessly combines style, comfort, and practicality, making it an exceptional choice for any sofa set for living room. With its sleek lines, generous seating, and thoughtful features, the Trident Corner Sofa is perfect for creating a sophisticated and welcoming environment.\n\n**Sophisticated Design**\n\nThe Trident Corner Sofa features a contemporary design characterized by its clean lines, geometric shapes, and minimalist aesthetic. Its L-shaped configuration makes it ideal for maximizing corner spaces, allowing you to make the most of your living area. The sofa’s modern look is complemented by its elegant legs, often crafted from wood or metal, which provide a touch of sophistication and support. The design ensures that the sofa not only looks stylish but also fits seamlessly into various interior decor styles, from traditional to contemporary.\n\n**Exceptional Comfort**\n\nComfort is a key aspect of the Trident Corner Sofa. The sofa is built with a sturdy frame, typically made from high-quality wood or metal, ensuring durability and long-lasting support. The seating area is generously padded with high-density foam cushions, offering a plush and comfortable place to relax. The cushions are designed to retain their shape over time, providing consistent support for hours of lounging. Additionally, the backrests and armrests are padded to offer extra comfort and support, making the Trident Corner Sofa an excellent choice for both everyday use and special occasions.\n\n**High-Quality Upholstery**\n\nThe Trident Corner Sofa is available in a variety of upholstery options, allowing you to select the material that best complements your living room decor. Whether you prefer luxurious fabrics, durable leather, or easy-to-clean synthetic materials, the Trident Corner Sofa can be customized to meet your needs. The upholstery is chosen not only for its visual appeal but also for its durability and ease of maintenance. Available in an array of colors and patterns, this sofa can be tailored to match your existing decor or to serve as a statement piece in your living room.\n\n**Functional Features**\n\nIn addition to its design and comfort, the Trident Corner Sofa incorporates several practical features that enhance its functionality. Some models come with built-in storage solutions, such as hidden compartments or under-seat storage, providing a convenient space to keep magazines, remote controls, or other living room essentials. The modular design of the sofa allows for flexible arrangements, making it easy to adapt to different room layouts and seating needs.\n\n**Versatility**\n\nThe Trident Corner Sofa’s versatility makes it a valuable addition to any living room. Its ability to blend with various decor styles and color schemes ensures that it complements a wide range of interiors. Whether you have a large, open living space or a more compact area, this sofa can be configured to suit your specific needs and preferences.\n\n**Conclusion**\n\nIn conclusion, the Trident Corner Sofa is a premier choice for living room furniture, offering a perfect combination of style, comfort, and practicality. Its modern design, luxurious upholstery, and functional features make it an ideal sofa set for living room. Whether you’re looking to enhance the elegance of your space or seeking a comfortable and durable seating solution, the Trident Corner Sofa is designed to meet your needs and exceed your expectations, making it a timeless and valuable addition to your home.",947999.00,78999.00,50,0.0,0,,,,Delivery Charges Applicable,"[""corner-sofas"",""living-room"",""best-offer""]",2026-03-16 20:39:49.967883+00,false,true,947999.00,12,Standard,0.00,,0,0,,false,true,30,,true,[],,,,,,1
1017,Inyo Corner Sofa,inyo-corner-sofa,133,34,"The Inyo Corner Sofa is a sophisticated and practical choice for any living space, designed to blend seamlessly with various home decors. As a premier option in living room furniture, this sofa stands out for its exceptional design, comfort, and functionality, making it an ideal addition to your sofa set for living room.\n\n**Stylish Design**\n\nThe Inyo Corner Sofa features a sleek and modern design that enhances the aesthetic appeal of your living room. Its clean lines and contemporary silhouette give it a refined, stylish look that complements both traditional and modern interiors. The sofa's L-shaped configuration is perfect for optimizing corner spaces, providing ample seating while maintaining a spacious feel in your living area. This design makes it an excellent choice for creating a welcoming and stylish environment, whether you're hosting guests or enjoying a quiet evening with family.\n\n**Exceptional Comfort**\n\nComfort is at the heart of the Inyo Corner Sofa. Constructed with a robust frame, typically made from high-quality hardwood or metal, it offers durability and stability. The seating area is generously padded with high-density foam, ensuring a plush and comfortable seating experience. The foam cushions are designed to maintain their shape over time, providing consistent support and comfort. Additionally, the backrests and armrests are cushioned to offer extra support, making the Inyo Corner Sofa perfect for lounging and relaxation.\n\n**Premium Upholstery**\n\nThe Inyo Corner Sofa is available in a range of upholstery options, allowing you to select the material that best suits your style and needs. Choose from luxurious fabrics or durable leather to enhance the look and feel of your living room. The upholstery is designed to be both visually appealing and practical, resisting stains and wear while providing easy maintenance. Available in various colors and patterns, the Inyo Corner Sofa can be customized to match your existing decor or to create a striking focal point in your room.\n\n**Functional Features**\n\nBeyond its design and comfort, the Inyo Corner Sofa includes several practical features that enhance its usability. Some models come with built-in storage solutions, such as hidden compartments, perfect for keeping magazines, remotes, or other living room essentials neatly tucked away. The modular design of the sofa allows for flexible arrangements, making it easy to adapt to different room layouts or occasions.\n\n**Versatility**\n\nThe Inyo Corner Sofa's versatile design makes it a valuable addition to any living room. Its ability to blend with various styles and color schemes ensures that it complements a wide range of interiors. Whether your living space is large or compact, this sofa provides the flexibility to suit your needs and preferences.\n\n**Conclusion**\n\nIn summary, the Inyo Corner Sofa is a distinguished choice for living room furniture, offering a blend of style, comfort, and functionality. Its modern design, luxurious upholstery, and practical features make it an excellent sofa set for living room. Whether you're looking to enhance the aesthetic appeal of your space or seeking a comfortable and durable seating solution, the Inyo Corner Sofa provides an ideal combination of elegance and practicality, making it a timeless addition to your home.",94799.00,78999.00,50,0.0,0,,,,Delivery Charges Applicable,"[""corner-sofas"",""living-room"",""best-offer""]",2026-03-16 20:39:53.660596+00,false,true,94799.00,12,Standard,0.00,,0,0,,false,true,30,,true,[],,,,,,1
1018,Oxford Corner Sofa,oxford-corner-sofa,133,34,"The Oxford Corner Sofa is a premier choice for elevating your living space with both style and comfort. Designed to seamlessly integrate into a variety of home decors, this sofa set for the living room combines elegance with practical functionality, making it a versatile addition to your living area.\n\n**Elegant Design**\n\nThe Oxford Corner Sofa is renowned for its sophisticated and timeless design. With its clean lines and understated elegance, this sofa set serves as a versatile centerpiece for any living room. Its L-shaped configuration makes optimal use of corner spaces, allowing you to maximize seating while maintaining an open, airy feel in your living area. The sofa's design is perfect for creating a cozy, inviting atmosphere, whether you are entertaining guests or relaxing with family.\n\n**Luxurious Comfort**\n\nComfort is a key feature of the Oxford Corner Sofa. Constructed with a sturdy frame, often made from high-quality hardwood or metal, this sofa promises durability and long-lasting use. The seating area is generously padded with high-density foam, which ensures a plush yet supportive experience. The foam is designed to retain its shape over time, providing consistent comfort and support. Additionally, the backrests and armrests are well-cushioned to offer ample support, enhancing your lounging experience.\n\n**Premium Upholstery**\n\nThe Oxford Corner Sofa is available in a variety of upholstery options, allowing you to select the perfect match for your living room. Choose from luxurious fabrics or premium leather that not only enhance the visual appeal of the sofa but also offer practical benefits such as easy maintenance and durability. The upholstery options are designed to resist stains and wear, ensuring that the sofa retains its stylish appearance even with regular use. Whether you prefer classic neutrals or vibrant colors, the Oxford Corner Sofa can be customized to fit your design preferences.\n\n**Functional Features**\n\nBeyond its aesthetic appeal and comfort, the Oxford Corner Sofa includes several functional features that enhance its usability. Some models come with built-in storage solutions, such as compartments or hidden spaces, perfect for stowing away magazines, remotes, or other living room essentials. Additionally, the modular design allows for flexible arrangements, making it easy to adapt the sofa to different room layouts or occasions.\n\n**Versatile Use**\n\nThe Oxford Corner Sofa is not just a piece of living room furniture but a versatile component of your home decor. Its adaptable design allows it to fit seamlessly into various living room setups, whether you have a spacious open-plan area or a more compact space. Its ability to blend with different styles and color schemes makes it a valuable addition to any home.\n\n**Conclusion**\n\nIn summary, the Oxford Corner Sofa stands out as a distinguished choice for living room furniture. Its elegant design, luxurious comfort, and premium upholstery options make it a perfect sofa set for the living room. The functional features, such as built-in storage and modular arrangements, add practicality and versatility to the sofa. Whether you are looking to enhance the aesthetic of your living space or seeking a comfortable and durable seating solution, the Oxford Corner Sofa offers an ideal blend of style and functionality, making it a timeless addition to your home.",86399.00,71999.00,50,0.0,0,,,,Delivery Charges Applicable,"[""corner-sofas"",""living-room"",""best-offer""]",2026-03-16 20:39:57.55008+00,false,true,86399.00,12,Standard,0.00,,0,0,,false,true,30,,true,[],,,,,,1
1019,Parker Corner Sofa,parker-corner-sofa,133,34,"The Parker Corner Sofa is a premier choice for those looking to enhance their living space with exceptional living room furniture. This sofa set for the living room offers a perfect blend of elegance, comfort, and functionality, making it an ideal addition to any home.\n\n**Sophisticated Design**\n\nThe Parker Corner Sofa features a sophisticated and versatile design that complements a range of interior styles. Its L-shaped configuration is perfect for utilizing corner spaces effectively, maximizing both seating capacity and floor space. This design not only provides ample seating for family and friends but also creates a welcoming, intimate area in your living room. The clean lines and tailored edges of the sofa lend it a refined, contemporary look that seamlessly integrates with modern and classic décor alike.\n\n**Luxurious Comfort**\n\nComfort is at the forefront of the Parker Corner Sofa's design. It is constructed with a robust framework, typically made from high-quality hardwood or metal, which ensures durability and long-term stability. The seating area is generously cushioned with high-density foam, offering a plush and supportive experience. The foam padding retains its shape over time, ensuring that the sofa remains comfortable even with frequent use. Additionally, the backrests and armrests are thoughtfully padded to provide excellent support and comfort, making it an ideal spot for relaxing after a long day or hosting guests.\n\n**High-Quality Upholstery**\n\nThe Parker Corner Sofa is available in a variety of premium upholstery options, allowing you to tailor the sofa to match your living room’s aesthetic. From luxurious leather to durable fabric choices, the sofa’s upholstery is both stylish and functional. It is designed to resist stains and wear, making it easy to maintain its pristine appearance. Whether you prefer a classic neutral tone or a vibrant color, the Parker Corner Sofa can be customized to suit your personal taste and interior design needs.\n\n**Functional Features**\n\nBeyond its stylish design and comfort, the Parker Corner Sofa also includes several functional features that enhance its practicality. Some models come with additional components such as built-in storage, adjustable headrests, or modular sections that can be rearranged to fit different room layouts. These features ensure that the sofa adapts to your needs, whether you’re entertaining guests, lounging with family, or simply enjoying a quiet evening at home.\n\n**Conclusion**\n\nIn summary, the Parker Corner Sofa stands out as a premium option for living room furniture. Its elegant design, luxurious comfort, and customizable upholstery make it a perfect sofa set for the living room. The sofa's versatility and practicality ensure that it not only enhances the aesthetic of your living space but also meets your functional needs. Whether you’re seeking a sophisticated couch for the living room or a versatile piece of furniture that accommodates various living arrangements, the Parker Corner Sofa offers a perfect solution. Its enduring style and quality craftsmanship make it a valuable addition to any home, providing both beauty and comfort for years to come.",94200.00,78500.00,50,0.0,0,,,,Delivery Charges Applicable,"[""corner-sofas"",""living-room"",""best-offer""]",2026-03-16 20:40:00.73329+00,false,true,94200.00,12,Standard,0.00,,0,0,,false,true,30,,true,[],,,,,,1
1020,Lake Corner Sofa,lake-corner-sofa,133,34,"The Lake Corner Sofa is a distinguished choice for anyone looking to elevate their living space with stylish and functional living room furniture. Combining sophistication with comfort, this sofa set is designed to enhance the aesthetics and functionality of your living room, making it an ideal addition to both modern and traditional interiors.\n\n**Elegant Design**\n\nThe Lake Corner Sofa features a contemporary L-shaped design that optimally utilizes corner spaces, offering ample seating while maintaining a sleek and streamlined appearance. Its clean lines and minimalistic profile make it a versatile piece that blends effortlessly with various décor styles. The corner configuration not only maximizes seating but also creates a cozy, integrated area perfect for relaxation and social gatherings. The spacious design provides enough room for family and friends to enjoy, making it an excellent choice for both intimate settings and larger entertaining spaces.\n\n**Luxurious Comfort**\n\nCrafted with meticulous attention to detail, the Lake Corner Sofa prioritizes comfort without compromising on style. The sofa is built on a solid framework, often constructed from high-quality wood or metal, ensuring durability and stability. The seating area is generously padded with high-density foam, which offers a plush, supportive feel that retains its shape over time. The backrests and armrests are equally cushioned, providing a comfortable and supportive experience whether you’re lounging or entertaining. The sofa's design ensures that every seating position is equally comfortable, making it a perfect spot for long-lasting relaxation.\n\n**Versatile Upholstery**\n\nOne of the standout features of the Lake Corner Sofa is its customizable upholstery. Available in a range of high-quality fabrics and colors, the sofa allows you to choose the perfect material and hue to match your living room décor. From luxurious leather to cozy fabric options, you can select a finish that complements your interior while adding a touch of personal style. The upholstery is designed to be both aesthetically pleasing and practical, featuring stain-resistant properties for easy maintenance and long-term use.\n\n**Practical Features**\n\nThe Lake Corner Sofa also boasts several practical features that enhance its functionality. The modular design allows for flexibility in arranging the sofa to fit various room layouts, and some models may include additional features such as built-in storage or adjustable components. These added functionalities ensure that the sofa adapts to your needs and preferences, making it a versatile and practical choice for any living room.\n\n**Conclusion**\n\nIn summary, the Lake Corner Sofa stands out as an elegant and practical piece of living room furniture. Its stylish design, luxurious comfort, and customizable options make it an excellent choice for any sofa set for the living room. Whether you are looking to create a sophisticated seating area or need a functional and comfortable couch for living room gatherings, the Lake Corner Sofa offers a perfect blend of style and practicality. Its timeless appeal and durable construction ensure it will be a cherished part of your living space for years to come.",94200.00,78500.00,50,0.0,0,,,,Delivery Charges Applicable,"[""corner-sofas"",""living-room"",""best-offer""]",2026-03-16 20:40:04.109226+00,false,true,94200.00,12,Standard,0.00,,0,0,,false,true,30,,true,[],,,,,,1
1021,Harajuku Corner Sofa,harajuku-corner-sofa,133,34,"The Harajuku Corner Sofa is an elegant and versatile addition to any living room, seamlessly combining modern aesthetics with unparalleled comfort. This exceptional piece of living room furniture is designed to enhance the functionality and style of your space, making it a perfect choice for both contemporary and traditional interiors.\n\n**Sophisticated Design and Versatility**\n\nThe Harajuku Corner Sofa features a chic L-shaped design that maximizes corner space, making it ideal for both large and compact living rooms. Its sleek silhouette, clean lines, and plush cushions offer a sophisticated touch, effortlessly integrating with various décor styles. The sofa's corner configuration creates an inviting nook that is perfect for relaxing, entertaining guests, or enjoying quality family time. Its ability to fit neatly into the corner of your room while providing ample seating makes it a highly functional and space-efficient choice.\n\n**Superior Comfort and Craftsmanship**\n\nCrafted with the highest standards of quality, the Harajuku Corner Sofa is built to provide exceptional comfort and durability. The frame is constructed from robust materials such as solid wood or metal, ensuring a stable and long-lasting foundation. The seating area features high-density foam cushions that deliver a plush, comfortable experience while maintaining their shape over time. The sofa's backrests and armrests are equally padded, providing consistent support and comfort for extended periods of use.\n\n**Customizable Upholstery Options**\n\nOne of the standout features of the Harajuku Corner Sofa is its customizable upholstery. Available in a range of fabrics and colors, you can select the perfect material and hue to complement your living room décor. Whether you prefer the luxurious feel of leather, the softness of fabric, or the practicality of synthetic options, the Harajuku Corner Sofa offers a variety of choices to suit your preferences. The upholstery is designed to be both stylish and functional, with stain-resistant properties that ensure easy maintenance and long-term durability.\n\n**Functional and Practical Features**\n\nIn addition to its aesthetic appeal, the Harajuku Corner Sofa includes practical features that enhance its versatility. The modular design allows you to reconfigure the sofa to fit different room layouts or needs. Some models may offer additional functionalities such as built-in storage or adjustable headrests, further increasing the sofa's adaptability and convenience. The corner design helps optimize space, making it a smart choice for creating a cozy and stylish seating area in any living room.\n\n**Conclusion**\n\nThe Harajuku Corner Sofa stands out as a sophisticated and practical piece of living room furniture. Its elegant design, superior comfort, and customizable options make it an ideal choice for any sofa set for the living room. Whether you are looking to enhance your living space with a touch of modern elegance or create a functional and inviting area for relaxation and socializing, the Harajuku Corner Sofa offers a perfect blend of style and practicality. Its timeless appeal and durable construction ensure that it will be a cherished addition to your home for years to come.",83999.00,69999.00,50,0.0,0,,,,Delivery Charges Applicable,"[""corner-sofas"",""living-room"",""best-offer""]",2026-03-16 20:40:07.382439+00,false,true,83999.00,12,Standard,0.00,,0,0,,false,true,30,,true,[],,,,,,1
1022,Camroon Corner Sofa,camroon-corner-sofa,133,34,"The Cameroon Corner Sofa is an exceptional piece of living room furniture designed to bring both elegance and practicality to your home. This sophisticated sofa is an ideal addition to any sofa set for the living room, offering a blend of comfort, style, and functionality. With its modern design and versatile features, the Cameroon Corner Sofa enhances the overall ambiance of your living space, making it a centerpiece that combines form and function.\n\n**Design and Layout:**\n\nThe Cameroon Corner Sofa features a contemporary L-shaped design that is perfect for maximizing corner spaces in your living room. This layout not only optimizes seating capacity but also creates a welcoming and comfortable nook for relaxation and socializing. The sofa’s sleek and clean lines, coupled with its plush cushions, add a touch of modern elegance to any décor. The corner configuration encourages a more intimate and cozy environment, making it an excellent choice for both large and small living rooms.\n\n**Construction and Comfort:**\n\nBuilt with durability in mind, the Cameroon Corner Sofa is constructed from high-quality materials that ensure long-lasting performance. The frame is made from sturdy wood or metal, providing a solid foundation and exceptional stability. The seating area is upholstered with high-density foam or memory foam cushions, offering superior comfort and support. The cushions are designed to retain their shape over time, ensuring that the sofa remains comfortable and inviting with regular use. The backrests and armrests are also padded, contributing to the overall comfort of the sofa.\n\n**Upholstery and Customization:**\n\nOne of the standout features of the Cameroon Corner Sofa is its customizable upholstery options. Available in a variety of fabrics and colors, you can choose the perfect material and hue to match your living room décor. Whether you prefer the luxurious feel of leather, the softness of fabric, or the practicality of synthetic materials, the Cameroon Corner Sofa can be tailored to your preferences. The upholstery is designed to be both stylish and durable, with stain-resistant properties that make it easy to maintain and clean.\n\n**Practical Features:**\n\nIn addition to its aesthetic appeal, the Cameroon Corner Sofa offers practical features that enhance its functionality. The modular design allows for flexible arrangement, so you can adjust the sofa’s configuration to suit different room layouts or needs. Some models may include built-in storage options or additional features such as adjustable headrests, providing added convenience and versatility. The corner design also helps to optimize space, making it an excellent choice for both large and compact living areas.\n\n**Conclusion:**\n\nOverall, the Cameroon Corner Sofa is a versatile and stylish piece of living room furniture that combines modern design with practical features. Its elegant appearance, durable construction, and customizable options make it an ideal choice for any sofa set for the living room. Whether you’re looking to create a cozy corner for family gatherings or a chic seating area for entertaining guests, the Cameroon Corner Sofa offers both comfort and sophistication. Its ability to seamlessly blend with various décor styles ensures that it will be a cherished addition to your living space for years to come.",75200.00,62700.00,50,0.0,0,,,,Delivery Charges Applicable,"[""corner-sofas"",""living-room"",""best-offer""]",2026-03-16 20:40:10.530432+00,false,true,75200.00,12,Standard,0.00,,0,0,,false,true,30,,true,[],,,,,,1
1023,Brio Corner Sofa,brio-corner-sofa,133,34,"The Brio Corner Sofa is a stylish and versatile addition to any living room, expertly designed to enhance both the aesthetics and functionality of your space. This corner sofa seamlessly integrates into a variety of interior styles, making it an ideal choice for your living room furniture needs. It is a perfect fit for any sofa set for the living room, offering comfort, elegance, and practicality.\n\n**Design and Layout:**\n\nThe Brio Corner Sofa features a contemporary L-shaped design that effectively utilizes corner spaces, providing ample seating for family and guests. Its layout not only maximizes seating capacity but also creates a cozy and inviting nook in your living room. The sofa’s sleek lines and modern profile make it a versatile piece that complements both traditional and modern décor. The corner configuration encourages a more relaxed and communal atmosphere, ideal for both casual lounging and social gatherings.\n\n**Construction and Comfort:**\n\nConstructed with a robust frame, the Brio Corner Sofa is designed for durability and long-lasting performance. The frame is made from high-quality wood or metal, ensuring stability and resilience. The seating area is generously padded with high-density foam or memory foam, which delivers exceptional comfort and support. The cushions are crafted to maintain their shape and plushness over time, providing a consistently comfortable seating experience. The backrests and armrests are also cushioned to offer additional support and comfort.\n\n**Upholstery and Customization:**\n\nThe Brio Corner Sofa is available in a range of upholstery options, allowing you to customize the look to suit your living room décor. Choose from luxurious fabrics, durable leathers, or easy-to-clean synthetic materials to match your style and practical needs. The variety of colors and textures available ensures that you can find the perfect match for your home. The upholstery is designed to be both stylish and durable, with stain-resistant properties that make it easy to maintain.\n\n**Practical Features:**\n\nIn addition to its aesthetic appeal, the Brio Corner Sofa offers several practical features. The modular design allows for flexible arrangements, making it easy to adjust the sofa to fit various room layouts. Some models may include additional features such as built-in storage compartments or adjustable headrests, enhancing the sofa’s functionality and versatility. The corner configuration also helps in optimizing space, making it ideal for both large and small living rooms.\n\n**Conclusion:**\n\nOverall, the Brio Corner Sofa is an exceptional piece of living room furniture that combines style, comfort, and practicality. Its modern design, durable construction, and customizable upholstery options make it a valuable addition to any sofa set for the living room. Whether you’re looking to create a cozy corner for relaxation or a stylish seating area for entertaining, the Brio Corner Sofa delivers on all fronts, making it a cherished centerpiece in your living space. Its ability to blend seamlessly with a variety of décor styles ensures that it will remain a favorite for years to come.",95999.00,79999.00,50,0.0,0,,,,Delivery Charges Applicable,"[""corner-sofas"",""living-room"",""best-offer""]",2026-03-16 20:40:13.730116+00,false,true,95999.00,12,Standard,0.00,,0,0,,false,true,30,,true,[],,,,,,1
1024,Marin Corner Sofa,marin-corner-sofa,133,34,"The Marin Corner Sofa is an exquisite piece of living room furniture designed to elevate the style and functionality of your space. This versatile and elegant sofa is the perfect addition to any sofa set for the living room, offering both luxury and practicality. Its sleek design and thoughtful features make it a standout choice for enhancing your living area, providing comfort and visual appeal.\n\n**Design and Layout:**\n\nThe Marin Corner Sofa boasts a sophisticated L-shaped design, ideal for optimizing corner space in your living room. This layout not only maximizes seating capacity but also creates a welcoming and cozy environment. The sofa’s clean lines and contemporary profile make it a perfect fit for modern or transitional décor, seamlessly blending with various interior styles. Its spacious seating area allows for comfortable lounging and socializing, making it a central gathering spot for family and friends.\n\n**Construction and Comfort:**\n\nCrafted with high-quality materials, the Marin Corner Sofa is built to provide long-lasting durability and support. The frame is constructed from solid wood or reinforced metal, ensuring stability and strength. The seating cushions are filled with high-density foam or premium memory foam, offering exceptional comfort and resilience. The cushions are designed to retain their shape over time, ensuring that the sofa maintains its inviting and plush feel even with frequent use. The backrests and armrests are also padded to enhance overall comfort.\n\n**Upholstery and Customization:**\n\nThe Marin Corner Sofa is available in a variety of upholstery options, allowing you to choose the perfect material and color to complement your living room décor. Whether you prefer the luxurious feel of leather or the softness of fabric, the sofa can be customized to match your style. The upholstery is not only stylish but also durable and easy to maintain, featuring stain-resistant properties that help keep the sofa looking pristine with minimal effort.\n\n**Practical Features:**\n\nIn addition to its aesthetic appeal, the Marin Corner Sofa offers practical features that enhance its functionality. The sofa’s modular design allows for flexible arrangement, so you can adjust its configuration to suit different room layouts or needs. Some models may include built-in storage solutions or additional features such as adjustable headrests, providing added convenience and versatility.\n\n**Conclusion:**\n\nOverall, the Marin Corner Sofa is a refined and functional piece of living room furniture that combines style, comfort, and practicality. Its modern design, durable construction, and customizable options make it an excellent choice for any living room. Whether you’re looking to create a stylish seating area or a cozy corner for relaxation, the Marin Corner Sofa offers both elegance and utility, making it a valuable addition to your home. Its ability to blend seamlessly with various décor styles while providing exceptional comfort ensures that it will be a cherished part of your living space for years to come.",83100.00,69300.00,50,0.0,0,,,,Delivery Charges Applicable,"[""corner-sofas"",""living-room"",""best-offer""]",2026-03-16 20:40:17.00802+00,false,true,83100.00,12,Standard,0.00,,0,0,,false,true,30,,true,[],,,,,,1
1025,Book Shelf Corner Sofa,book-shelf-corner-sofa,133,34,"<div>The Book Shelf Corner Sofa is a unique and functional piece of living room furniture that seamlessly combines comfort with practicality. Designed to enhance your living space, this sofa offers a perfect blend of style and utility, making it an ideal choice for any sofa set for the living room. Its innovative design features built-in book shelves that provide both aesthetic appeal and functional storage, making it a standout piece in any living room setup.</div>\n<div></div>\n<div>**Design and Layout:**</div>\n<div></div>\n<div>The Book Shelf Corner Sofa boasts a distinctive L-shaped design that fits elegantly into the corner of your living room. This design not only maximizes seating capacity but also optimizes the use of available space. The sofa's sleek, modern profile is complemented by the integrated book shelves that flank the seating area. These shelves are designed to hold books, decorative items, or personal mementos, adding a touch of personalization and style to your living space. The corner design also creates a cozy nook, making it an inviting spot for relaxation or conversation.</div>\n<div></div>\n<div>**Construction and Comfort:**</div>\n<div></div>\n<div>Constructed with durability in mind, the Book Shelf Corner Sofa features a robust frame made from high-quality materials such as solid wood or metal. This ensures the sofa remains stable and sturdy even with frequent use. The seating area is generously padded with high-density foam or memory foam, offering exceptional comfort and support. The foam is designed to retain its shape over time, providing a plush and inviting seat for lounging or entertaining. The backrests and armrests are also cushioned to enhance overall comfort.</div>\n<div></div>\n<div>**Upholstery and Customization:**</div>\n<div></div>\n<div>The Book Shelf Corner Sofa is available in a range of upholstery options, allowing you to customize the look to match your living room decor. Whether you prefer the luxurious feel of leather or the softness of fabric, you can choose the material and color that best suits your style. The upholstery is designed to be both durable and easy to maintain, with stain-resistant properties that help keep the sofa looking fresh and elegant.</div>\n<div></div>\n<div>**Practical Features:**</div>\n<div></div>\n<div>Beyond its stylish design, the Book Shelf Corner Sofa offers practical features that make it a versatile addition to your living room. The built-in book shelves provide convenient storage for books, magazines, and decorative items, helping to keep your living space organized and clutter-free. Additionally, the modular design allows for flexible arrangement, so you can adapt the sofa to fit different room layouts or change its configuration as needed.</div>\n<div></div>\n<div>**Conclusion:**</div>\n<div></div>\n<div>Overall, the Book Shelf Corner Sofa is a sophisticated and functional piece of living room furniture that combines style, comfort, and practicality. Its unique design, durable construction, and customizable options make it an excellent choice for enhancing any living room. Whether you're looking to create a cozy reading nook or a stylish seating area, the Book Shelf Corner Sofa offers both elegance and utility, making it a valuable addition to your home.</div>",83100.00,69300.00,50,0.0,0,,,,Delivery Charges Applicable,"[""corner-sofas"",""living-room"",""best-offer""]",2026-03-16 20:40:20.392185+00,false,true,83100.00,12,Standard,0.00,,0,0,,false,true,30,,true,[],,,,,,1
1026,Mendocino Corner Sofa,mendocino-corner-sofa,133,34,"The Mendocino Corner Sofa is a sophisticated and versatile piece of living room furniture designed to enhance both the aesthetics and functionality of your home. With its elegant design and practical features, this corner sofa stands out as an exceptional choice for anyone looking to elevate their living space. Perfectly suited for a modern or traditional home, the Mendocino Corner Sofa serves as a stylish centerpiece in any sofa set for the living room, offering ample comfort and support for family and guests alike.\n\n**Design and Layout:**\n\nThe Mendocino Corner Sofa features a chic L-shaped design that maximizes corner space while providing generous seating. This configuration allows it to fit snugly into the corner of a room, making it an ideal solution for optimizing seating arrangements in both small and large living rooms. Its clean lines and minimalist profile contribute to a contemporary look, while its spacious seating area ensures comfort and relaxation. The L-shape design also creates a natural gathering point for conversations and socializing, making it perfect for entertaining.\n\n**Construction and Comfort:**\n\nConstructed with durability in mind, the Mendocino Corner Sofa boasts a sturdy frame made from high-quality materials, such as solid wood or metal. This robust construction provides reliable support and longevity, ensuring that the sofa remains a staple in your living room for years to come. The seating is cushioned with high-density foam or memory foam, offering a plush and supportive experience. The foam is engineered to retain its shape over time, so the sofa maintains its inviting feel even with frequent use.\n\n**Upholstery and Customization:**\n\nThe Mendocino Corner Sofa is available in a range of premium upholstery options, allowing you to tailor it to your decor style. Whether you prefer the luxurious feel of leather or the soft touch of fabric, you can choose the material and color that best complements your living room. The upholstery is designed for easy maintenance, featuring stain-resistant properties and durability to withstand everyday wear and tear. This ensures that your sofa remains looking fresh and elegant with minimal effort.\n\n**Practical Features:**\n\nIn addition to its aesthetic appeal, the Mendocino Corner Sofa offers practical features that enhance its functionality. Some models include built-in storage compartments, providing a convenient place to keep items organized and out of sight. The modular design allows for flexible arrangement, enabling you to reconfigure the sofa to suit different room layouts or adapt to changing needs.\n\n**Conclusion:**\n\nOverall, the Mendocino Corner Sofa is a refined and functional piece of living room furniture that combines style, comfort, and versatility. Its modern design, durable construction, and customizable options make it an excellent choice for enhancing any living room. Whether you’re hosting gatherings or simply enjoying a quiet evening at home, the Mendocino Corner Sofa offers both elegance and practicality, making it a valuable addition to your home.",84000.00,70000.00,50,0.0,0,,,,Delivery Charges Applicable,"[""corner-sofas"",""living-room"",""best-offer""]",2026-03-16 20:40:23.867762+00,false,true,84000.00,12,Standard,0.00,,0,0,,false,true,30,,true,[],,,,,,1
1027,Merced Corner Sofa,merced-corner-sofa,133,34,"The Merced Corner Sofa is a stunning addition to any living space, offering a blend of style, comfort, and functionality. Perfectly suited for enhancing your living room, this sofa serves as an elegant centerpiece in any sofa set for the living room. Its design is tailored to elevate the ambiance of your home while providing a cozy and inviting environment.\n\n**Design and Configuration:**\n\nThe Merced Corner Sofa is designed with an L-shaped configuration that optimizes corner space, making it a great choice for both large and small living rooms. Its sleek and contemporary design features clean lines and a minimalist aesthetic, allowing it to complement a wide range of decor styles—from modern to traditional. The L-shape configuration not only enhances the seating capacity but also helps in creating a defined and comfortable seating area. This setup is perfect for entertaining guests or enjoying family time, as it allows everyone to gather comfortably.\n\n**Construction and Comfort:**\n\nCrafted with a focus on durability, the Merced Corner Sofa features a robust frame made from high-quality materials such as solid wood or metal. This ensures that the sofa remains stable and sturdy even with regular use. The seating area is generously padded with high-density foam, which provides a plush and supportive experience. This foam is designed to retain its shape over time, ensuring that the sofa remains comfortable and inviting. The backrests and cushions are ergonomically designed to offer optimal support, making it a great choice for relaxation.\n\n**Upholstery and Customization:**\n\nThe Merced Corner Sofa offers a variety of upholstery options, allowing you to customize the look and feel to match your living room decor. Available in a range of premium fabrics and colors, you can choose the perfect finish to suit your taste and style. Whether you prefer the sophisticated look of leather or the soft texture of fabric, the sofa can be tailored to meet your preferences. The upholstery is designed for easy maintenance, with stain-resistant and durable materials that help keep the sofa looking pristine.\n\n**Practical Features:**\n\nIn addition to its stylish design, the Merced Corner Sofa includes practical features that enhance its functionality. Some models come with built-in storage compartments, offering a convenient place to keep everyday items organized and out of sight. The modular design allows for flexible arrangement, so you can easily adapt the sofa to different room layouts or reconfigure it as needed.\n\n**Conclusion:**\n\nOverall, the Merced Corner Sofa is a versatile and sophisticated piece of living room furniture that combines style, comfort, and practicality. Its modern design, durable construction, and customizable options make it an excellent choice for any living room setting. Elevate your home with the Merced Corner Sofa and enjoy a refined and functional addition to your living space.",76500.00,63800.00,50,0.0,0,,,,Delivery Charges Applicable,"[""corner-sofas"",""living-room"",""best-offer""]",2026-03-16 20:40:27.369844+00,false,true,76500.00,12,Standard,0.00,,0,0,,false,true,30,,true,[],,,,,,1
1028,Charlie Corner Sofa,charlie-corner-sofa,133,34,"The Charlie Corner Sofa is an ideal choice for anyone looking to enhance their living space with both style and functionality. Designed to be a standout piece in any living room, this corner sofa effortlessly combines modern aesthetics with practical features, making it a valuable addition to any sofa set for the living room.\n\n**Design and Layout:**\n\nThe Charlie Corner Sofa features a smart L-shaped design, which is perfect for maximizing corner space while providing ample seating for family and guests. This configuration helps to create a welcoming and cozy environment, allowing you to entertain or relax with ease. Its sleek and contemporary lines make it a versatile piece that complements various decor styles, from minimalist and modern to traditional and eclectic.\n\n**Construction and Comfort:**\n\nConstructed with a focus on durability and comfort, the Charlie Corner Sofa boasts a strong frame made from high-quality materials such as solid wood or metal. This sturdy foundation ensures long-term stability and support, even with regular use. The seating area is generously padded with high-density foam or memory foam, providing a plush and supportive seating experience. This cushioning helps maintain its shape over time, ensuring consistent comfort for all users.\n\n**Upholstery and Customization:**\n\nOne of the standout features of the Charlie Corner Sofa is its range of upholstery options. Available in a variety of premium fabrics and colors, you can easily find the perfect match for your living room decor. Whether you prefer the luxurious feel of leather or the soft texture of fabric, the sofa can be customized to suit your taste and needs. The upholstery is also designed to be durable and easy to clean, helping you keep the sofa looking fresh and stylish with minimal maintenance.\n\n**Practical Features:**\n\nIn addition to its aesthetic appeal, the Charlie Corner Sofa is designed with practical features that enhance its functionality. The modular design allows for flexibility in arranging the sofa to fit different room layouts or reconfigure it as your needs change. Some models may also include built-in storage compartments, providing a convenient solution for keeping everyday items organized and out of sight.\n\n**Conclusion:**\n\nOverall, the Charlie Corner Sofa is more than just a piece of living room furniture; it is a blend of style, comfort, and practicality. Its modern design, robust construction, and customizable options make it a standout choice for any living room. Elevate your home with the Charlie Corner Sofa and enjoy a sophisticated and functional addition to your living space that combines elegance with everyday convenience.",83400.00,69500.00,50,0.0,0,,,,Delivery Charges Applicable,"[""corner-sofas"",""living-room"",""best-offer""]",2026-03-16 20:40:30.499858+00,false,true,83400.00,12,Standard,0.00,,0,0,,false,true,30,,true,[],,,,,,1
1029,Zara Corner Sofa,zara-corner-sofa,133,34,"The Zara Corner Sofa is an exemplary piece of living room furniture designed to bring a touch of elegance and comfort to your home. Ideal for enhancing any sofa set for the living room, this versatile and stylish corner sofa combines modern design with practical features, making it a superb choice for both contemporary and classic interiors.\n\n**Design and Configuration:**\n\nThe Zara Corner Sofa is thoughtfully designed to fit seamlessly into the corner of your living room, optimizing the use of available space. Its L-shaped configuration not only offers ample seating but also creates a cozy and inviting atmosphere. This design allows you to comfortably accommodate family and guests while maintaining an open and spacious feel in the room. The sofa’s clean lines and contemporary aesthetic make it a perfect match for various decor styles, from modern minimalism to traditional elegance.\n\n**Construction and Comfort:**\n\nCrafted with durability and comfort in mind, the Zara Corner Sofa features a robust frame made from high-quality materials such as solid hardwood or metal. This construction ensures long-lasting stability and support, making it a reliable choice for everyday use. The seating area is padded with high-density foam, which provides a plush and comfortable experience while retaining its shape over time. This foam cushioning ensures that you and your guests can enjoy a relaxed seating experience, whether you’re lounging or entertaining.\n\n**Upholstery and Customization:**\n\nThe Zara Corner Sofa offers a range of upholstery options, allowing you to customize the look and feel of the sofa to suit your personal style and the existing decor of your living room. Choose from a variety of premium fabrics and colors to find the perfect match for your space. The upholstery is designed to be both stylish and practical, with easy-to-clean properties that help maintain the sofa’s appearance with minimal effort. Whether you prefer the sleek look of leather or the soft texture of fabric, the Zara Corner Sofa can be tailored to fit your preferences.\n\n**Practical Features:**\n\nIn addition to its aesthetic appeal, the Zara Corner Sofa includes practical features that enhance its functionality. Built-in storage compartments offer convenient space for stowing away everyday items, keeping your living area organized and clutter-free. The sofa’s modular design allows for flexible arrangement, making it easy to adapt to different room layouts or reconfigure as your needs change. This versatility ensures that the Zara Corner Sofa remains a valuable addition to your home for years to come.\n\n**Conclusion:**\n\nOverall, the Zara Corner Sofa is more than just a piece of living room furniture; it is a blend of style, comfort, and practicality. Its modern design, durable construction, and customizable options make it an ideal choice for any living room. Enhance your home with the Zara Corner Sofa and enjoy a sophisticated and functional addition to your living space.",67200.00,56000.00,50,0.0,0,,,,Delivery Charges Applicable,"[""corner-sofas"",""living-room"",""best-offer""]",2026-03-16 20:40:33.781288+00,false,true,67200.00,12,Standard,0.00,,0,0,,false,true,30,,true,[],,,,,,1
1030,Monterey Corner Sofa,monterey-corner-sofa,133,34,"The Monterey Corner Sofa stands as an epitome of elegance and comfort in the realm of living room furniture. Designed to be the centerpiece of any sofa set for the living room, this sofa combines style, functionality, and comfort, making it an ideal choice for modern homes.\n\n**Design and Configuration:**\n\nThe Monterey Corner Sofa is crafted to seamlessly fit into the corner of your living space, making optimal use of available space while creating a cozy and inviting seating area. Its L-shaped design not only enhances the flow of your room but also maximizes seating capacity. This configuration is perfect for accommodating guests and enjoying family time in a spacious yet intimate setting. The sofa’s clean lines and contemporary design make it a versatile addition that complements various decor styles, from modern and minimalist to classic and traditional.\n\n**Construction and Comfort:**\n\nConstructed with durability in mind, the Monterey Corner Sofa features a robust frame made from high-quality hardwood or metal, ensuring long-lasting stability and support. The frame is designed to withstand regular use while maintaining its structural integrity. The seating area is generously padded with high-density foam, providing a plush and comfortable seating experience. This foam is engineered to retain its shape and resilience over time, offering consistent comfort for years to come.\n\n**Upholstery and Customization:**\n\nThe upholstery of the Monterey Corner Sofa is available in a wide range of premium fabrics and colors, allowing you to tailor the sofa to fit your personal style and existing decor. Whether you prefer the luxurious feel of leather or the soft, breathable quality of fabric, you can select an option that best suits your home. The upholstery is designed for easy maintenance, making it simple to keep the sofa looking fresh and stylish with minimal effort.\n\n**Practical Features:**\n\nIn addition to its aesthetic appeal, the Monterey Corner Sofa incorporates several practical features that enhance its functionality. The sofa often includes built-in storage compartments, perfect for keeping everyday items organized and out of sight. Its modular design allows for flexible arrangements, enabling you to adapt the sofa to fit different room layouts or reconfigure it as needed. This versatility makes the Monterey Corner Sofa a practical choice for various living room settings.\n\n**Conclusion:**\n\nOverall, the Monterey Corner Sofa is more than just a piece of living room furniture; it is a statement of modern elegance and practicality. Its stylish design, durable construction, and customizable options make it the perfect sofa for any living room. Enhance your home with the Monterey Corner Sofa and enjoy the perfect blend of comfort, style, and functionality.",67200.00,56000.00,50,0.0,0,,,,Delivery Charges Applicable,"[""corner-sofas"",""living-room"",""best-offer""]",2026-03-16 20:40:37.177132+00,false,true,67200.00,12,Standard,0.00,,0,0,,false,true,30,,true,[],,,,,,1
1031,Nevada Corner Sofa,nevada-corner-sofa,133,34,"The Nevada Corner Sofa is an exceptional choice for elevating your living room, offering both sophisticated design and unparalleled comfort. As a pivotal piece of living room furniture, this sofa seamlessly combines functionality with modern aesthetics, making it a perfect addition to any sofa set for the living room.\n\nDesigned to fit elegantly into the corner of your room, the Nevada Corner Sofa maximizes available space while providing ample seating. This thoughtful configuration is ideal for creating a cozy and inclusive seating area in your living space, whether you have a large open-plan room or a more compact area. By optimizing the corner space, it ensures that you and your guests can enjoy a generous seating arrangement without compromising on the flow and openness of the room.\n\nConstructed with high-quality materials, the Nevada Corner Sofa features a robust frame that ensures durability and stability. Typically made from solid hardwood or reinforced metal, the frame is built to withstand everyday use while providing reliable support. The cushions are filled with high-density foam, offering a plush and comfortable seating experience that maintains its shape over time. This combination of a sturdy frame and resilient cushioning guarantees that the Nevada Corner Sofa will be a long-lasting and reliable addition to your living room.\n\nThe upholstery of the Nevada Corner Sofa is available in a variety of premium fabrics and colors, allowing you to customize the sofa to suit your personal style and existing decor. Whether you prefer the sleek sophistication of leather or the inviting texture of fabric, the Nevada Corner Sofa can be tailored to match your home’s aesthetic. The upholstery is designed for ease of maintenance, ensuring that the sofa remains looking fresh and stylish with minimal effort.\n\nIn addition to its design and comfort, the Nevada Corner Sofa incorporates practical features that enhance its functionality. The sofa often includes built-in storage compartments, perfect for keeping everyday essentials organized and easily accessible. The modular design allows for flexibility in arrangement, enabling you to adapt the sofa to fit different room layouts or reconfigure it as needed.\n\nOverall, the Nevada Corner Sofa is more than just a piece of living room furniture; it is a statement of modern elegance and practicality. Its stylish design, combined with durable construction and customizable options, makes it the ideal sofa for any living room. Enhance your home with the Nevada Corner Sofa and enjoy a perfect blend of style, comfort, and functionality.",67800.00,56500.00,50,0.0,0,,,,Delivery Charges Applicable,"[""corner-sofas"",""living-room"",""best-offer""]",2026-03-16 20:40:40.357808+00,false,true,67800.00,12,Standard,0.00,,0,0,,false,true,30,,true,[],,,,,,1
1032,Domino Corner Sofa,domino-corner-sofa,133,34,"Introducing the Domino Corner Sofa, a sophisticated and versatile addition to your living room furniture collection. Designed to be the centerpiece of any sofa set for the living room, the Domino Corner Sofa combines modern aesthetics with practical features, making it an ideal choice for contemporary homes.\n\nThe Domino Corner Sofa's design is centered around its clever corner configuration, which allows it to fit seamlessly into the corner of your living room. This layout maximizes seating capacity while ensuring that the room remains open and airy. Whether you’re furnishing a spacious area or a more compact living space, the Domino Corner Sofa provides a generous seating arrangement without overwhelming the room. Its sleek lines and minimalist design make it a versatile choice that complements a variety of decor styles, from modern to traditional.\n\nCrafted with a focus on durability and comfort, It features a robust frame constructed from high-quality materials such as solid hardwood or metal. This sturdy construction ensures that the sofa remains stable and supportive, even with regular use. The cushions are filled with high-density foam, which offers a plush and comfortable seating experience while maintaining its shape over time. This combination of a durable frame and resilient cushioning makes the Domino Corner Sofa a practical investment for your living room.\n\nThe upholstery options for the Domino Corner Sofa are extensive, allowing you to choose from a range of premium fabrics and colors. Whether you prefer the sleek sophistication of leather or the soft, inviting texture of fabric, the Domino Corner Sofa can be customized to suit your personal taste and existing decor. The upholstery is designed to be easy to clean and maintain, ensuring that the sofa remains in excellent condition with minimal effort.\n\nIn addition to its stylish appearance and comfortable seating, the Domino Corner Sofa includes several practical features that enhance its functionality. Built-in storage compartments offer convenient space for storing everyday items, helping to keep your living area organized and clutter-free. Additionally, the sofa’s modular design allows for flexibility in arrangement, so you can adapt it to fit different room layouts or reconfigure it as needed.\n\nOverall, the Domino Corner Sofa is more than just a piece of living room furniture—it is a statement of contemporary elegance and versatility. Its modern design, combined with its durable construction and customizable features, makes it the perfect sofa for the living room. Elevate your home with the Domino Corner Sofa and enjoy a blend of style, comfort, and practicality that enhances your living space.",64800.00,54000.00,50,0.0,0,,,,Delivery Charges Applicable,"[""corner-sofas"",""living-room"",""best-offer""]",2026-03-16 20:40:43.641647+00,false,true,64800.00,12,Standard,0.00,,0,0,,false,true,30,,true,[],,,,,,1
1033,Placer Corner Sofa,placer-corner-sofa,133,34,"The Placer Corner Sofa is a standout piece of living room furniture that brings together style, functionality, and comfort. As a centerpiece in any sofa set for the living room, the Placer Corner Sofa is designed to enhance your home with its modern aesthetic and versatile design.\n\nThe defining feature of the Placer Corner Sofa is its ingenious corner configuration, which makes optimal use of your living room’s space. By fitting snugly into the corner of your room, this sofa maximizes seating capacity while maintaining a sleek and compact footprint. This arrangement is particularly advantageous for smaller rooms where space is at a premium, as it allows for a larger seating area without overwhelming the space. Whether you’re hosting a gathering or enjoying a quiet evening at home, the Placer Corner Sofa provides a comfortable and inclusive seating solution.\n\nConstructed with a solid and durable frame, the Placer Corner Sofa is built to withstand everyday use. The frame is typically made from high-quality hardwood or metal, offering excellent stability and longevity. The cushions are filled with high-density foam, which provides a plush and supportive seating experience. This foam maintains its shape and resilience over time, ensuring that the sofa continues to offer exceptional comfort. This combination of durability and comfort makes it a practical choice for any living room.\n\nThe upholstery of the Placer Corner Sofa is available in a variety of luxurious fabrics and colors, allowing you to customize the sofa to suit your personal style and existing decor. Whether you prefer the sleek elegance of leather or the cozy appeal of fabric, It can be tailored to fit your home’s aesthetic. The upholstery is designed for easy cleaning and maintenance, ensuring that the sofa remains a beautiful and functional part of your living space with minimal effort.\n\nIn addition to its stylish design and comfort, It features several practical elements that enhance its functionality. Built-in storage compartments are ideal for keeping your living area organized, while adjustable headrests provide personalized comfort and support. These features add to the sofa’s versatility, making it an excellent choice for various living room settings.\n\nIn summary, the Placer Corner Sofa is more than just a piece of living room furniture; it is a statement of modern elegance and practicality. Its sophisticated design, combined with its functional features and customizable options, makes it the perfect sofa for any living room. Elevate your home with the Placer Corner Sofa and enjoy the perfect balance of style, comfort, and utility.",63600.00,53000.00,50,0.0,0,,,,Delivery Charges Applicable,"[""corner-sofas"",""living-room"",""best-offer""]",2026-03-16 20:40:47.008993+00,false,true,63600.00,12,Standard,0.00,,0,0,,false,true,30,,true,[],,,,,,1
1034,Spasso Corner Sofa,spasso-corner-sofa,133,34,"The Spasso Corner Sofa is a distinguished addition to your living room furniture collection, designed to merge style, comfort, and practicality. As a central piece of any sofa set for the living room, this sofa transforms your space into a sophisticated and welcoming environment, perfect for both everyday use and special gatherings.\n\nFeaturing an innovative corner configuration, the Spasso Corner Sofa is crafted to make the most of your living area’s layout. Its design allows it to fit neatly into the corner of your room, providing ample seating without overpowering the space. This setup not only optimizes seating capacity but also ensures that every corner of your living room is utilized efficiently, creating a spacious and inclusive atmosphere for family and friends.\n\nConstructed with meticulous attention to detail, It boasts a robust frame made from high-quality materials such as solid hardwood or reinforced metal. This sturdy construction ensures long-lasting durability and stability, making the sofa a reliable choice for daily use. The cushions are filled with high-density foam, providing a plush, supportive seating experience that retains its shape and comfort even with frequent use. This thoughtful design makes the Spasso Corner Sofa a practical and enduring addition to your living room.\n\nThe upholstery of the Spasso Corner Sofa is available in an array of luxurious fabrics and colors, allowing you to select the option that best complements your existing décor. Whether you prefer the sleek sophistication of leather or the soft, inviting feel of textured fabric, the Spasso Corner Sofa can be customized to match your home’s style. The high-quality upholstery is designed for ease of maintenance, ensuring that your sofa remains both beautiful and functional with minimal effort.\n\nBeyond its striking design and exceptional comfort, the Spasso Corner Sofa incorporates several practical features to enhance its usability. The sofa includes built-in storage compartments, perfect for keeping everyday essentials close at hand while maintaining a tidy living area. Additionally, the sofa features adjustable headrests that provide personalized comfort and support, catering to your specific needs.\n\nIn essence, the Spasso Corner Sofa is more than just a piece of living room furniture; it is a statement of elegance and functionality. Its modern design, combined with practical features and customizable options, makes it the ideal sofa for the living room. Create a stylish and inviting space with the Spasso Corner Sofa and experience the perfect balance of sophistication, comfort, and utility.",78000.00,65000.00,50,0.0,0,,,,Delivery Charges Applicable,"[""corner-sofas"",""living-room"",""best-offer""]",2026-03-16 20:40:50.192543+00,false,true,78000.00,12,Standard,0.00,,0,0,,false,true,30,,true,[],,,,,,1
1035,Energia Corner Sofa,energia-corner-sofa,133,34,"Introducing the Energia Corner Sofa, a sophisticated piece of living room furniture designed to elevate your home's comfort and style. This luxurious sofa set for the living room is the perfect blend of elegance and functionality, offering a seamless addition to any contemporary or traditional décor.\n\nThe Energia Corner Sofa features a sleek, modern design that fits effortlessly into any living room layout. Its corner configuration maximizes seating capacity while efficiently utilizing space, making it ideal for both expansive and compact areas. By fitting neatly into the corner of your room, this sofa ensures that you can make the most of your living space without sacrificing style or comfort. Whether you're hosting a lively gathering or enjoying a quiet evening, It provides a welcoming and inclusive seating area for all.\n\nCrafted with the utmost attention to detail, It is built to offer enduring quality and support. The frame is constructed from high-quality hardwood or metal, ensuring a sturdy and reliable foundation. This robust construction provides excellent stability and durability, so you can enjoy the sofa's comfort and style for years to come. The cushions are filled with high-density foam, which offers a plush, supportive seating experience that maintains its shape and resilience even with regular use. This thoughtful design makes the Energia Corner Sofa a practical and luxurious choice for any living space.\n\nThe upholstery of the Energia Corner Sofa is available in a variety of premium fabrics and colors, allowing you to customize it to fit your personal style and existing décor. From sleek leather finishes to cozy, textured fabrics, you can select the option that best complements your living room’s aesthetic. The upholstery is not only visually appealing but also easy to clean and maintain, ensuring that your sofa remains in pristine condition with minimal effort.\n\nIn addition to its stylish design and comfortable seating, the Energia Corner Sofa includes practical features that enhance its functionality. The sofa offers adjustable headrests and built-in storage compartments, providing added convenience and support. The adjustable headrests allow for personalized comfort, while the storage compartments help keep your living area organized and clutter-free.\n\nThe Energia Corner Sofa is more than just a piece of living room furniture; it is a statement of modern elegance and practicality. Its sophisticated design and versatile features make it the perfect sofa for the living room, creating a chic and comfortable environment for both everyday living and special occasions. Elevate your home with the Energia Corner Sofa and experience the perfect combination of style, comfort, and functionality.",94200.00,78500.00,50,0.0,0,,,,Delivery Charges Applicable,"[""corner-sofas"",""living-room"",""best-offer""]",2026-03-16 20:40:53.460585+00,false,true,94200.00,12,Standard,0.00,,0,0,,false,true,30,,true,[],,,,,,1
1036,Balance Corner Sofa,balance-corner-sofa,133,34,"Introducing the Balance Corner Sofa, a premier piece of living room furniture that epitomizes both style and functionality. This exquisite sofa set for the living room is designed to offer the perfect balance between aesthetic appeal and everyday comfort, making it an ideal choice for modern homes.\n\nThe Balance Corner Sofa stands out with its distinctive corner configuration, which maximizes seating capacity while making efficient use of your living room's layout. By fitting seamlessly into the corner of your space, this sofa provides ample seating without crowding the room, making it perfect for both small and large living areas. Its thoughtful design ensures that every corner of your room is utilized effectively, offering a welcoming and inclusive environment for family gatherings, casual lounging, or entertaining guests.\n\nConstructed with durability and comfort in mind, It features a solid frame made from high-quality materials such as hardwood or metal. This robust construction provides excellent stability and support, ensuring that the sofa remains a reliable centerpiece in your living room for years to come. The cushions are filled with high-density foam that offers a plush, yet supportive seating experience. This filling helps maintain the sofa's shape and comfort over time, making it a practical choice for everyday use.\n\nThe upholstery of the Balance Corner Sofa is available in a range of luxurious fabrics and colors, allowing you to customize it to suit your existing decor and personal taste. Whether you prefer a sleek leather finish for a modern touch or a soft, textured fabric for added comfort, the Balance Corner Sofa can be tailored to match your home’s aesthetic. Additionally, the upholstery is designed to be easy to clean and maintain, ensuring that the sofa continues to look and feel great with minimal effort.\n\nIn addition to its stylish design and comfort, the Balance Corner Sofa includes several practical features that enhance its functionality. Built-in storage compartments offer convenient space for keeping essentials within reach, while adjustable headrests provide personalized comfort and support. These thoughtful features add to the sofa's versatility and make it an excellent choice for a variety of living room settings.\n\nThe Balance Corner Sofa is not just a piece of living room furniture; it is a statement of elegance and convenience. Its sophisticated design and versatile features make it the perfect sofa for the living room, creating a stylish and comfortable environment for both daily living and special occasions. Elevate your living space with the Balance Corner Sofa and experience the ideal blend of modern design, comfort, and practicality.",71500.00,55000.00,50,0.0,0,,,,Delivery Charges Applicable,"[""corner-sofas"",""living-room"",""best-offer""]",2026-03-16 20:40:57.207897+00,false,true,71500.00,12,Standard,0.00,,0,0,,false,true,30,,true,[],,,,,,1
1037,Benito Corner Sofa,benito-corner-sofa,133,34,"The Benito Corner Sofa is a standout piece of living room furniture designed to blend elegance, comfort, and practicality in one versatile package. Perfect for those seeking to enhance their living space, this sofa offers a modern and stylish approach to home seating, making it an ideal addition to any sofa set for the living room.\n\nWith its innovative corner configuration, the Benito Corner Sofa maximizes seating space while ensuring a seamless fit in your room's layout. This clever design allows it to occupy the corner of your living room, providing ample seating without overwhelming the space. It is particularly well-suited for both large and smaller living areas, offering a cozy and inclusive environment that encourages relaxation and social interaction.\n\nCrafted with high-quality materials, It is built to be a long-lasting and reliable piece of furniture. The robust frame is constructed from durable wood or metal, ensuring exceptional support and stability. The cushions are generously filled with high-density foam, delivering a plush, supportive seating experience that maintains its shape and comfort over time. This makes the Benito Corner Sofa a practical choice for families and individuals alike, providing enduring comfort and style.\n\nThe upholstery of the Benito Corner Sofa is available in a range of luxurious fabrics and colors, allowing you to customize it to complement your existing decor and personal taste. Whether you prefer a sleek, contemporary leather finish or a soft, textured fabric, the Benito Corner Sofa can be tailored to enhance the aesthetic of your living room. The upholstery is designed to be easy to clean and maintain, ensuring that your sofa remains a beautiful and functional centerpiece in your home.\n\nIn addition to its stylish design and superior comfort, It includes several practical features that enhance its functionality. Built-in storage compartments and adjustable headrests are just a few of the thoughtful elements included to improve your living experience. The storage compartments provide convenient space for keeping essentials close at hand, while the adjustable headrests offer personalized comfort and support.\n\nThe Benito Corner Sofa is more than just a piece of living room furniture; it is a statement of sophistication and convenience. Its contemporary design and versatile features make it the perfect sofa for the living room, creating a welcoming and stylish environment for both everyday living and special occasions. Elevate your space with the Benito Corner Sofa and enjoy the perfect blend of comfort, functionality, and modern elegance.",83100.00,69300.00,50,0.0,0,,,,Delivery Charges Applicable,"[""corner-sofas"",""living-room"",""best-offer""]",2026-03-16 20:41:02.997716+00,false,true,83100.00,12,Standard,0.00,,0,0,,false,true,30,,true,[],,,,,,1
1038,San Corner Sofa,san-corner-sofa,133,34,"Introducing the San Corner Sofa, a remarkable addition to your living room furniture that seamlessly combines comfort, style, and functionality. This elegant piece is expertly crafted to be a central feature in your home, offering a sophisticated touch to any living area while providing unparalleled relaxation and versatility.\n\nThe San Corner Sofa is designed to be the ultimate sofa set for the living room, featuring a corner configuration that makes the most of your space. This design allows it to fit neatly into the corner of your room, offering generous seating without overwhelming the space. Ideal for both large and compact living areas, It ensures that every corner of your room is utilized efficiently, creating a cozy and inviting atmosphere for family gatherings, casual hangouts, or quiet relaxation.\n\nConstructed with attention to durability and quality, It is built with a robust frame made from high-quality materials, such as hardwood or metal. This ensures that the sofa provides long-lasting support and stability, making it a reliable choice for daily use. The cushions are filled with high-density foam, offering a plush yet supportive seating experience that maintains its shape and comfort over time. This makes it an excellent option for households with frequent use, providing a durable and comfortable seating solution.\n\nThe upholstery of the San Corner Sofa is available in a variety of luxurious fabrics and colors, allowing you to choose the perfect option to match your existing decor and personal style. Whether you prefer a sleek leather finish or a soft, textured fabric, the San Corner Sofa can be customized to complement your living room's aesthetic. The high-quality upholstery is not only visually appealing but also easy to clean and maintain, ensuring that your sofa remains a beautiful and functional part of your home.\n\nIn addition to its stylish design and exceptional comfort, It features practical elements that enhance its functionality. The sofa includes features such as adjustable headrests and built-in storage compartments, providing added convenience and support. The adjustable headrests offer personalized comfort, while the storage compartments help keep your living space organized and clutter-free.\n\nThe San Corner Sofa is more than just a piece of living room furniture; it is a statement of style and comfort. Its sophisticated design and versatile features make it the perfect sofa for the living room, creating a stylish and comfortable environment that is ideal for both everyday living and special occasions. Elevate your living space with the San Corner Sofa and experience the perfect blend of elegance, functionality, and relaxation.",94200.00,78500.00,50,0.0,0,,,,Delivery Charges Applicable,"[""corner-sofas"",""living-room"",""best-offer""]",2026-03-16 20:41:08.329961+00,false,true,94200.00,12,Standard,0.00,,0,0,,false,true,30,,true,[],,,,,,1
1039,Berlin Corner Sofa,berlin-corner-sofa,133,34,"&nbsp;\n\nIntroducing the Berlin Corner Sofa, a stunning piece of living room furniture designed to transform your space with its blend of style, comfort, and functionality. Perfectly crafted for modern living, this sofa set for the living room is the epitome of versatility and elegance, making it an essential addition to any home.\n\nThe Berlin Corner Sofa is expertly designed to maximize seating while adding a chic, contemporary touch to your living space. Its corner configuration allows it to fit seamlessly into any corner of the room, providing ample seating without taking up excessive floor space. This makes it an excellent choice for both compact and spacious living rooms. The design not only enhances the aesthetics of your living area but also ensures that every inch of space is utilized efficiently.\n\nConstructed with high-quality materials, the Berlin Corner Sofa is built to offer long-lasting durability and comfort. The sturdy frame is made from premium wood or metal, ensuring that it provides reliable support and stability for years to come. The cushions are filled with high-density foam, delivering a plush, supportive seating experience that retains its shape and comfort even with regular use. This thoughtful construction makes the Berlin Corner Sofa a practical choice for families and individuals alike.\n\nThe upholstery of the Berlin Corner Sofa is available in a range of luxurious fabrics and colors, allowing you to customize it to suit your existing decor and personal style. Whether you prefer a sleek, modern look with leather or a cozy, textured fabric, the Berlin Corner Sofa offers options that can blend seamlessly with your living room's aesthetic. Easy to clean and maintain, this sofa ensures that it remains a beautiful and functional centerpiece in your home.\n\nIn addition to its stylish design and comfort, the Berlin Corner Sofa includes practical features such as adjustable headrests and built-in storage options. These features enhance the sofa's functionality, making it an ideal choice for a variety of living room needs. The adjustable headrests provide added comfort and support, while the storage compartments offer convenient space to keep your living area clutter-free.\n\nElevate your living space with the Berlin Corner Sofa, a sophisticated sofa for the living room that combines elegance, comfort, and practicality. This exceptional piece of living room furniture is designed to create a welcoming and stylish environment, providing the perfect setting for relaxation, conversation, and entertainment.",224000.00,112000.00,50,0.0,0,,,,Delivery Charges Applicable,"[""corner-sofas"",""living-room"",""best-offer""]",2026-03-16 20:41:11.909324+00,false,true,224000.00,12,Standard,0.00,,0,0,,false,true,30,,true,[],,,,,,1
1040,San Office Chair,san-office-chair,119,34,"The San Office Chair stands out as a versatile and stylish choice for anyone seeking a functional seating solution for their workspace. Designed to cater to a variety of needs, this chair excels as a rolling chair, making it an excellent addition to both home offices and professional environments. Its sleek design and adjustable features provide unparalleled comfort, while its durability ensures that it can withstand the rigors of daily use.\n\nAt the heart of the San Office Chair's design is its rolling functionality. Equipped with smooth-rolling casters, this chair offers effortless mobility across different flooring types, from carpets to hardwood. This feature is particularly beneficial in a dynamic workspace where frequent movement is required, allowing users to glide seamlessly between tasks or reach different areas of their desk without strain. Whether you're navigating a busy office or a cozy home office, the San Office Chair makes it easy to stay productive.\n\nFor those setting up a home office, the San Office Chair provides a perfect blend of style and functionality. Its modern design complements various decor styles, from contemporary to traditional. The ergonomic design ensures that users can work comfortably for extended periods, reducing the risk of back pain and promoting better posture. With adjustable features such as seat height and tilt mechanism, users can customize their seating position to fit their personal preferences, making it ideal for long work sessions or meetings.\n\nAs a visitors chair, the San Office Chair offers both comfort and a professional appearance. It creates a welcoming environment for clients, colleagues, or guests, providing them with a comfortable place to sit during meetings or discussions. The chair's design is refined yet approachable, ensuring that it adds a touch of sophistication to any meeting room or reception area.\n\nThe San Office Chair also excels as a task chair, designed to support various work activities with ease. Its ergonomic features, including lumbar support and adjustable armrests, enhance user comfort and productivity. The chair's design promotes proper posture, which is crucial for maintaining focus and efficiency throughout the workday.\n\nOverall, the San Office Chair is a well-rounded option that meets the demands of modern workspaces. Its rolling capabilities, ergonomic features, and versatile design make it a valuable addition to any home office, professional setting, or visitor area. Whether you need a reliable chair for daily tasks, a comfortable spot for guests, or a stylish accent for your workspace, the San Office Chair delivers on all fronts. Its combination of functionality and aesthetic appeal ensures that it stands out as a practical and elegant choice for any environment.",7199.00,,50,0.0,0,,,,Delivery Charges Applicable,"[""office-chairs"",""study-room""]",2026-03-16 20:41:15.278409+00,false,true,7199.00,12,Standard,0.00,,0,0,,false,true,30,,false,[],,,,,,1
1041,Joaquin Office Chair,joaquin-office-chair,119,34,"**Joaquin Office Chair: The Ultimate Choice for Comfort and Versatility**\n\nIn the world of office furniture, the Joaquin Office Chair stands out as a quintessential piece designed to offer unmatched comfort, versatility, and functionality. Whether you’re furnishing a home office, a visitor’s lounge, or seeking a reliable task chair, the Joaquin Office Chair meets all these needs with grace and efficiency.\n\n**Versatile Rolling Chair**\n\nThe Joaquin Office Chair is crafted as a rolling chair, equipped with smooth-rolling casters that allow for effortless movement across various types of flooring. This mobility is particularly advantageous in dynamic office environments where frequent adjustments and transitions between tasks are common. The rolling mechanism ensures that users can easily move around their workspace without needing to stand up, thereby enhancing productivity and minimizing disruptions.\n\n**Ideal for Home Offices**\n\nFor those setting up or upgrading a home office, the Joaquin Office Chair is an excellent choice. It combines a sleek design with ergonomic features, making it a stylish addition to any home workspace. The chair’s adjustable height and tilt functions allow users to customize their seating position to suit individual preferences and promote good posture. This adaptability ensures that the chair can cater to various desk heights and personal comfort levels, providing support during long working hours.\n\n**Perfect for Visitors**\n\nThe Joaquin Office Chair is also well-suited for visitor areas. Its professional and welcoming design makes it an appropriate choice for reception areas, meeting rooms, or guest offices. The chair’s comfortable padding and supportive backrest ensure that visitors remain relaxed and comfortable during their time at your office. Additionally, the chair’s durable construction and easy-to-clean materials make it a practical option for high-traffic areas.\n\n**Efficient Task Chair**\n\nAs a task chair, the Joaquin Office Chair excels in delivering functionality and comfort. The chair is engineered to support a range of tasks, from intense computer work to collaborative meetings. Its ergonomic design promotes healthy sitting posture and reduces the risk of strain or discomfort. Features such as lumbar support, adjustable armrests, and a well-cushioned seat enhance user comfort, enabling better focus and productivity.\n\n**Key Features**\n\n1. **Ergonomic Design**: The Joaquin Office Chair is designed with ergonomic principles in mind, offering lumbar support, adjustable height, and tilt mechanisms that cater to various user needs.\n\n2. **Durable Construction**: Made with high-quality materials, the chair is built to withstand daily use, ensuring longevity and reliability.\n\n3. **Adjustable Features**: Users can adjust the height, tilt, and armrests to achieve optimal comfort and support, making the chair versatile for different tasks and users.\n\n4. **Stylish Appearance**: The chair’s modern design complements a wide range of office decor styles, adding an element of sophistication to any workspace.\n\nIn summary, the Joaquin Office Chair is a versatile, stylish, and functional choice for a variety of office settings. Its blend of comfort, durability, and adaptability makes it an excellent investment for home offices, visitor areas, and task-focused environments. Whether you’re looking to enhance your workspace or provide a comfortable seating option for guests, the Joaquin Office Chair delivers on all fronts.",10500.00,9500.00,50,0.0,0,,,,Delivery Charges Applicable,"[""office-chairs"",""study-room"",""best-offer""]",2026-03-16 20:41:18.349066+00,false,true,10500.00,12,Standard,0.00,,0,0,,false,true,30,,true,[],,,,,,1
1042,Luis Office Chair,luis-office-chair,119,34,"The Luis Office Chair stands out as an exceptional choice for those seeking a blend of comfort, functionality, and style in their workspace. Perfectly designed for a variety of settings, this rolling chair excels in home offices, serves efficiently as a visitors chair, and meets the demands of a task chair.\n\nCrafted with a keen eye for ergonomics, It prioritizes user comfort through its adjustable features and supportive design. Its high backrest offers ample support, crucial for maintaining good posture during long working hours. The lumbar support is thoughtfully integrated to help alleviate back strain, ensuring you remain comfortable even during extended periods of sitting.\n\nOne of the standout features of the Luis Office Chair is its rolling mechanism, which enhances mobility and flexibility in your workspace. The smooth-rolling casters are designed to glide effortlessly across various floor types, whether you have hardwood, carpet, or tile. This feature is particularly advantageous for dynamic work environments where movement between tasks or areas is frequent.\n\nIn addition to its functionality, It incorporates a stylish design that complements modern office aesthetics. The chair’s sleek lines and premium upholstery create a professional appearance, making it a fitting addition to both contemporary home offices and corporate environments. Available in a range of colors and finishes, you can choose the Luis Office Chair that best aligns with your office decor.\n\nFor home office settings, It combines practicality with aesthetic appeal. Its adjustable height allows for customization, ensuring that it fits comfortably with different desk heights. The chair’s ability to swivel and its tilt function contribute to a versatile seating experience, accommodating various tasks and preferences.\n\nWhen used as a visitors chair, the Luis Office Chair offers a welcoming and professional seating solution. Its comfortable design ensures that guests can sit comfortably during meetings or discussions. The chair’s elegant design also reflects well on your office’s overall appearance, leaving a positive impression on visitors.\n\nAs a task chair, the Luis Office Chair supports a range of activities from focused work to collaborative tasks. Its ergonomic features and adjustable components help you maintain comfort and productivity throughout your workday. The chair’s durability and quality construction ensure that it stands up to the demands of daily use.\n\nOverall, the Luis Office Chair is a versatile and stylish choice that meets the needs of various office settings. Its rolling capabilities, ergonomic design, and professional appearance make it an excellent investment for enhancing both the functionality and aesthetics of your workspace. Whether you're setting up a home office, outfitting a corporate environment, or looking for a chair that offers both style and comfort, the Luis Office Chair delivers on all fronts.",13900.00,10500.00,50,0.0,0,,,,Delivery Charges Applicable,"[""office-chairs"",""study-room"",""best-offer""]",2026-03-16 20:41:21.841821+00,false,true,13900.00,12,Standard,0.00,,0,0,,false,true,30,,true,[],,,,,,1
1043,Mateo Office Chair,mateo-office-chair,119,34,"The Mateo Office Chair is an exemplary choice for those seeking a blend of functionality, comfort, and style in their workspace. Designed with versatility in mind, this chair excels as a rolling chair, home office chair, visitors chair, and task chair, making it an indispensable asset in any professional or home setting.\n\n**Versatile Functionality:** The Mateo Office Chair’s adaptability is one of its standout features. As a rolling chair, it glides smoothly on its durable casters, allowing for effortless movement across various floor types. This functionality is particularly beneficial in busy office environments where frequent adjustments and relocations are needed. Whether you’re moving from one desk to another or repositioning for collaborative work, the Mateo makes it easy and efficient.\n\n**Home Office Excellence:** For those working from home, the Mateo Office Chair offers both comfort and support during long hours of work. Its ergonomic design includes a contoured backrest and adjustable height settings, ensuring that you maintain a healthy posture and reduce strain on your back and neck. The chair's cushioning is made from high-quality foam, providing a plush seating experience without sacrificing support.\n\n**Visitor-Friendly Design:** In addition to its role as a home office chair, the Mateo is also well-suited for use as a visitors chair. Its sleek and professional appearance ensures that it complements any office decor, making it a great choice for reception areas, meeting rooms, or any space where visitors are expected. The chair’s comfortable seating ensures that guests can stay relaxed and engaged during meetings or discussions.\n\n**Ideal Task Chair:** As a task chair, the Mateo Office Chair is engineered to support you through various tasks and responsibilities. Its adjustable features, including seat height and tilt, allow for customization based on individual needs and preferences. This adaptability enhances productivity by providing the right level of comfort and support for tasks ranging from computer work to paperwork.\n\n**Elegant and Durable:** The Mateo Office Chair combines aesthetics with durability. Its design incorporates a clean, modern look that fits seamlessly into contemporary office environments. Constructed with high-quality materials, the chair is built to withstand daily use, making it a reliable investment for both home and professional settings. The sturdy base and frame ensure long-lasting performance, while the sleek upholstery is easy to maintain and clean.\n\nIn summary, the Mateo Office Chair is a versatile and practical addition to any workspace. Its multifunctional design as a rolling chair, home office chair, visitors chair, and task chair ensures it meets a variety of needs while offering superior comfort and support. With its stylish appearance and durable construction, the Mateo is an excellent choice for those seeking a high-quality chair that enhances both functionality and aesthetics in their office environment.",8100.00,6800.00,50,0.0,0,,,,Delivery Charges Applicable,"[""office-chairs"",""study-room"",""best-offer""]",2026-03-16 20:41:25.111052+00,false,true,8100.00,12,Standard,0.00,,0,0,,false,true,30,,true,[],,,,,,1
1044,Santa Office Chair,santa-office-chair,119,34,"**Santa Office Chair: The Ultimate Blend of Comfort and Functionality**\n\nThe Santa Office Chair is an exemplary piece of office furniture designed to elevate both comfort and functionality in any workspace. Whether you’re setting up a home office, managing a professional workspace, or looking for an ideal visitors' chair, this chair promises to meet and exceed your expectations.\n\nCrafted with precision and care, the Santa Office Chair integrates seamlessly into various settings, from sleek modern offices to cozy home study areas. Its primary feature, the rolling chair mechanism, offers unparalleled mobility, allowing you to move effortlessly across the floor. The smooth-rolling casters are engineered to glide over both carpet and hard flooring, ensuring you can reposition the chair with ease, thus enhancing your productivity and efficiency.\n\nIncorporating the Santa Office Chair into your home office setup brings several benefits. The chair is designed to provide all-day comfort, thanks to its ergonomic features. The adjustable height mechanism allows you to find the perfect seating position for your desk, ensuring proper posture and reducing strain during extended work sessions. Additionally, the chair’s lumbar support is thoughtfully engineered to provide essential lower back support, promoting a healthy sitting posture and preventing back pain commonly associated with long hours of work.\n\nFor visitors' areas, the Santa Office Chair stands out with its blend of sophistication and practicality. The elegant design and high-quality materials make it a fitting choice for any professional or reception area. The chair's comfortable cushioning and supportive backrest ensure that visitors will feel at ease while waiting or engaging in discussions. Its durable construction also ensures that it can withstand frequent use, making it a valuable addition to any guest area.\n\nIn a task-oriented environment, the Santa Office Chair excels with its functional features tailored for productivity. The chair’s design promotes flexibility, enabling you to adjust it according to your needs. Whether you’re engaged in detailed work requiring intense focus or tasks that require frequent adjustments, this chair supports your needs with its various adjustable settings. The 360-degree swivel function enhances your ability to multitask efficiently, providing easy access to different areas of your workspace without the need to strain or reach excessively.\n\nThe Santa Office Chair’s aesthetic appeal is another noteworthy aspect. Its sleek, modern design is complemented by high-quality upholstery and a stylish frame, making it a versatile choice that blends well with any office décor. The chair's neutral tones and clean lines contribute to a professional look, while its contemporary design elements add a touch of elegance to your workspace.\n\nIn summary, the Santa Office Chair is more than just a rolling chair; it is a well-rounded solution for your office seating needs. With its ergonomic design, smooth mobility, and stylish appearance, it is an excellent choice for home offices, task-oriented environments, and visitor areas alike. By integrating this chair into your workspace, you are investing in comfort, efficiency, and a touch of sophistication that enhances both functionality and aesthetics.",6200.00,4800.00,50,0.0,0,,,,Delivery Charges Applicable,"[""office-chairs"",""study-room"",""best-offer""]",2026-03-16 20:41:28.801112+00,false,true,6200.00,12,Standard,0.00,,0,0,,false,true,30,,true,[],,,,,,1
1045,Clara Office Chair,clara-office-chair,119,34,"**Clara Office Chair: The Ultimate Seating Solution for Your Workspace**\n\nThe Clara Office Chair is a versatile and stylish addition to any workspace, expertly designed to meet the needs of modern professionals and home office enthusiasts alike. Combining functionality, comfort, and elegance, this chair is perfect for a variety of uses, from daily tasks to welcoming visitors.\n\n**Ergonomic Design and Comfort**\n\nAt the heart of the Clara Office Chair’s appeal is its ergonomic design. The chair features a contoured backrest that supports the natural curve of your spine, promoting good posture and reducing the risk of back pain. Its high-density foam cushioning offers plush comfort, ensuring you remain at ease during extended periods of sitting, whether you’re working on a critical project or attending virtual meetings.\n\n**Adjustable Features for Personalized Comfort**\n\nUnderstanding that each user has unique needs, It comes with a range of adjustable features. The seat height can be easily modified to suit various desk heights, ensuring you achieve the perfect alignment with your workstation. Additionally, the chair’s tilt mechanism allows you to recline and lock the backrest at your preferred angle, providing flexibility to switch between tasks or relax.\n\n**Rolling Mobility and Space Efficiency**\n\nThe Clara Office Chair is designed with a sturdy rolling base, making it an ideal choice for home offices and professional environments where mobility is essential. The smooth-rolling casters ensure effortless movement across different floor surfaces, whether you have carpet, hardwood, or laminate. This feature is particularly useful in dynamic work settings where quick and easy access to various areas of your workspace is necessary.\n\n**Versatility and Multi-Functionality**\n\nThis chair seamlessly transitions between roles, making it suitable as a task chair, visitors chair, and even a home office chair. Its sleek and professional design makes it a fitting choice for both formal and casual settings. As a task chair, it provides the support needed for focused work, while its refined aesthetics ensure it complements any office decor. When used as a visitors chair, the Clara Office Chair extends a welcoming and comfortable seating option for guests.\n\n**Durability and Easy Maintenance**\n\nCrafted from high-quality materials, the Clara Office Chair is built to withstand the rigors of daily use. The robust frame and base ensure long-lasting durability, while the upholstery is easy to clean and maintain. This makes the chair not only a practical choice for busy office environments but also a long-term investment in your workspace.\n\n**Aesthetic Appeal**\n\nBeyond its functional attributes, the Clara Office Chair also boasts a contemporary design that enhances the visual appeal of any office space. Available in a range of finishes and upholstery options, you can select the perfect style to match your personal taste or corporate branding.\n\nIn summary, the Clara Office Chair stands out as a premier choice for anyone in need of a reliable, comfortable, and stylish seating solution. Its combination of ergonomic support, adjustable features, rolling mobility, and versatile functionality makes it an excellent addition to any home office or professional setting. Whether you’re working, hosting visitors, or simply looking to upgrade your workspace, the Clara Office Chair delivers unparalleled comfort and style.",11500.00,9600.00,50,0.0,0,,,,Delivery Charges Applicable,"[""office-chairs"",""study-room"",""best-offer""]",2026-03-16 20:41:32.392728+00,false,true,11500.00,12,Standard,0.00,,0,0,,false,true,30,,true,[],,,,,,1
1046,Cruz Office Chair,cruz-office-chair,119,34,"The **Cruz Office Chair** seamlessly combines functionality, style, and comfort, making it an ideal choice for a variety of settings. Designed to cater to both professional and casual environments, this office chair excels as a rolling chair, home office chair, visitors chair, and task chair.\n\n### **Versatile Design for Various Needs**\n\nThe Cruz Office Chair is crafted with versatility in mind. Its rolling chair feature ensures smooth mobility, allowing users to glide effortlessly across floors, making it perfect for dynamic office environments where frequent movement is necessary. Whether you’re transitioning from one workstation to another or need to reach for files, the wheels provide ease of movement without disrupting your workflow.\n\n### **Comfort and Ergonomics**\n\nFor those working from home or spending extended periods at a desk, It offers unparalleled comfort. Its ergonomic design supports proper posture, reducing strain on the back and neck. The adjustable height and tilt functions allow users to customize the chair to their preferred sitting position, enhancing comfort during long hours of work. The cushioned seat and backrest are designed to provide support while maintaining a comfortable seating experience.\n\n### **Home Office Excellence**\n\nIn a home office setting, It adds a touch of professionalism and sophistication. Its sleek design and high-quality materials blend well with various decor styles, making it a stylish addition to any home office. The chair's adjustable features ensure that it fits a wide range of desk heights, offering flexibility for different tasks and user preferences.\n\n### **Professional and Visitor-Friendly**\n\nThe Cruz Office Chair is also an excellent choice for meeting rooms and visitor areas. Its refined design ensures it makes a positive impression on clients and colleagues. The rolling functionality allows visitors to move around easily, and the comfort features ensure they remain relaxed during meetings.\n\n### **Ideal Task Chair**\n\nAs a task chair, It excels in providing the necessary support for focused work. Its adjustable features allow users to position themselves optimally for various tasks, whether they’re typing, writing, or engaging in creative work. The chair’s durability and sturdy construction ensure it can withstand the rigors of daily use while maintaining its functionality and appearance.\n\n### **Conclusion**\n\nIn summary, the Cruz Office Chair is a multifaceted seating solution that meets the needs of modern work environments. With its rolling functionality, ergonomic design, and versatile style, it excels as an office chair, rolling chair, home office chair, visitors chair, and task chair. Investing in the Cruz Office Chair means ensuring comfort, style, and functionality for various professional and home settings.",17400.00,14500.00,50,0.0,0,,,,Delivery Charges Applicable,"[""office-chairs"",""study-room"",""best-offer""]",2026-03-16 20:41:35.617323+00,false,true,17400.00,12,Standard,0.00,,0,0,,false,true,30,,true,[],,,,,,1
1047,Alley Office Chair,alley-office-chair,119,34,"**Alley Office Chair: Versatile Comfort and Functionality**\n\nThe Alley Office Chair represents a perfect blend of functionality and style, making it an essential addition to any workspace, whether it be a professional office or a home study. Designed to cater to a wide range of needs, this chair stands out as an ideal rolling chair, home office chair, visitors chair, and task chair.\n\n**Versatile Design for Every Need**\n\nThe Alley Office Chair is crafted with versatility in mind. Its sleek design and modern aesthetic fit seamlessly into various environments, from corporate offices to home study areas. The chair's neutral color palette ensures that it complements existing décor while adding a touch of sophistication. Its ergonomic design provides ample support and comfort, making it suitable for long hours of work or study.\n\n**Rolling Chair Convenience**\n\nOne of the standout features of the Alley Office Chair is its rolling capability. Equipped with smooth-rolling casters, this chair allows for effortless mobility across different surfaces. Whether you need to glide from your desk to a filing cabinet or maneuver around a conference room, the rolling function enhances your efficiency and ease of movement.\n\n**Optimal Home Office Chair**\n\nFor those working from home, the Alley Office Chair offers unparalleled comfort and support. The adjustable height feature allows you to customize the chair to your desk, ensuring proper posture and reducing strain. The padded seat and backrest are designed to provide comfort during extended work sessions, making it a practical choice for home office setups.\n\n**Ideal Visitors Chair**\n\nThe Alley Office Chair also serves as a stylish and comfortable seating option for visitors. Its clean lines and comfortable design make it a welcoming choice for any guest. Whether you’re hosting client meetings or having colleagues over, this chair provides a professional appearance without compromising on comfort.\n\n**Perfect Task Chair**\n\nIn addition to its home office and visitor functionalities, the Alley Office Chair excels as a task chair. The chair's supportive backrest and adjustable features help maintain proper posture and focus, which is crucial for productivity during task-oriented work. The chair’s design ensures that it adapts to various tasks, from detailed projects to general office work.\n\n**Space Efficiency**\n\nThe chair’s compact design makes it an excellent space-saving solution. It fits well in both small and large workspaces, offering flexibility without occupying too much room. Its sleek profile complements minimalist and modern office designs, adding both functionality and style.\n\n**Durability and Construction**\n\nBuilt with high-quality materials, the Alley Office Chair is designed to withstand daily use. The sturdy construction ensures durability, while the comfortable padding and breathable fabric provide long-lasting comfort. The chair's robust base and casters are engineered for stability and smooth movement.\n\n**Conclusion**\n\nIn summary, It is a highly adaptable piece of office furniture that combines style, comfort, and practicality. Whether used as a rolling chair, home office chair, visitors chair, or task chair, it delivers excellent performance and versatility. Its design and features make it a valuable addition to any workspace, ensuring comfort and efficiency for all users.",18600.00,16500.00,50,0.0,0,,,,Delivery Charges Applicable,"[""office-chairs"",""study-room"",""best-offer""]",2026-03-16 20:41:38.618708+00,false,true,18600.00,12,Standard,0.00,,0,0,,false,true,30,,true,[],,,,,,1
1048,Kuanzhai Office Chair,kuanzhai-office-chair,119,34,"The Kuanzhai Office Chair is the epitome of modern office seating, designed to seamlessly blend functionality with style. Whether you're outfitting a professional workspace, a home office, or a guest area, this chair stands out for its versatility and ergonomic design.\n\nConstructed with high-quality materials, the Kuanzhai Office Chair ensures durability and long-lasting use. Its sleek, contemporary design makes it a perfect fit for any office environment, enhancing the aesthetic appeal of your workspace. The chair features a smooth, rolling base equipped with durable casters that allow for effortless movement across various floor surfaces, from carpets to hardwood. This mobility is essential for those who need to transition between tasks or reach different areas of their desk without strain.\n\nOne of the key attributes of the Kuanzhai Office Chair is its ergonomic design, aimed at providing optimal comfort and support during extended periods of use. The chair's contoured backrest and padded seat are designed to promote good posture and reduce the risk of back strain. Adjustable features, including seat height and tilt mechanisms, allow users to customize their seating position to their personal preference, ensuring maximum comfort throughout the workday.\n\nThe chair is also designed with versatility in mind. It functions not only as a primary office chair but also as an effective visitors' chair, offering a professional and inviting seating option for guests. Its elegant design and comfortable cushioning make it suitable for a range of uses, from hosting meetings to providing a comfortable seat in a reception area.\n\nThe Kuanzhai Office Chair's robust construction is complemented by a stylish appearance. Its clean lines and modern design ensure it integrates seamlessly into any office decor, whether it’s a sleek corporate environment or a cozy home office setup. The chair’s design also includes armrests that provide additional support and comfort, allowing users to rest their arms while typing or engaging in tasks.\n\nIn summary, the Kuanzhai Office Chair is a versatile, stylish, and comfortable seating solution for a variety of settings. Its rolling functionality, ergonomic features, and modern design make it an excellent choice for those seeking both practicality and elegance in their office furniture. Whether used as a dedicated task chair or a visitor's chair, it offers the comfort and support necessary for a productive and pleasant work environment.",19800.00,16500.00,50,0.0,0,,,,Delivery Charges Applicable,"[""office-chairs"",""study-room"",""best-offer""]",2026-03-16 20:41:42.206247+00,false,true,19800.00,12,Standard,0.00,,0,0,,false,true,30,,true,[],,,,,,1
1049,Marysville Office Chair,marysville-office-chair,119,34,"The Marysville Office Chair is a superb choice for enhancing both comfort and functionality in any office setting. Designed with the modern professional in mind, this chair is an epitome of practicality and style, making it an excellent addition to any workspace.\n\nThis office chair excels in providing superior comfort and support for extended periods of use. Its ergonomic design includes a high backrest that promotes good posture and reduces back strain, ensuring that you remain comfortable even during long hours of work. The seat cushion is generously padded, offering a plush and supportive surface that enhances your sitting experience. The chair also features adjustable armrests and a height-adjustable seat, allowing for a personalized fit that caters to individual preferences and needs.\n\nOne of the standout features of the Marysville Office Chair is its rolling capability. Equipped with smooth-rolling casters, this chair allows for easy movement across various floor surfaces, including carpeted and hard floors. This mobility is particularly beneficial in dynamic work environments where frequent repositioning is required. The chair’s sturdy base ensures stability and balance while you move, contributing to overall safety and ease of use.\n\nThe Marysville Office Chair also doubles as an ideal visitors’ chair. Its stylish and professional appearance complements any office décor, making it suitable for client meetings, guest seating, or collaborative workspaces. The chair’s sleek design and high-quality finish add a touch of sophistication to any office, reflecting a commitment to both functionality and aesthetics.\n\nConstructed with durability in mind, the Marysville Office Chair boasts a robust steel frame that provides long-lasting support and resilience. The steel frame is complemented by a premium upholstery that enhances both the chair's appearance and comfort. The combination of these materials ensures that the chair can withstand the rigors of daily use while maintaining its elegance and functionality.\n\nAdditionally, this chair aligns with the standards of a Steelcase chair, known for its innovative design and commitment to ergonomic excellence. While it offers the benefits associated with Steelcase chairs, it is designed to be accessible and versatile, meeting the needs of various office environments.\n\nIn summary, the Marysville Office Chair is a top-tier choice for anyone seeking a reliable, comfortable, and stylish office chair. Its ergonomic features, rolling capability, and durable construction make it a valuable asset for both home offices and professional workspaces. Whether used as a primary office chair or a visitors’ chair, it delivers on all fronts, combining comfort, functionality, and aesthetic appeal to enhance any office environment.",9800.00,8200.00,50,0.0,0,,,,Delivery Charges Applicable,"[""office-chairs"",""study-room"",""best-offer""]",2026-03-16 20:41:45.447473+00,false,true,9800.00,12,Standard,0.00,,0,0,,false,true,30,,true,[],,,,,,1
1050,Olivehurst Shoe Rack,olivehurst-shoe-rack,130,34,"Introducing the Olivehurst Shoe Rack, where modern minimalism meets functional design. Crafted from sleek, satin-finished metal and tempered glass shelves, this rack exudes contemporary elegance with a touch of industrial edge. Each tier offers transparent views of your shoe collection, creating a sophisticated display that enhances any space. Ideal for the urban sophisticate who values both style and organization, the Olivehurst Shoe Rack seamlessly integrates into modern interiors, offering a perfect balance of form and function. Elevate your home decor with this standout piece that combines sleek aesthetics with practical storage, making it a must-have for those who appreciate refined simplicity.",8666.00,5508.00,50,0.0,0,,,,Delivery Charges Applicable,"[""shoe-racks"",""bed-room"",""best-offer""]",2026-03-16 20:41:49.740159+00,false,true,8666.00,12,Standard,0.00,,0,0,,false,true,30,,true,[],,,,,,1
1051,Woodland Shoe Rack,woodland-shoe-rack,130,34,"Introducing the Woodland Shoe Rack, where natural beauty meets organizational finesse. Crafted from solid oak with a rich honey finish, this rack exudes warmth and rustic charm. Each tier is meticulously designed to showcase your footwear collection with elegance and ease, transforming your space into a sanctuary of organized luxury. Ideal for those who appreciate the timeless appeal of wood craftsmanship and sustainable materials, the Woodland Shoe Rack blends seamlessly into any home décor style, from traditional to contemporary. Embrace the essence of nature and meticulous design with this distinctive piece that combines functionality with enduring aesthetic appeal.",12500.00,8475.00,50,0.0,0,,,,Delivery Charges Applicable,"[""shoe-racks"",""bed-room"",""best-offer""]",2026-03-16 20:41:53.218641+00,false,true,12500.00,12,Standard,0.00,,0,0,,false,true,30,,true,[],,,,,,1
1052,Winters Shoe Rack,winters-shoe-rack,130,34,"Introducing the Sacramento Shoe Rack, where urban charm meets organizational excellence. Crafted from sturdy metal with a matte black finish, this rack embodies contemporary industrial style. Each tier features open shelving, allowing for easy access and stylish display of your shoe collection. Ideal for the metropolitan homeowner who values both efficiency and aesthetics, the Sacramento Shoe Rack effortlessly enhances any entryway or closet with its sleek design and practical storage solutions. Embrace the fusion of modern urban living and functional elegance with this essential piece that makes organizing shoes a stylish affair.",7600.00,3220.00,50,0.0,0,,,,Delivery Charges Applicable,"[""shoe-racks"",""bed-room"",""best-offer""]",2026-03-16 20:41:56.23968+00,false,true,7600.00,12,Standard,0.00,,0,0,,false,true,30,,true,[],,,,,,1
1053,Dunnigan Shoe Rack,dunnigan-shoe-rack,130,34,"Introducing the Dunnigan Shoe Rack—a masterpiece of industrial chic and organizational efficiency, meticulously crafted to elevate your home with rugged sophistication. Crafted from robust steel with a distressed finish, each Dunnigan Shoe Rack showcases a unique blend of raw character and modern design. Its sturdy frame and mesh shelves provide ample storage space for shoes of all sizes, ensuring easy access and organization. The industrial-inspired design seamlessly integrates into any entryway, hallway, or closet, adding a touch of urban charm while maximizing functionality. Embrace the Dunnigan Shoe Rack—a symbol of industrial craftsmanship and practicality that transforms your home into a stylish sanctuary of organized elegance.",38461.00,15000.00,50,0.0,0,,,,Delivery Charges Applicable,"[""shoe-racks"",""bed-room"",""best-offer""]",2026-03-16 20:42:00.209212+00,false,true,38461.00,12,Standard,0.00,,0,0,,false,true,30,,true,[],,,,,,1
1054,Monument Hills Shoe Rack,monument-hills-shoe-rack,130,34,"Introducing the Monument Hills Shoe Rack, where rustic charm meets modern organization. Crafted from reclaimed oak wood with a weathered finish, this rack embodies the rugged beauty of nature while offering practical storage solutions. Each tier is expertly designed to showcase your footwear collection with rustic elegance, turning your entryway or closet into a gallery of style. Ideal for those who appreciate the timeless appeal of natural materials and sustainable craftsmanship, the Monument Hills Shoe Rack is more than furniture—it's a testament to heritage and mindful living. Embrace the warmth and character of reclaimed wood with this distinctive piece that effortlessly blends functionality with eco-friendly sophistication.",7333.00,4661.00,50,0.0,0,,,,Delivery Charges Applicable,"[""shoe-racks"",""bed-room"",""best-offer""]",2026-03-16 20:42:04.410475+00,false,true,7333.00,12,Standard,0.00,,0,0,,false,true,30,,true,[],,,,,,1
1055,Esparto Shoe Rack,esparto-shoe-rack,130,34,"The Esparto Shoe Rack elegantly blends nature-inspired aesthetics with practical functionality. Crafted from sustainable esparto grass, each rack embodies a rustic charm, its fibers intricately woven to create a sturdy yet lightweight structure. Designed to accommodate a variety of footwear, from casual sneakers to elegant heels, it features tiered shelves that maximize space efficiency without compromising on style. Perfect for entryways or closets, the Esparto Shoe Rack not only organizes your footwear collection but also adds a touch of organic beauty to your living space.",6875.00,4661.00,50,0.0,0,,,,Delivery Charges Applicable,"[""shoe-racks"",""bed-room"",""best-offer""]",2026-03-16 20:42:08.517104+00,false,true,6875.00,12,Standard,0.00,,0,0,,false,true,30,,true,[],,,,,,1
1056,Guinda Shoe Rack,guinda-shoe-rack,130,34,"Introducing the Guinda Shoe Rack: where elegance meets organization. Crafted with sleek, dark walnut wood and adorned with brushed metal accents, each tier of this rack floats effortlessly, displaying your footwear collection like a curated gallery. Designed for the discerning individual who values both style and functionality, the Guinda Shoe Rack seamlessly blends into any modern living space, transforming clutter into a statement of refined taste.",8250.00,5593.00,50,0.0,0,,,,Delivery Charges Applicable,"[""shoe-racks"",""bed-room"",""best-offer""]",2026-03-16 20:42:12.498138+00,false,true,8250.00,12,Standard,0.00,,0,0,,false,true,30,,true,[],,,,,,1
1057,Davis Shoe Rack,davis-shoe-rack,130,34,"Introducing the Davis Shoe Rack—a modern marvel of minimalist design and organizational efficiency, meticulously crafted to streamline your home with sleek elegance. Constructed from sturdy metal and finished with a matte coating, the Davis Shoe Rack exudes contemporary sophistication while ensuring durability and stability. Its clean lines and open design create a spacious feel, making it perfect for entryways, closets, or bedroom corners where space is at a premium. The tiered shelves offer ample room to neatly display and store your footwear collection, keeping it easily accessible yet neatly organized. Embrace the Davis Shoe Rack—a blend of functionality and style that transforms clutter into curated simplicity, enhancing your home with a touch of modern flair and practicality.",6250.00,3220.00,50,0.0,0,,,,Delivery Charges Applicable,"[""shoe-racks"",""bed-room"",""best-offer""]",2026-03-16 20:42:16.199093+00,false,true,6250.00,12,Standard,0.00,,0,0,,false,true,30,,true,[],,,,,,1
1058,Clarksburg Shoe Rack,clarksburg-shoe-rack,130,34,"Introducing the Clarksburg Shoe Rack—an exquisite fusion of rustic charm and modern functionality, meticulously crafted to elevate your home organization with timeless style. Made from solid reclaimed wood, each Clarksburg Shoe Rack bears unique grain patterns and natural imperfections that highlight its authenticity and character. Its robust construction ensures durability, while the rich, weathered finish adds a touch of warmth to any space. The tiered shelves provide ample storage for shoes, boots, and other essentials, keeping them neatly organized and easily accessible. Whether placed in an entryway, mudroom, or bedroom, the Clarksburg Shoe Rack serves as both a practical storage solution and a statement piece of rustic elegance. Embrace the Clarksburg Shoe Rack—a symbol of craftsmanship and natural beauty that enhances your home with rustic sophistication and functional charm.",7500.00,5085.00,50,0.0,0,,,,Delivery Charges Applicable,"[""shoe-racks"",""bed-room"",""best-offer""]",2026-03-16 20:42:24.184878+00,false,true,7500.00,12,Standard,0.00,,0,0,,false,true,30,,true,[],,,,,,1
1059,Madison Shoe Rack,madison-shoe-rack,130,34,"Introducing the Madison Shoe Rack, a masterpiece of organization and elegance. Crafted from exquisite bamboo wood, its natural grain and sleek design make it a standout in any space. Each tier is thoughtfully designed to cradle your shoes with care, transforming your hallway or closet into a sanctuary of tidiness and style. Perfect for the modern minimalist who values simplicity and sophistication, the Madison Shoe Rack is not just furniture but a statement of refined taste and practical luxury.",13750.00,9322.00,50,0.0,0,,,,Delivery Charges Applicable,"[""shoe-racks"",""bed-room"",""best-offer""]",2026-03-16 20:42:28.056271+00,false,true,13750.00,12,Standard,0.00,,0,0,,false,true,30,,true,[],,,,,,1
1060,Sacramento Shoe Rack,sacramento-shoe-rack,130,34,"Introducing the Sacramento Shoe Rack, where urban charm meets organizational excellence. Crafted from sturdy metal with a matte black finish, this rack embodies contemporary industrial style. Each tier features open shelving, allowing for easy access and stylish display of your shoe collection. Ideal for the metropolitan homeowner who values both efficiency and aesthetics, the Sacramento Shoe Rack effortlessly enhances any entryway or closet with its sleek design and practical storage solutions. Embrace the fusion of modern urban living and functional elegance with this essential piece that makes organizing shoes a stylish affair.",12375.00,8390.00,50,0.0,0,,,,Delivery Charges Applicable,"[""shoe-racks"",""bed-room"",""best-offer""]",2026-03-16 20:42:31.546278+00,false,true,12375.00,12,Standard,0.00,,0,0,,false,true,30,,true,[],,,,,,1
1061,Knights Shoe Rack,knights-shoe-rack,130,34,"Step into organized elegance with the Knights Shoe Rack, a fusion of timeless design and practicality. Crafted from sturdy wrought iron with a rustic finish, each tier of this rack evokes medieval charm, showcasing your footwear collection with regal grace. Ideal for the noble homeowner who appreciates the art of storage, the Knights Shoe Rack stands as a testament to tradition and sophistication, effortlessly merging functionality with a touch of chivalrous flair.",8625.00,5847.00,50,0.0,0,,,,Delivery Charges Applicable,"[""shoe-racks"",""bed-room"",""best-offer""]",2026-03-16 20:42:35.228165+00,false,true,8625.00,12,Standard,0.00,,0,0,,false,true,30,,true,[],,,,,,1
1062,Brooks Shoe Rack,brooks-shoe-rack,130,34,"Introducing the Brooks Shoe Rack—a sleek and versatile storage solution designed to organize your footwear collection with modern elegance. Crafted from durable hardwood with a smooth finish, the Brooks Shoe Rack blends seamlessly into any entryway or closet space, adding a touch of sophistication while maximizing functionality. Its tiered shelves provide ample storage for shoes of all sizes, keeping them neatly organized and easily accessible. The minimalist design and sturdy construction ensure stability and durability, while its compact footprint makes it ideal for smaller spaces. Embrace the Brooks Shoe Rack—a perfect balance of style and practicality that helps streamline your daily routine, ensuring your shoes are kept tidy and within reach at all times.",11866.00,7542.00,50,0.0,0,,,,Delivery Charges Applicable,"[""shoe-racks"",""bed-room"",""best-offer""]",2026-03-16 20:42:38.725478+00,false,true,11866.00,12,Standard,0.00,,0,0,,false,true,30,,true,[],,,,,,1
1063,Ventura Accessories,ventura-accessories,132,34,"Ventura Accessories is a premier destination for innovative space-saving furniture solutions that blend practicality with modern design. Specializing in multipurpose furniture, Ventura Accessories provides a range of products designed to optimize living spaces and offer versatile functionality. Their unique approach ensures that every piece serves multiple roles, making them ideal for contemporary homes where space is often limited.\n\nOne of the standout products in their collection is the table cum ladder. This ingenious piece combines the utility of a table with the practicality of a ladder, offering an effective solution for homes where space efficiency is paramount. Whether you need a surface for work or dining, or a ladder to reach high shelves and storage areas, the table cum ladder provides both in a single, cleverly designed piece. Its compact form factor means it fits seamlessly into any room, while its dual functionality eliminates the need for separate items, freeing up valuable space.\n\nSimilarly, the ladder cum table is another innovative offering from Ventura Accessories. This multipurpose furniture item transforms from a stylish table into a functional ladder, making it perfect for spaces where maximizing utility is essential. The ladder cum table is designed to be both practical and aesthetically pleasing, ensuring it enhances the look of your home while providing versatile functionality. Its ability to switch between a table and a ladder makes it an excellent choice for areas where traditional furniture might be too bulky or space-consuming.\n\nVentura Accessories prides itself on creating space-saving furniture that doesn't compromise on style or quality. Each piece in their collection is crafted with high-quality materials and attention to detail, ensuring durability and a sleek appearance. The focus on multipurpose functionality means that customers can enjoy furniture that adapts to their needs, whether they are looking to optimize a small apartment or simply need versatile pieces that offer more than one function.\n\nIn addition to their innovative furniture designs, Ventura Accessories provides exceptional customer service to help clients find the perfect solutions for their space. Their team is dedicated to assisting customers in selecting the right multipurpose furniture to fit their specific needs and preferences.\n\nOverall, Ventura Accessories stands out for its commitment to space-saving and multipurpose furniture, offering practical and stylish solutions such as the table cum ladder and ladder cum table. Their unique approach ensures that every piece is both functional and elegant, making them a top choice for modern living.",7000.00,4800.00,50,0.0,0,,,,Delivery Charges Applicable,"[""tables"",""study-room"",""best-offer""]",2026-03-16 20:42:42.588135+00,false,true,7000.00,12,Standard,0.00,,0,0,,false,true,30,,true,[],,,,,,1
1064,Simi Valley Accessories,simi-valley-accessories,132,34,"Simi Valley Accessories offers an exceptional range of wooden furniture designed to elevate the ambiance of any home. Whether you’re looking to enhance your living room or add a touch of elegance to your space, their collection of wooden tables and living room furniture is crafted with both style and functionality in mind.\n\nAt Simi Valley Accessories, the focus is on providing high-quality wooden furniture that not only looks stunning but also stands the test of time. Their wooden tables come in a variety of designs, from classic to contemporary, ensuring that you can find the perfect piece to complement your existing decor. Each wooden table is meticulously crafted with attention to detail, reflecting the craftsmanship that goes into every piece.\n\nFor those seeking to furnish their living room, Simi Valley Accessories offers a diverse selection of living room furniture that combines aesthetics with practicality. Their collection includes everything from sleek, modern wooden tables to traditional, rustic designs that add warmth and character to your space. Whether you need a new coffee table, side table, or a complete living room set, their range is designed to meet various tastes and preferences.\n\nOne of the standout features of Simi Valley Accessories' offerings is the emphasis on using high-quality wood. The rich textures and natural grains of the wood are showcased in every item, providing a timeless appeal that enhances any living room setting. The durability of wooden furniture ensures that your investment will last for years, making it a practical choice for both style and longevity.\n\nIn addition to their impressive range of wooden tables and living room furniture, Simi Valley Accessories also offers personalized customer service to help you select the perfect pieces for your home. Their knowledgeable staff is dedicated to guiding you through the selection process, ensuring that you find furniture that aligns with your vision and needs.\n\nOverall, Simi Valley Accessories stands out as a premier destination for those seeking elegant and durable wooden furniture. Their commitment to quality craftsmanship and customer satisfaction makes them a top choice for anyone looking to enhance their living room with beautifully designed wooden tables and furniture.",6250.00,5000.00,50,0.0,0,,,,Delivery Charges Applicable,"[""tables"",""study-room"",""best-offer""]",2026-03-16 20:42:51.908318+00,false,true,6250.00,12,Standard,0.00,,0,0,,false,true,30,,true,[],,,,,,1
1065,Fillmore Study & Office Table,fillmore-study-office-table,131,34,"### Fillmore Study &amp; Office Table\n\nThe Fillmore Study &amp; Office Table is a remarkable addition to any workspace, blending functionality with style to create the ideal environment for productivity and organization. This versatile piece of furniture is designed to meet the needs of a variety of settings, from student study areas to professional office spaces.\n\nAt the heart of the Fillmore Study &amp; Office Table is its ample storage capability, which sets it apart from traditional study tables. It features multiple compartments and drawers, providing generous space to keep your books, stationery, and office supplies neatly organized. This thoughtful design ensures that your workspace remains clutter-free, allowing you to focus on your tasks without being distracted by disorganization. The table’s storage solutions are integrated seamlessly into its structure, maintaining a sleek and modern aesthetic while offering practical functionality.\n\nThis table is particularly well-suited for students who need a dedicated area for studying. Its spacious work surface provides ample room for textbooks, notebooks, and a laptop, making it perfect for tackling assignments or preparing for exams. The built-in storage helps students keep essential items within reach, facilitating a more efficient study session.\n\nIn a home office setting, the Fillmore Study &amp; Office Table excels as a task table. Its sturdy construction and spacious design accommodate a computer setup, allowing you to work comfortably for extended periods. The integrated storage is especially beneficial for office tasks, as it keeps important documents and office supplies organized and easily accessible. Whether you are handling paperwork, managing projects, or engaging in creative work, this table supports a productive work environment.\n\nThe Fillmore Study &amp; Office Table’s design is both functional and aesthetically pleasing. Its clean lines and elegant finish complement a range of interior styles, from contemporary to classic. The table’s solid construction ensures durability and stability, making it a long-lasting addition to your space. Available in various finishes and colors, it can be customized to match your existing decor.\n\nIn addition to its practical uses, the Fillmore Study &amp; Office Table is easy to maintain. The smooth surface can be effortlessly cleaned, and the durable materials resist wear and tear. This means that the table will continue to look great and perform well over time.\n\nOverall, the Fillmore Study &amp; Office Table is an excellent choice for anyone seeking a functional, stylish, and versatile piece of furniture. Its combination of storage, workspace, and aesthetic appeal makes it a valuable addition to both study and office environments. Whether used as a student study table, a task table in a home office, or a functional office table, it delivers both practical benefits and a refined look.",11400.00,9500.00,50,0.0,0,,,,Delivery Charges Applicable,"[""study-&-office-tables"",""study-room"",""best-offer""]",2026-03-16 20:42:55.499514+00,false,true,11400.00,12,Standard,0.00,,0,0,,false,true,30,,true,[],,,,,,1
1066,Meiners Study & Office Table,meiners-study-office-table,131,34,"**Meiners Study &amp; Office Table: The Ultimate Fusion of Function and Style**\n\nIntroducing the Meiners Study &amp; Office Table, a quintessential addition to any workspace or study area. Designed with both form and function in mind, this versatile table effortlessly blends style with practicality, making it an ideal choice for students, professionals, and anyone in need of a well-organized work environment.\n\n**Stylish and Practical Design**\n\nThe Meiners Study &amp; Office Table is crafted with a contemporary design that complements any decor, from modern to classic. Its clean lines and understated elegance make it a visually appealing centerpiece in your study or office. Available in a range of finishes, including rich wood tones and sleek modern hues, it can be easily integrated into various room styles and color schemes.\n\n**Functional Storage Solutions**\n\nOne of the standout features of the Meiners table is its integrated storage options. This study table with storage is thoughtfully designed to help you keep your workspace tidy and efficient. It includes multiple drawers and compartments to store office supplies, stationery, books, and other essentials. The drawers glide smoothly, thanks to high-quality metal runners, ensuring ease of use and durability. The built-in storage helps to reduce clutter and keeps everything you need within arm’s reach.\n\n**Perfect for Students and Professionals**\n\nWhether you’re a student preparing for exams or a professional managing your workload, the Meiners Study &amp; Office Table is tailored to meet your needs. Its spacious desktop provides ample room for a laptop, books, and writing materials, allowing you to work comfortably and efficiently. The ergonomic design ensures that you maintain a healthy posture, which is crucial during long study or work sessions.\n\n**Versatile Usage**\n\nThe Meiners table’s versatility extends beyond its primary function as a study and office table. It can also serve as a task table in various settings, including home offices, study rooms, or even small business spaces. Its compact yet spacious design makes it an excellent choice for rooms where space is at a premium. The table’s ability to adapt to different uses and environments makes it a valuable piece of furniture for any home or office.\n\n**Easy Assembly and Maintenance**\n\nDesigned for ease of use, the Meiners Study &amp; Office Table comes with straightforward assembly instructions and all the necessary hardware. Its smooth surface is easy to clean and maintain, requiring only a simple wipe-down with a damp cloth to keep it looking pristine. The high-quality materials used in its construction ensure that it remains a durable and reliable piece of furniture for years to come.\n\nIn summary, the Meiners Study &amp; Office Table offers a perfect blend of style, functionality, and practicality. With its stylish design, ample storage, and versatile use, it is an ideal choice for anyone looking to enhance their workspace. Whether for a student, a professional, or anyone in need of a well-organized task table, the Meiners table provides everything you need to work efficiently and comfortably.",9000.00,7500.00,50,0.0,0,,,,Delivery Charges Applicable,"[""study-&-office-tables"",""study-room"",""best-offer""]",2026-03-16 20:42:59.292157+00,false,true,9000.00,12,Standard,0.00,,0,0,,false,true,30,,true,[],,,,,,1
1067,Casitas Study & Office Table,casitas-study-office-table,131,34,"The **Casitas Study &amp; Office Table** is a versatile and stylish piece designed to meet the demands of both study and work environments. Perfectly suited for students and professionals alike, this table combines functionality with elegance to enhance any workspace.\n\nConstructed with a keen focus on utility and aesthetics, the Casitas Study &amp; Office Table features ample storage solutions, ensuring that all your essentials are organized and within reach. The spacious desktop provides a generous area for writing, typing, or handling paperwork, making it an ideal choice for those who require a dedicated space for their academic or professional tasks.\n\nThe table is equipped with several drawers and compartments that offer substantial storage options. These built-in features are perfect for stowing away books, stationery, and other office supplies, helping to keep your workspace tidy and clutter-free. The thoughtful design ensures that everything you need is easily accessible, contributing to a more productive and organized work environment.\n\nIn addition to its functional storage, the Casitas Study &amp; Office Table boasts a sleek, modern design that seamlessly integrates into any décor. Whether placed in a study room, a home office, or a professional setting, this table adds a touch of sophistication and style. The clean lines and elegant finish make it a stylish addition to any space, while its robust construction ensures durability and long-lasting use.\n\nThe table's design is also tailored to comfort and ergonomics. Its height is carefully calibrated to provide an optimal working posture, reducing strain and enhancing productivity. The sturdy construction offers stability, while the smooth surface ensures that writing or typing is a comfortable experience.\n\nThe Casitas Study &amp; Office Table is not only functional but also versatile. It serves as an excellent study table for students, providing a dedicated space for homework and projects. In a home office setting, it acts as a reliable task table, supporting various work activities with ease. Its adaptability makes it suitable for any work environment, from casual home setups to formal office spaces.\n\nOverall, the Casitas Study &amp; Office Table is a superb choice for anyone seeking a blend of style, functionality, and practicality. Its combination of storage features, sleek design, and ergonomic considerations makes it an essential addition to any workspace. Whether for studying, working, or managing office tasks, this table meets the needs of modern professionals and students alike.",10800.00,9000.00,50,0.0,0,,,,Delivery Charges Applicable,"[""study-&-office-tables"",""study-room"",""best-offer""]",2026-03-16 20:43:02.359096+00,false,true,10800.00,12,Standard,0.00,,0,0,,false,true,30,,true,[],,,,,,1
1068,Port Hueneme Study & Office Table,port-hueneme-study-office-table,131,34,"The Port Hueneme Study &amp; Office Table is an essential addition to any workspace, designed to combine functionality, style, and practicality. This versatile piece of furniture excels as both a study table and an office desk, making it an excellent choice for students, professionals, and anyone needing a dedicated area for work or study.\n\n**Study Table with Storage**\n\nOne of the standout features of the Port Hueneme Study &amp; Office Table is its integrated storage options. The table comes with built-in compartments and drawers that provide ample space for organizing office supplies, stationery, books, and other essentials. This design ensures that your workspace remains clutter-free, promoting a more productive and focused environment. Whether you’re a student needing to keep textbooks and notebooks at arm’s reach or a professional who wants to store important documents and gadgets neatly, this table has you covered.\n\n**Students Study Table**\n\nThe Port Hueneme table is especially well-suited for students. Its spacious desktop offers plenty of room for books, a laptop, and other study materials, creating an ideal environment for concentration and learning. The storage options are perfect for keeping academic supplies organized, reducing the time spent searching for necessary items and allowing students to focus more on their studies. Additionally, its sturdy construction ensures that it can withstand the rigors of daily use, from heavy textbooks to frequent writing and typing.\n\n**Task Table**\n\nFor those who require a dedicated task table, the Port Hueneme Study &amp; Office Table delivers in both functionality and comfort. Its design accommodates various tasks, from detailed work to creative projects. The ample workspace allows for the spread-out of materials, while the storage compartments keep everything you need within reach. This makes it a great choice for crafting, drawing, or working on complex tasks that require an organized and efficient setup.\n\n**Office Table**\n\nIn a professional setting, the Port Hueneme Study &amp; Office Table shines as a reliable office desk. Its clean lines and classic design fit seamlessly into any office decor, whether modern, traditional, or contemporary. The table’s robust construction provides durability and stability, making it suitable for extensive use. The integrated storage helps maintain a tidy workspace, enhancing productivity and efficiency.\n\n**Versatility and Style**\n\nThe Port Hueneme Study &amp; Office Table is not just about function; it also adds a touch of elegance to your space. Its stylish design and quality materials ensure it complements a wide range of interiors, from sleek modern offices to cozy study areas.\n\nIn summary, the Port Hueneme Study &amp; Office Table is a versatile and practical piece of furniture ideal for various needs. With its focus on storage, organization, and durability, it serves as an excellent choice for students, professionals, and anyone looking for a functional and stylish workspace solution.",7500.00,6300.00,50,0.0,0,,,,Delivery Charges Applicable,"[""study-&-office-tables"",""study-room"",""best-offer""]",2026-03-16 20:43:05.430109+00,false,true,7500.00,12,Standard,0.00,,0,0,,false,true,30,,true,[],,,,,,1
1069,Somis Study & Office Table,somis-study-office-table,131,34,"**Somis Study &amp; Office Table: The Ultimate in Functionality and Style**\n\nThe Somis Study &amp; Office Table is the perfect addition to any workspace, combining style, functionality, and practicality to cater to both students and professionals. Designed to meet the needs of those who require a versatile and organized working environment, this table stands out as a premier choice for a study table with storage, a task table, and an office table.\n\nCrafted with meticulous attention to detail, the Somis Study &amp; Office Table features a sleek and modern design that effortlessly complements a variety of interior styles. Its clean lines and minimalistic aesthetic make it an ideal choice for contemporary settings, while the thoughtful design ensures it remains practical and functional.\n\nOne of the standout features of the Somis table is its built-in storage capabilities. Equipped with multiple drawers and compartments, it provides ample space to organize and store your office supplies, stationery, books, and personal items. This clever storage solution helps keep your workspace tidy and clutter-free, enabling you to focus on your work without distractions. The drawers are designed with smooth, easy-to-use handles, and they glide effortlessly on high-quality metal rails, ensuring durability and ease of access.\n\nThe table's surface offers a generous workspace that is perfect for studying, working on projects, or conducting meetings. The spacious desktop is finished in a sleek, durable material that is both easy to clean and resistant to wear and tear. Whether you're working on a laptop, writing, or drawing, the Somis table provides a sturdy and supportive surface to enhance productivity.\n\nDesigned with ergonomics in mind, the Somis Study &amp; Office Table also features a comfortable height that allows for a relaxed working posture. Its dimensions are carefully calculated to provide ample legroom while ensuring that the table fits seamlessly into various room sizes, making it an excellent choice for both compact and spacious offices or study areas.\n\nIn addition to its practical features, the Somis table is also aesthetically pleasing. The use of high-quality materials and a refined finish gives it a sophisticated look that enhances any room's décor. Its versatile design ensures that it can be used in various settings, from a student's study area to a professional office environment.\n\nOverall, the Somis Study &amp; Office Table is a superb investment for anyone in need of a functional, stylish, and space-saving furniture piece. It combines the essential elements of a study table with storage, a task table, and an office table, making it a versatile and valuable addition to your workspace. Whether you are a student seeking a dedicated study area or a professional in need of an efficient office setup, the Somis table offers the perfect blend of form and function to meet your needs.",6000.00,5000.00,50,0.0,0,,,,Delivery Charges Applicable,"[""study-&-office-tables"",""study-room"",""best-offer""]",2026-03-16 20:43:09.437081+00,false,true,6000.00,12,Standard,0.00,,0,0,,false,true,30,,true,[],,,,,,1
1070,La Conchita Study & Office Table,la-conchita-study-office-table,131,34,"The **La Conchita Study &amp; Office Table** is the quintessential piece for both students and professionals seeking functionality and style in their workspaces. Designed to seamlessly blend with various interior styles, this study and office table offers a perfect balance of form and function.\n\nCrafted with meticulous attention to detail, the La Conchita table stands out with its robust construction and versatile features. The table is an ideal addition to any home office, study room, or workspace, providing ample surface area for both studying and professional tasks. Its clean lines and modern design ensure it fits effortlessly into a range of décor styles, from contemporary to traditional.\n\nOne of the standout features of the La Conchita Study &amp; Office Table is its built-in storage capabilities. Equipped with several drawers and compartments, this table helps keep your workspace organized and clutter-free. Whether you need to store stationery, documents, or office supplies, the storage solutions integrated into the table ensure everything you need is within easy reach. This makes it particularly beneficial for students who require a neat and orderly environment for studying or for professionals who need efficient storage for their work essentials.\n\nThe La Conchita table also excels in versatility. Its spacious top provides plenty of room for a laptop or desktop computer, textbooks, notes, or other work materials. The table's surface is designed to accommodate both intensive study sessions and busy workdays, allowing you to switch effortlessly between tasks. The sturdy construction ensures durability, making it a reliable choice for daily use.\n\nAnother key aspect of the La Conchita Study &amp; Office Table is its ergonomic design. The table is designed to offer comfort during extended periods of use. Its height and dimensions are optimized to ensure you can maintain a good posture while working or studying. This thoughtful design promotes better ergonomics and helps reduce strain, contributing to a more productive and comfortable work environment.\n\nIn addition to its practical features, the La Conchita table adds a touch of elegance to any space. Its sleek finish and modern aesthetic enhance the overall look of your room, making it not just a functional piece but also a stylish one. The combination of functionality and visual appeal makes the La Conchita Study &amp; Office Table a valuable investment for anyone looking to enhance their workspace.\n\nOverall, the La Conchita Study &amp; Office Table is a versatile and practical choice for those in need of a reliable and stylish solution for their study or office needs. With its ample storage, ergonomic design, and elegant appearance, it is sure to meet the demands of both students and professionals alike.",22200.00,18500.00,50,0.0,0,,,,Delivery Charges Applicable,"[""study-&-office-tables"",""study-room"",""best-offer""]",2026-03-16 20:43:13.017188+00,false,true,22200.00,12,Standard,0.00,,0,0,,false,true,30,,true,[],,,,,,1
1071,Oak Park Study & Office Table,oak-park-study-office-table,131,34,"**Oak Park Study &amp; Office Table: A Comprehensive Solution for Study and Work**\n\nThe Oak Park Study &amp; Office Table stands as a quintessential example of modern design combined with practical functionality, ideal for students, professionals, and home office environments. Crafted with meticulous attention to detail, this desk embodies the essence of both style and utility, making it a versatile choice for a variety of needs.\n\n**Design and Aesthetics**\n\nThe Oak Park Study &amp; Office Table features a sleek, contemporary design that seamlessly blends with any decor style. Its clean lines and understated elegance make it a perfect addition to both minimalist and traditional settings. The table’s surface is constructed from high-quality oak wood, known for its durability and timeless appeal. The natural grain patterns and rich, warm tones of the oak add a touch of sophistication to any space, while the smooth finish ensures ease of maintenance.\n\n**Functionality and Features**\n\nThis study table is designed with functionality in mind. It includes ample storage solutions, featuring multiple drawers and compartments to keep your workspace organized and clutter-free. The spacious tabletop provides enough room for your computer, books, and other essential items, making it suitable for various tasks. Whether you're working on a project, writing notes, or simply managing your daily tasks, the Oak Park Study &amp; Office Table offers a comfortable and efficient workspace.\n\nThe desk is also equipped with a built-in cable management system to keep cords and cables neatly concealed, which is especially beneficial in maintaining a tidy work area. The thoughtful design extends to its user-friendly features, including an ergonomic height that promotes a healthy posture during prolonged use.\n\n**Versatility and Usage**\n\nIdeal for students, the Oak Park Study &amp; Office Table offers a dedicated space for studying and completing homework. Its organized storage helps keep educational materials and stationery within easy reach, enhancing productivity. For professionals, the table provides a practical workspace for office tasks, meetings, and project management. Its elegant design ensures that it fits seamlessly into a home office setting, offering both functionality and a professional appearance.\n\n**Durability and Construction**\n\nConstructed from high-quality oak wood, the Oak Park Study &amp; Office Table is built to last. The robust construction ensures that the table can withstand daily use, while the scratch-resistant finish maintains its pristine look over time. The sturdy frame and solid legs provide stability and durability, making it a reliable choice for long-term use.\n\n**Conclusion**\n\nIn summary, the Oak Park Study &amp; Office Table is more than just a piece of furniture; it is a valuable addition to any study or office space. Its combination of style, functionality, and durability makes it an excellent investment for those seeking a reliable and elegant solution for their work and study needs. With its ample storage, versatile use, and timeless design, this table enhances both productivity and aesthetic appeal, making it an essential component of any well-designed workspace.",11400.00,9500.00,50,0.0,0,,,,Delivery Charges Applicable,"[""study-&-office-tables"",""study-room"",""best-offer""]",2026-03-16 20:43:16.594672+00,false,true,11400.00,12,Standard,0.00,,0,0,,false,true,30,,true,[],,,,,,1
1072,Santa Rosa Valley Study & Office Table,santa-rosa-valley-study-office-table,131,34,"The **Santa Rosa Valley Study &amp; Office Table** epitomizes the ideal blend of functionality, style, and organization, designed to cater to the needs of both students and professionals. This versatile piece of furniture serves not just as a study table but also as an efficient office table, making it a superb addition to any home or office setting.\n\nCrafted with meticulous attention to detail, the Santa Rosa Valley table features a spacious work surface that provides ample room for laptops, books, and stationery, allowing users to work comfortably and efficiently. Its generous desk area ensures that whether you’re tackling academic assignments, managing office tasks, or engaging in creative projects, you have the space you need to stay productive.\n\nOne of the standout features of this study and office table is its built-in storage capabilities. Equipped with multiple drawers and compartments, the Santa Rosa Valley table allows for neat and organized storage of essential items. The drawers are ideal for stashing away office supplies, important documents, and personal belongings, keeping your workspace clutter-free. The practical design of these storage solutions enhances accessibility while contributing to a clean and organized work environment.\n\nIn terms of design, the Santa Rosa Valley table boasts a sleek, modern aesthetic that seamlessly integrates with various décor styles. Its clean lines and understated elegance make it a versatile choice for any room, be it a contemporary home office, a cozy study nook, or a professional workspace. The table’s robust construction ensures durability, while its finishes can range from classic wood tones to contemporary laminates, allowing you to select the option that best suits your interior design.\n\nThe table’s ergonomics are thoughtfully designed to promote comfort during extended periods of use. The height and dimensions of the Santa Rosa Valley table are optimized for both sitting and standing tasks, ensuring a comfortable and adaptable work experience. This makes it particularly suitable for students who need a conducive study environment and professionals who require a reliable and flexible office setup.\n\nFurthermore, the Santa Rosa Valley Study &amp; Office Table’s ease of assembly and maintenance adds to its appeal. It is designed for straightforward assembly with clear instructions and minimal tools required, making it accessible for users to set up quickly. Maintenance is equally simple, with smooth surfaces that are easy to clean and maintain, ensuring the table remains in pristine condition with minimal effort.\n\nIn summary, the Santa Rosa Valley Study &amp; Office Table is a well-rounded solution for those seeking a functional, stylish, and practical piece of furniture for their study or office space. Its combination of ample workspace, efficient storage, and sleek design makes it a valuable addition to any environment, supporting productivity and organization while enhancing the overall aesthetics of the room.",17400.00,14500.00,50,0.0,0,,,,Delivery Charges Applicable,"[""study-&-office-tables"",""study-room"",""best-offer""]",2026-03-16 20:43:19.880622+00,false,true,17400.00,12,Standard,0.00,,0,0,,false,true,30,,true,[],,,,,,1
1073,Wheeler Springs Study & Office Table,wheeler-springs-study-office-table,131,34,"The Wheeler Springs Study &amp; Office Table is a versatile piece designed to meet the needs of both students and professionals. This well-crafted table offers a blend of functionality and style, making it an excellent choice for any workspace.\n\nAt its core, the Wheeler Springs table is designed to serve as an efficient study table with storage. It features ample workspace that allows students to spread out textbooks, notebooks, and electronic devices. The spacious top is perfect for organizing study materials, whether for a late-night cram session or a routine homework assignment. The design prioritizes ease of use, with a smooth, durable surface that accommodates both writing and typing.\n\nOne of the standout features of the Wheeler Springs table is its built-in storage. With multiple drawers and compartments, this table ensures that essential items are always within reach. These storage solutions help maintain an organized and clutter-free workspace, which is crucial for productivity and focus. Students will appreciate the ability to store stationery, pens, and other study supplies neatly out of sight yet easily accessible.\n\nIn a professional setting, the Wheeler Springs Study &amp; Office Table excels as a task table. Its design accommodates various office essentials, from documents to office gadgets. The generous surface area allows for a computer setup, alongside space for additional paperwork or planning materials. The storage compartments are ideal for managing office supplies and keeping the workspace organized, thus enhancing efficiency and professionalism.\n\nConstructed with high-quality materials, the Wheeler Springs table combines durability with a modern aesthetic. Its clean lines and contemporary finish make it a fitting addition to any office or study area. The design complements various interior styles, from minimalist to traditional, ensuring that it integrates seamlessly into existing decor.\n\nThe Wheeler Springs Study &amp; Office Table is not just about aesthetics and functionality; it’s also designed with user comfort in mind. The height and proportions of the table are carefully considered to support ergonomic use, reducing strain during long hours of work or study. This thoughtful design promotes a healthy posture, making it a practical choice for both students and professionals who spend extended periods at their desks.\n\nIn summary, the Wheeler Springs Study &amp; Office Table is an exceptional choice for anyone seeking a blend of style, functionality, and practicality. Its ample workspace, efficient storage solutions, and durable construction make it a valuable asset for students and professionals alike. Whether used as a study table or a task-oriented office table, the Wheeler Springs table ensures a productive and organized environment, enhancing both work and study experiences.",10800.00,9000.00,50,0.0,0,,,,Delivery Charges Applicable,"[""study-&-office-tables"",""study-room"",""best-offer""]",2026-03-16 20:43:23.726479+00,false,true,10800.00,12,Standard,0.00,,0,0,,false,true,30,,true,[],,,,,,1
1074,Saticoy Study & Office Table,saticoy-study-office-table,131,34,"The Saticoy Study &amp; Office Table epitomizes functionality and style, making it an excellent addition to any workspace. Designed to meet the demands of both students and professionals, this versatile table offers a seamless blend of practical features and modern aesthetics.\n\n**Versatile Functionality**\nAt the heart of the Saticoy Study &amp; Office Table is its adaptability. With ample storage space, it caters to the needs of students, professionals, and anyone requiring a well-organized work environment. The table's design incorporates multiple drawers and shelves, providing a dedicated space for stationery, books, and other essentials. This thoughtful arrangement ensures that everything you need is within arm's reach, helping you stay focused and productive.\n\n**Study Table with Storage**\nFor students, the Saticoy table offers a spacious surface area ideal for study sessions and homework. The integrated storage solutions, including drawers and compartments, allow students to keep their study materials neatly organized. This feature not only maximizes space but also minimizes clutter, creating a conducive learning environment. Whether preparing for exams or working on projects, students will appreciate the convenience and efficiency that this table brings.\n\n**Task Table for Professionals**\nIn a professional setting, the Saticoy Study &amp; Office Table excels as a task table. Its sleek design and robust construction make it suitable for a variety of office tasks, from detailed paperwork to creative brainstorming sessions. The table's storage options are perfect for keeping important documents and office supplies organized, ensuring a tidy workspace. Its modern look also complements any office décor, adding a touch of sophistication to your work environment.\n\n**Office Table with Modern Design**\nThe Saticoy table stands out not only for its practicality but also for its contemporary design. Its clean lines and elegant finish make it a stylish addition to any office or study area. The table's durability and quality materials ensure it will remain a reliable workspace for years to come. Available in various finishes, it can seamlessly integrate into both traditional and modern interiors.\n\n**Space-Saving Features**\nOne of the key advantages of the Saticoy Study &amp; Office Table is its space-saving design. Despite its comprehensive storage and functionality, it maintains a compact footprint. This makes it an ideal choice for smaller rooms or offices where space is at a premium. The table's clever design ensures that it provides maximum utility without occupying excessive space.\n\n**Conclusion**\nIn summary, the Saticoy Study &amp; Office Table is a highly functional and stylish solution for any workspace. Its combination of storage, adaptability, and modern design makes it an excellent choice for students, professionals, and anyone in need of a reliable and attractive task table. Whether used as a study table or an office desk, the Saticoy table delivers both practicality and elegance, enhancing productivity and contributing to a well-organized environment.",10000.00,8400.00,50,0.0,0,,,,Delivery Charges Applicable,"[""study-&-office-tables"",""study-room"",""best-offer""]",2026-03-16 20:43:27.044357+00,false,true,10000.00,12,Standard,0.00,,0,0,,false,true,30,,true,[],,,,,,1
1075,Moorpark Study & Office Table,moorpark-study-office-table,131,34,"### Moorpark Study &amp; Office Table: The Ultimate in Functional Design\n\nThe **Moorpark Study &amp; Office Table** stands out as a versatile and stylish solution for both study and professional environments. Designed with a keen understanding of modern needs, this table effortlessly integrates into any space, offering a blend of functionality and elegance.\n\n**Functionality and Storage**\nOne of the standout features of the Moorpark Study &amp; Office Table is its thoughtful incorporation of storage solutions. This table isn't just a workspace; it's a hub for organization. Equipped with ample drawers and shelves, it allows users to keep their study or office essentials within easy reach. Whether you need to store stationery, documents, or personal items, the table's storage compartments are designed to accommodate all your needs, reducing clutter and enhancing productivity.\n\n**Versatility for All Users**\nThe Moorpark table is ideal for a wide range of users. For students, it offers a dedicated area for studying, homework, and projects. Its spacious surface and built-in storage make it perfect for organizing textbooks, notebooks, and stationery, helping students stay focused and organized. The adjustable height option caters to ergonomic needs, allowing for comfortable sitting and writing posture.\n\nFor professionals, the Moorpark Study &amp; Office Table provides an efficient workspace that enhances workflow. Its clean design and practical features, such as cable management and a convenient workspace layout, make it a perfect fit for home offices and professional settings. The table's modern aesthetic adds a touch of sophistication to any office decor, while its durable construction ensures long-term reliability.\n\n**Stylish and Durable Design**\nCrafted from high-quality materials, the Moorpark table combines durability with style. Its sleek, minimalist design complements a variety of interior themes, from contemporary to classic. The table’s surface is easy to clean and maintain, ensuring that it retains its attractive appearance over time. The robust construction of the table means it can withstand daily use, making it a reliable choice for both home and office environments.\n\n**Space-Efficient**\nThe Moorpark Study &amp; Office Table excels in space efficiency. Its compact design ensures it fits well in smaller rooms without sacrificing functionality. The ability to incorporate storage solutions within the table itself maximizes usable space, making it an excellent choice for those who need to make the most of limited room dimensions.\n\n**Conclusion**\nIn summary, the **Moorpark Study &amp; Office Table** is a versatile, stylish, and functional piece of furniture ideal for any study or office space. Its combination of practical storage solutions, ergonomic design, and aesthetic appeal makes it a valuable addition to any setting. Whether used by students or professionals, it enhances productivity and organization, proving that a well-designed workspace can make a significant difference in daily activities.",9300.00,7800.00,50,0.0,0,,,,Delivery Charges Applicable,"[""study-&-office-tables"",""study-room"",""best-offer""]",2026-03-16 20:43:30.303003+00,false,true,9300.00,12,Standard,0.00,,0,0,,false,true,30,,true,[],,,,,,1
1076,Camarillo Study & Office Table,camarillo-study-office-table,131,34,"The **Camarillo Study &amp; Office Table** is a versatile piece of furniture designed to cater to the diverse needs of both students and professionals. Combining functionality and style, this table is an ideal addition to any study or office space, providing ample storage and workspace for various tasks.\n\nAt its core, the Camarillo table excels as a **study table with storage**. It is thoughtfully designed with multiple compartments and drawers, making it easy to organize and access your study materials, stationery, and personal items. The spacious desktop offers plenty of room for textbooks, notebooks, and a laptop, allowing students to comfortably tackle their assignments and projects. The integrated storage solutions help to keep the study area clutter-free, which can enhance productivity and focus.\n\nIn addition to its role as a student’s study table, the Camarillo also functions superbly as a **task table**. Whether you're working on creative projects, managing administrative tasks, or handling detailed work assignments, the table provides a sturdy and spacious surface to accommodate your needs. The desk's design incorporates ergonomic considerations, ensuring that users can work comfortably for extended periods without strain. The adjustable features and well-placed storage options allow for a customized setup, making it easy to switch between different tasks and work styles.\n\nFor those who require a dedicated workspace at home, the Camarillo Study &amp; Office Table also serves as an efficient **office table**. Its sleek and modern design fits seamlessly into any home office decor, offering a professional and organized appearance. The inclusion of ample storage helps to keep essential office supplies, documents, and gadgets within easy reach, improving workflow and efficiency. The robust construction ensures durability and stability, making it a reliable choice for everyday use.\n\nOverall, the Camarillo Study &amp; Office Table is more than just a piece of furniture; it's a comprehensive solution for effective work and study environments. Its blend of practicality and elegance makes it a valuable asset for any setting where organization, functionality, and style are important. Whether you’re a student needing a dedicated study space, a professional requiring a home office setup, or simply in need of a versatile task table, the Camarillo Study &amp; Office Table meets all these needs with ease.",10800.00,9000.00,50,0.0,0,,,,Delivery Charges Applicable,"[""study-&-office-tables"",""study-room"",""best-offer""]",2026-03-16 20:43:33.595349+00,false,true,10800.00,12,Standard,0.00,,0,0,,false,true,30,,true,[],,,,,,1
1077,Oxnard Study & Office Table,oxnard-study-office-table,131,34,"The Oxnard Study &amp; Office Table is an ideal choice for those seeking both functionality and style in their workspace. Designed to serve multiple purposes, this versatile piece of furniture seamlessly transitions between a study table, task table, and office table, making it a must-have for students and professionals alike.\n\nCrafted with precision, the Oxnard Study &amp; Office Table combines contemporary design with practical features. Its clean lines and modern aesthetics make it a fitting addition to any home office or study area. The table’s surface is spacious enough to accommodate a laptop, books, and other study essentials, ensuring that you have ample room to work comfortably. The quality construction of the table ensures durability, providing a stable and reliable workspace for your daily tasks.\n\nOne of the standout features of the Oxnard table is its integrated storage solutions. The study table is equipped with drawers and shelves, designed to keep your workspace organized and clutter-free. These storage compartments are perfect for stashing away stationery, files, and other office supplies, ensuring that everything you need is within easy reach. This thoughtful design not only enhances the table’s functionality but also contributes to a more productive and efficient work environment.\n\nThe Oxnard Study &amp; Office Table is particularly beneficial for students who require a dedicated study area. Its robust design supports a variety of study activities, from writing and reading to using a computer. The storage options help students keep their books and notes neatly organized, making it easier to focus on their studies without the distraction of a disorganized desk.\n\nFor professionals, the Oxnard table serves as an excellent office table. Its sleek design and practical storage features make it a great choice for a home office setup. Whether you’re handling paperwork, conducting virtual meetings, or working on creative projects, the Oxnard table provides a comfortable and functional workspace that adapts to your needs.\n\nIn summary, the Oxnard Study &amp; Office Table is a versatile and well-designed piece of furniture that caters to a range of needs. Its combination of ample workspace and efficient storage solutions makes it an excellent choice for anyone in need of a reliable study table, task table, or office table. With its modern look and practical features, the Oxnard table enhances any workspace, making it a valuable addition to your home or office.",12000.00,10000.00,50,0.0,0,,,,Delivery Charges Applicable,"[""study-&-office-tables"",""study-room"",""best-offer""]",2026-03-16 20:43:37.381691+00,false,true,12000.00,12,Standard,0.00,,0,0,,false,true,30,,true,[],,,,,,1
1078,Bell Canyon Study & Office Table,bell-canyon-study-office-table,131,34,"The Bell Canyon Study &amp; Office Table is an exemplary choice for those seeking a blend of functionality and style in their workspace. Perfectly suited for both study and office environments, this table offers a versatile solution for various needs, from academic tasks to professional duties.\n\nDesigned with practicality in mind, the Bell Canyon table features a spacious surface that accommodates a range of activities. Whether you’re tackling a challenging assignment, working on a creative project, or handling daily administrative tasks, this table provides ample room to spread out your materials and work efficiently. The broad desktop ensures that you have enough space for a laptop, books, documents, and other essentials, making it an excellent choice for students and professionals alike.\n\nOne of the standout features of the Bell Canyon Study &amp; Office Table is its built-in storage capabilities. The table is equipped with several drawers and compartments that help you keep your workspace organized and clutter-free. These storage options are perfect for stashing away stationery, office supplies, and important documents, ensuring that everything you need is within easy reach. This aspect is particularly beneficial for students who require a tidy study area and for professionals who need to manage various items effectively.\n\nIn terms of design, the Bell Canyon table combines modern aesthetics with practicality. Its sleek, clean lines and minimalist design make it a stylish addition to any room. The table's construction uses high-quality materials, ensuring durability and longevity. Whether used in a home office, a study nook, or a professional workspace, the Bell Canyon table enhances the look of your environment while offering robust functionality.\n\nMoreover, the table's versatility extends beyond its use as a study or office table. Its elegant design allows it to blend seamlessly with various decor styles, making it a versatile piece of furniture that can fit into any room setting. The Bell Canyon table is not just a functional piece of furniture but also a stylish addition to your home or office.\n\nOverall, the Bell Canyon Study &amp; Office Table is a well-rounded piece of furniture that meets the demands of modern work and study environments. Its thoughtful design, ample storage, and stylish appearance make it a valuable addition to any workspace, providing both functionality and aesthetic appeal. Whether you're a student in need of a reliable study table or a professional seeking an organized office space, the Bell Canyon table offers a practical and attractive solution.",10800.00,9000.00,50,0.0,0,,,,Delivery Charges Applicable,"[""study-&-office-tables"",""study-room"",""best-offer""]",2026-03-16 20:43:40.861641+00,false,true,10800.00,12,Standard,0.00,,0,0,,false,true,30,,true,[],,,,,,1
1079,Mira Monte Study & Office Table,mira-monte-study-office-table,131,34,"The Mira Monte Study &amp; Office Table is the ideal addition for both home study spaces and professional work environments. Designed to cater to various needs, this versatile piece serves as a functional study table with ample storage, making it a favorite choice for students and professionals alike.\n\nConstructed with attention to detail, the Mira Monte table blends practicality with style. It features a spacious surface area, providing ample room for books, notebooks, and electronic devices, making it perfect for focused study sessions or productive workdays. The table's design ensures that you have enough space to spread out your materials while maintaining an organized workspace.\n\nOne of the standout features of the Mira Monte Study &amp; Office Table is its integrated storage solutions. Equipped with built-in shelves and drawers, this table helps keep your work area tidy and clutter-free. The shelves are ideal for storing textbooks, reference materials, or office supplies, while the drawers offer a convenient space for smaller items like pens, paper clips, and sticky notes. This thoughtful design element ensures that you can easily access all your essentials without having to leave your desk.\n\nThe Mira Monte table's sturdy construction and high-quality materials guarantee durability and long-lasting use. Whether you're using it as a study table for schoolwork or as a task table in a home office, you can rely on its robust design to withstand daily use. The table's sleek, modern aesthetic complements a variety of decor styles, making it a versatile choice for any room.\n\nIn addition to its functional benefits, the Mira Monte Study &amp; Office Table is also designed with comfort in mind. The height of the table is optimized for ergonomic use, allowing you to work comfortably for extended periods. Its spacious design ensures that you have enough room to move around freely while seated.\n\nOverall, the Mira Monte Study &amp; Office Table is an excellent investment for anyone seeking a practical, stylish, and durable piece of furniture for their study or work area. Its combination of ample storage, spacious work surface, and sleek design makes it a valuable addition to any home or office. Whether you’re a student looking for a dedicated study space or a professional in need of an efficient workspace, the Mira Monte table provides the perfect solution.",14666.00,11000.00,50,0.0,0,,,,Delivery Charges Applicable,"[""study-&-office-tables"",""study-room"",""best-offer""]",2026-03-16 20:43:44.239678+00,false,true,14666.00,12,Standard,0.00,,0,0,,false,true,30,,true,[],,,,,,1
1080,Sonora TV Stand,sonora-tv-stand,130,34,"<div class=""col-md-6 mt10 pl0 prm0"">\n<div id=""document_view"" class=""white_textarea_box color_222222 lh25 hidSden"" contenteditable=""false"" spellcheck=""false"">The Sonora TV Stand combines timeless elegance with modern functionality, featuring a sleek, minimalist design crafted from rich mahogany wood with a lustrous ebony finish. Its distinctive silhouette boasts clean lines and tapered legs, offering a sophisticated focal point for any living space. Equipped with ample storage, including spacious cabinets and open shelves, it effortlessly accommodates media essentials while maintaining a clutter-free appearance. Designed to harmonize seamlessly with both contemporary and classic interiors, the Sonora TV Stand is not just a piece of furniture, but a statement of refined taste and practicality.</div>\n</div>\n<div class=""col-md-6 mt10 pr0 plm0"">\n<div class=""wp100 scrooling"">\n<div id=""ajax_container-display""></div>\n</div>\n</div>",10800.00,7627.00,50,0.0,0,,,,Delivery Charges Applicable,"[""tv-racks"",""bed-room"",""living-room"",""best-offer""]",2026-03-16 20:43:47.721808+00,false,true,10800.00,12,Standard,0.00,,0,0,,false,true,30,,true,[],,,,,,1
1081,Groveland TV Stand,groveland-tv-stand,130,34,"Introducing the Groveland TV Stand, where classic craftsmanship meets contemporary elegance. Crafted from rich mahogany wood, this piece exudes timeless charm and sophistication, enhanced by its smooth, polished finish and refined detailing.\n\nDesigned to elevate your entertainment area, the Groveland TV Stand offers a perfect balance of functionality and style. Its generous surface accommodates large flat-screen TVs, while ample storage options including drawers and shelves provide organized space for media components, gaming consoles, and more.\n\nThe Groveland TV Stand is not just a piece of furniture; it's a statement of refined taste and practicality. Whether placed in a traditional living room, a modern entertainment space, or a cozy den, its versatile design seamlessly blends with various decor styles, adding a touch of luxury and functionality to any environment.\n\nExperience the perfect synergy of classic design and contemporary utility with the Groveland TV Stand, where every detail is crafted to enhance your viewing experience and transform your living space into a haven of sophistication and comfort.",30000.00,21186.00,50,0.0,0,,,,Delivery Charges Applicable,"[""tv-racks"",""bed-room"",""living-room"",""best-offer""]",2026-03-16 20:43:50.902038+00,false,true,30000.00,12,Standard,0.00,,0,0,,false,true,30,,true,[],,,,,,1
1082,Soulsbyville TV Stand,soulsbyville-tv-stand,130,34,"The Soulsbyville TV Stand blends rustic charm with modern functionality, featuring a weathered oak finish that evokes the tranquility of a country cottage. Its sturdy construction supports your entertainment essentials with ample shelving and a sleek surface, perfect for organizing media devices and displaying cherished decor. Designed to complement any living space, this stand effortlessly combines timeless elegance with practicality, making it a standout piece in your home.",38800.00,28000.00,50,0.0,0,,,,Delivery Charges Applicable,"[""tv-racks"",""bed-room"",""living-room"",""best-offer""]",2026-03-16 20:43:54.996879+00,false,true,38800.00,12,Standard,0.00,,0,0,,false,true,30,,true,[],,,,,,1
1083,Tuttletown TV Stand,tuttletown-tv-stand,130,34,"The Tuttletown TV Stand is a harmonious blend of functionality and style, crafted to elevate your entertainment space with its sleek design and practical features. Its smooth, espresso-finished surface provides a sophisticated backdrop for your television, while ample storage options including open shelves and discreet cabinets ensure clutter-free organization of media devices, books, and decor. The stand's contemporary lines and robust construction offer durability and versatility, making it an ideal choice for both modern and traditional interiors seeking a touch of timeless elegance.",30200.00,18650.00,50,0.0,0,,,,Delivery Charges Applicable,"[""tv-racks"",""bed-room"",""living-room"",""best-offer""]",2026-03-16 20:43:58.061129+00,false,true,30200.00,12,Standard,0.00,,0,0,,false,true,30,,true,[],,,,,,1
1084,Tuolumne TV Stand,tuolumne-tv-stand,130,34,"The Tuolumne TV Stand is a contemporary masterpiece, blending sleek lines with a rich espresso finish to create a focal point in any modern living room. Crafted from durable engineered wood, it offers a perfect balance of style and functionality, featuring spacious shelves and cabinets for organizing media components and accessories. Its minimalist design is accentuated by brushed nickel hardware, adding a touch of sophistication while ensuring durability. Ideal for both large and small spaces, the Tuolumne TV Stand brings a timeless elegance and practicality to your home entertainment setup, making it a must-have centerpiece for your living space.",14400.00,10170.00,50,0.0,0,,,,Delivery Charges Applicable,"[""tv-racks"",""bed-room"",""living-room"",""best-offer""]",2026-03-16 20:44:01.340455+00,false,true,14400.00,12,Standard,0.00,,0,0,,false,true,30,,true,[],,,,,,1
1085,Manhattan TV Stand,manhattan-tv-stand,130,34,"Introducing the Manhattan TV Stand, a symbol of urban sophistication and functional design. Crafted with precision from sleek, high-quality materials, this stand embodies modern elegance with its clean lines, glossy finish, and minimalist appeal.\n\nDesigned to complement contemporary living spaces, the Manhattan TV Stand offers a seamless blend of style and practicality. Its spacious surface accommodates large flat-screen TVs, while integrated shelves and cabinets provide ample storage for media equipment, gaming consoles, and accessories.\n\nThe Manhattan TV Stand is not just a piece of furniture; it's a statement of refined taste and urban living. Whether placed in a chic city apartment, a modern loft, or a stylish entertainment room, its sleek design and versatile functionality enhance any environment with a touch of metropolitan flair.\n\nExperience the perfect balance of form and function with the Manhattan TV Stand, where every detail is crafted to elevate your entertainment experience and transform your living space into a contemporary sanctuary of style and convenience.",18000.00,12712.00,50,0.0,0,,,,Delivery Charges Applicable,"[""tv-racks"",""bed-room"",""living-room"",""best-offer""]",2026-03-16 20:44:04.726962+00,false,true,18000.00,12,Standard,0.00,,0,0,,false,true,30,,true,[],,,,,,1
1086,Cedar Ridge TV Stand,cedar-ridge-tv-stand,130,34,"Introducing the Cedar Ridge TV Stand, where rustic charm meets modern functionality. Crafted from solid cedar wood, each piece showcases unique grain patterns and natural knots, adding a touch of authenticity and character to your living space.\n\nDesigned to accommodate today's entertainment essentials, the Cedar Ridge TV Stand features ample storage with open shelves and cabinets, perfect for organizing media devices, gaming consoles, and decor items. Its sturdy construction ensures durability, while the warm, earthy tones of cedar wood bring a sense of warmth and coziness to your home.\n\nWhether placed in a cozy living room or a spacious entertainment area, the Cedar Ridge TV Stand effortlessly combines practicality with aesthetic appeal. Its timeless design blends seamlessly with various decor styles, from farmhouse chic to eclectic modern, making it a versatile addition to any interior.\n\nElevate your home entertainment experience with the Cedar Ridge TV Stand, where craftsmanship meets functionality in a piece that promises to be both a focal point and a practical storage solution for years to come.",33600.00,23729.00,50,0.0,0,,,,Delivery Charges Applicable,"[""tv-racks"",""bed-room"",""living-room"",""best-offer""]",2026-03-16 20:44:08.306974+00,false,true,33600.00,12,Standard,0.00,,0,0,,false,true,30,,true,[],,,,,,1
1087,Jamestown TV Stand,jamestown-tv-stand,130,34,"Introducing the Jamestown TV Stand, where timeless elegance meets modern functionality. Crafted from solid oak with a lustrous walnut finish, this stand exudes a sense of sophistication and durability that enhances any living space.\n\nDesigned to accommodate today's entertainment needs, the Jamestown TV Stand features a spacious top surface capable of holding large flat-screen TVs with ease. Its thoughtful design includes ample storage options with open shelves and cabinets, perfect for organizing media equipment, gaming consoles, and decorative items.\n\nThe Jamestown TV Stand is more than just a piece of furniture; it's a focal point that blends seamlessly into both classic and contemporary interiors. Its clean lines and minimalist hardware emphasize its quality craftsmanship, while the rich walnut tones add warmth and character to any room.\n\nElevate your home entertainment experience with the Jamestown TV Stand, where traditional design meets modern convenience in a piece that promises to be both functional and visually striking for years to come.",9000.00,6356.00,50,0.0,0,,,,Delivery Charges Applicable,"[""tv-racks"",""bed-room"",""living-room"",""best-offer""]",2026-03-16 20:44:12.093365+00,false,true,9000.00,12,Standard,0.00,,0,0,,false,true,30,,true,[],,,,,,1
1088,Strawberry TV Stand,strawberry-tv-stand,130,34,"The Strawberry TV Stand is an elegantly designed piece of furniture that marries style with practicality, making it an excellent addition to any modern living room or entertainment area. This TV stand is crafted to offer ample storage and display options while seamlessly enhancing the aesthetic appeal of your space.\n\nConstructed from high-quality materials, It features a robust build designed to withstand daily use. Its sleek, contemporary design boasts clean lines and a sophisticated finish that complements a variety of interior styles. Whether your decor is minimalist, modern, or transitional, the Strawberry TV Stand integrates effortlessly, adding a touch of elegance and functionality.\n\nOne of the primary features of the Strawberry TV Stand is its spacious TV shelf. This shelf is thoughtfully designed to accommodate a wide range of television sizes and types, from flat-screens to larger models. Its sturdy construction ensures that your TV is securely supported, providing a stable base for optimal viewing. Additionally, the generous dimensions of the TV shelf offer room for other media components, such as DVD players, gaming consoles, and streaming devices, ensuring all your entertainment needs are met.\n\nIn addition to the TV shelf, the Strawberry TV Stand includes a well-organized TV cupboard. This cupboard provides valuable storage space for media accessories, remote controls, and other essentials. The cupboard features a sleek, modern door design that maintains the stand’s clean aesthetic while offering easy access to stored items. This practical feature helps keep your entertainment area tidy and free from clutter, contributing to a more organized and inviting living space.\n\nThe Strawberry TV Stand also includes a versatile TV rack, which adds another layer of functionality to its design. The TV rack can be used to display decorative items, such as vases or picture frames, or to hold additional media equipment. This flexible feature allows you to personalize your setup according to your preferences, enhancing both the functionality and visual appeal of your TV stand.\n\nOverall, the Strawberry TV Stand offers a perfect blend of style and practicality. With its spacious TV shelf, functional TV cupboard, and versatile TV rack, it provides a comprehensive solution for all your media storage and display needs. The TV stand’s modern design and high-quality construction ensure that it not only meets your practical requirements but also elevates the overall look of your living space, making it a valuable addition to any contemporary home.",10800.00,7627.00,50,0.0,0,,,,Delivery Charges Applicable,"[""tv-racks"",""bed-room"",""living-room"",""best-offer""]",2026-03-16 20:44:15.792163+00,false,true,10800.00,12,Standard,0.00,,0,0,,false,true,30,,true,[],,,,,,1
1089,Mono Vista TV Stand,mono-vista-tv-stand,130,34,"The Mono Vista TV Stand is a quintessential example of modern design and practical functionality, crafted to enhance your home entertainment area with both style and efficiency. This TV stand is thoughtfully designed to accommodate a variety of media equipment while seamlessly blending with various interior styles, making it an ideal choice for any living room or media space.\n\nConstructed from high-quality materials, the Mono Vista TV Stand offers a robust build that ensures durability and longevity. Its sleek and contemporary design features clean lines and a minimalist aesthetic, which complements a range of decor styles from modern to transitional. The TV stand’s versatile look and high-quality construction make it a durable and attractive addition to any home.\n\nA standout feature of the Mono Vista TV Stand is its spacious TV shelf. This shelf is designed to hold your television securely while providing ample space for other media components. Whether you have a flat-screen TV or a larger model, the TV shelf is generously sized to accommodate a wide range of screen sizes and types. Its sturdy construction ensures that your TV is well-supported and positioned at the optimal viewing height.\n\nIn addition to the TV shelf, the Mono Vista TV Stand includes a well-designed TV cupboard. This cupboard offers additional storage space for media accessories, such as DVDs, gaming consoles, and remote controls. The cupboard features a sleek door design that maintains a streamlined look while providing easy access to your stored items. This feature helps keep your entertainment area organized and clutter-free, contributing to a more visually appealing and functional space.\n\nThe Mono Vista TV Stand also incorporates a practical TV rack, which adds an extra layer of versatility to its design. The TV rack can be used to display decorative items or to hold additional media equipment. Its flexible design allows you to customize your setup according to your preferences and needs, providing a personalized touch to your home entertainment area.\n\nOverall, the Mono Vista TV Stand offers a perfect blend of elegance and functionality. With its spacious TV shelf, practical TV cupboard, and versatile TV rack, it provides a comprehensive solution for your media storage needs. The TV stand’s modern design and high-quality construction ensure that it not only meets your storage requirements but also enhances the overall look of your living space, making it a valuable addition to any contemporary home.",37900.00,26750.00,50,0.0,0,,,,Delivery Charges Applicable,"[""tv-racks"",""bed-room"",""living-room"",""best-offer""]",2026-03-16 20:44:19.164018+00,false,true,37900.00,12,Standard,0.00,,0,0,,false,true,30,,true,[],,,,,,1
1090,Dardanelle TV Stand,dardanelle-tv-stand,130,34,"The Dardanelle TV Stand is a meticulously designed piece of furniture that seamlessly combines style and functionality, making it an excellent addition to any living room or entertainment area. This TV stand is crafted to provide ample support and storage for your television and related media equipment, offering a comprehensive solution for your home entertainment setup.\n\nConstructed from high-quality materials, It features a robust build that ensures durability and longevity. Its design incorporates a classic aesthetic with a modern touch, making it a versatile piece that complements various interior styles. Whether your home decor leans towards contemporary, traditional, or a mix of styles, the Dardanelle TV Stand adds a touch of sophistication and functionality to your space.\n\nOne of the standout features of the Dardanelle TV Stand is its well-designed TV shelf. The spacious shelf is specifically intended to hold your television securely while providing a clean and organized appearance. Its generous dimensions accommodate most flat-screen TVs, ensuring a perfect fit for your entertainment needs. The TV shelf is also designed to support additional equipment, such as DVD players, gaming consoles, or streaming devices.\n\nIn addition to the TV shelf, the Dardanelle TV Stand includes a practical TV cupboard. This cupboard offers additional storage space for your media accessories, remote controls, and other essentials. The cupboard features a stylish door design that maintains a sleek look while providing easy access to the items stored inside. This feature helps keep your entertainment area tidy and free of clutter, contributing to a more organized living space.\n\nThe Dardanelle TV Stand also incorporates a TV rack, adding another layer of convenience to its design. The TV rack provides additional support for media components or decorative items, allowing you to customize your setup according to your preferences. This versatility makes the Dardanelle TV Stand a practical and adaptable choice for any home.\n\nOverall, the Dardanelle TV Stand offers a perfect blend of elegance and functionality. With its spacious TV shelf, practical TV cupboard, and versatile TV rack, it provides a comprehensive solution for your home entertainment needs. The TV stand’s sophisticated design and high-quality construction ensure that it enhances both the look and functionality of your living space, making it an excellent choice for any modern home.",18400.00,13050.00,50,0.0,0,,,,Delivery Charges Applicable,"[""tv-racks"",""bed-room"",""living-room"",""best-offer""]",2026-03-16 20:44:22.640959+00,false,true,18400.00,12,Standard,0.00,,0,0,,false,true,30,,true,[],,,,,,1
1091,Ducor Wooden Dining,ducor-wooden-dining,120,34,"The Ducor Wooden Dining Set offers a harmonious blend of style and functionality, perfect for elevating any dining space. Crafted from high-quality wood, this dining table stands as a testament to durability and timeless elegance. Designed to accommodate both everyday meals and special occasions, the Ducor set features a beautifully finished wooden dining table that seamlessly integrates into various kitchen aesthetics.\n\nThe centerpiece of this dining set is its robust wooden dining table, which exudes a classic charm with its rich, natural grain and warm hues. The table's solid construction ensures stability and longevity, making it an ideal choice for families and entertaining. Its generous surface area provides ample space for placing dishes, serving platters, and decorations, making it versatile for both casual dining and festive gatherings.\n\nComplementing the dining table are the accompanying wooden chairs, which are designed to provide both comfort and style. The chairs feature a classic design with ergonomically contoured seats and backs, ensuring a pleasant dining experience. The wooden construction of the chairs matches the table, creating a cohesive look that enhances the overall aesthetic of the dining area.\n\nThe Ducor Wooden Dining Set is not just about visual appeal; it is also about practicality. The set's construction includes careful attention to detail, with smooth finishes and sturdy joinery that guarantee years of use. Whether used in a formal dining room or a more casual kitchen space, the set blends seamlessly with various interior styles, from traditional to contemporary.\n\nIn addition to its design and functionality, It exemplifies the qualities of excellent wooden kitchen furniture. It adds a touch of sophistication and warmth to the kitchen, creating an inviting atmosphere for family meals and social gatherings. The set's easy-to-clean surfaces and durable construction make it a practical choice for busy households, while its elegant design ensures it remains a centerpiece of the dining area.\n\nOverall, the Ducor Wooden Dining Set combines the best of form and function. Its high-quality wooden construction, stylish design, and practical features make it an excellent investment for those seeking to enhance their dining experience. Whether you're setting the table for a holiday feast or enjoying a casual family dinner, the Ducor set provides the perfect blend of beauty and utility, making every meal a memorable occasion.",20400.00,17000.00,50,0.0,0,,,,Delivery Charges Applicable,"[""wooden-dinings"",""dining-room"",""best-offer""]",2026-03-16 20:44:26.341432+00,false,true,20400.00,12,Standard,0.00,,0,0,,false,true,30,,true,[],,,,,,1
1092,Richgrove Wooden Dining,richgrove-wooden-dining,120,34,"**Richgrove Wooden Dining Table: The Pinnacle of Elegance and Functionality**\n\nThe Richgrove Wooden Dining Table epitomizes the fusion of classic charm and contemporary functionality, offering a distinguished choice for those who appreciate the beauty of wooden kitchen furniture. This exquisitely crafted wooden dining table is designed to be a centerpiece in your dining area, embodying both style and durability.\n\nConstructed from high-quality, solid wood, the Richgrove Dining Table stands as a testament to timeless craftsmanship. The natural grain patterns and rich, warm tones of the wood create a sophisticated and inviting ambiance, making it an ideal addition to both traditional and modern interiors. Its robust construction ensures longevity, withstanding the rigors of daily use while maintaining its elegant appearance.\n\nThis wooden dining table is not just about looks; it offers practical features that enhance your dining experience. The generous dimensions of the table provide ample space for family meals, dinner parties, or casual gatherings. Whether hosting a festive holiday dinner or enjoying a simple weeknight meal, the Richgrove Dining Table accommodates comfortably, ensuring that every occasion is special.\n\nThe table's design is complemented by a set of matching wooden chairs, also crafted from the same high-quality wood. These chairs are ergonomically designed for comfort, featuring supportive backs and sturdy construction that enhance your dining experience. The uniformity in design between the table and chairs ensures a cohesive look, making the Richgrove Dining Set a harmonious addition to your home.\n\nIn addition to its aesthetic and functional appeal, the Richgrove Dining Table offers the versatility needed for various settings. Its classic wooden finish blends seamlessly with a variety of decor styles, from rustic farmhouse to sleek modern. The table's timeless design ensures it remains a cherished piece for years to come, adapting effortlessly to changing trends and tastes.\n\nFor those who value both form and function, the Richgrove Wooden Dining Table stands out as a superior choice. It represents an investment in quality and style, enriching your dining space with its elegance and practicality. As a focal point of your dining area, it promises to create memorable moments and enhance your overall dining experience.\n\nIn summary, the Richgrove Wooden Dining Table combines high-quality craftsmanship with timeless design, making it an ideal choice for anyone seeking to elevate their dining space. Its sturdy construction, elegant finish, and practical features ensure it meets the demands of both everyday use and special occasions, making it a valuable addition to any home.",26100.00,19500.00,50,0.0,0,,,,Delivery Charges Applicable,"[""wooden-dinings"",""dining-room"",""best-offer""]",2026-03-16 20:44:29.604091+00,false,true,26100.00,12,Standard,0.00,,0,0,,false,true,30,,true,[],,,,,,1
1093,Wilsonia Wardrobe,wilsonia-wardrobe,130,34,"The Wilsonia Wardrobe epitomizes a blend of sophistication and functionality, offering a premium solution for clothing and fashion storage. This wardrobe is meticulously crafted to cater to both practical needs and aesthetic desires, making it an exceptional addition to any bedroom or dressing area.\n\nConstructed with high-quality materials, the Wilsonia Wardrobe features a classic design that seamlessly complements various interior styles. Its elegant finish and refined details enhance the visual appeal of any room, while its sturdy construction ensures long-lasting durability. The wardrobe’s timeless design makes it a versatile piece that fits effortlessly into both modern and traditional settings.\n\nAt the heart of the Wilsonia Wardrobe’s design is its efficient clothing storage system. The wardrobe includes a generously sized garment rack, providing ample space for hanging your clothes. This feature is ideal for organizing a diverse array of garments, from suits and dresses to shirts and coats. By keeping your clothing neatly hung, the garment rack helps prevent wrinkles and ensures that your wardrobe remains organized and easily accessible.\n\nIn addition to the garment rack, the Wilsonia Wardrobe features a well-organized dressing cupboard. This versatile compartment significantly enhances the wardrobe’s functionality by offering multiple shelves and compartments for fashion storage. Whether you need space for accessories, shoes, or other personal items, the dressing cupboard is designed to keep everything neatly arranged and readily accessible. This thoughtful design helps reduce clutter, making it easier to maintain an orderly and stylish space.\n\nThe Wilsonia Wardrobe is designed with space efficiency in mind, making it suitable for both spacious rooms and smaller areas. Its interior layout is optimized to maximize storage capacity without overwhelming your space. Whether you are outfitting a large master bedroom or a compact dressing area, the Wilsonia Wardrobe provides practical storage solutions while maintaining an elegant and streamlined appearance.\n\nOverall, the Wilsonia Wardrobe offers a perfect combination of elegance and practicality. With its spacious garment rack and versatile dressing cupboard, it addresses all your clothing and fashion storage needs with efficiency and style. The wardrobe’s sophisticated design and high-quality construction ensure that it not only meets your storage requirements but also enhances the overall look of your home, providing a stylish and functional solution for maintaining a well-organized wardrobe.",37200.00,26500.00,50,0.0,0,,,,Delivery Charges Applicable,"[""wardrobes"",""bed-room"",""best-offer""]",2026-03-16 20:44:32.882093+00,false,true,37200.00,12,Standard,0.00,,0,0,,false,true,30,,true,[],,,,,,1
1094,Posey Wardrobe,posey-wardrobe,130,34,"The Posey Wardrobe is an elegantly designed storage solution that combines sophistication with practicality, making it an exceptional choice for organizing your clothing and fashion essentials. This wardrobe stands out with its high-quality construction and thoughtful features, offering a refined way to manage and store your garments and accessories.\n\nConstructed with attention to detail, It features a classic design that enhances the aesthetic of any bedroom or dressing area. Its durable materials and polished finish contribute to a timeless look, seamlessly integrating with various interior styles, whether modern, traditional, or transitional. The wardrobe’s robust build ensures it will withstand the test of time, making it a worthwhile investment for your home.\n\nOne of the primary features of the Posey Wardrobe is its efficient clothing storage system. The wardrobe is equipped with a spacious garment rack that provides ample hanging space for your clothes. This feature is perfect for organizing a diverse range of garments, including suits, dresses, shirts, and coats. By keeping your clothes hung neatly, the garment rack helps prevent wrinkles and ensures that everything remains easily accessible, allowing you to quickly find what you need.\n\nIn addition to the garment rack, It includes a well-designed dressing cupboard that significantly enhances its functionality. The dressing cupboard features multiple shelves and compartments, offering ample space for fashion storage. This versatile area is ideal for organizing accessories, shoes, and other personal items. The thoughtful design of the cupboard helps keep your belongings neatly arranged and readily accessible, reducing clutter and contributing to a clean, organized space.\n\nThe Posey Wardrobe is designed with space efficiency in mind, making it suitable for both large and smaller rooms. Its interior layout is optimized to maximize storage capacity without overwhelming your space. Whether you are furnishing a spacious master bedroom or a more compact dressing area, the Posey Wardrobe provides practical storage solutions while maintaining an elegant appearance.\n\nOverall, the Posey Wardrobe offers a perfect blend of style and functionality. With its generous garment rack and versatile dressing cupboard, it meets all your clothing and fashion storage needs. The wardrobe’s sophisticated design and high-quality construction make it an ideal choice for enhancing your home, providing a stylish and practical solution for maintaining an organized and refined wardrobe.",31800.00,24500.00,50,0.0,0,,,,Delivery Charges Applicable,"[""wardrobes"",""bed-room"",""best-offer""]",2026-03-16 20:44:36.162608+00,false,true,31800.00,12,Standard,0.00,,0,0,,false,true,30,,true,[],,,,,,1
1095,Auckland Wardrobe,auckland-wardrobe,130,34,"The Auckland Wardrobe is a beautifully designed piece of furniture that seamlessly combines style and functionality, making it an ideal solution for your clothing and fashion storage needs. This wardrobe stands out for its elegant design and practical features, offering a sophisticated addition to any bedroom or dressing room.\n\nConstructed from high-quality materials, the Auckland Wardrobe boasts a timeless design that enhances the aesthetic appeal of your space. Its polished finish and classic lines make it a versatile piece that complements various interior styles, from modern to traditional. The wardrobe’s robust build ensures durability and longevity, making it a valuable investment for your home.\n\nOne of the standout features of the Auckland Wardrobe is its efficient clothing storage system. The wardrobe is equipped with a spacious garment rack that provides ample hanging space for your clothes. This garment rack is designed to accommodate a wide range of garments, including suits, dresses, shirts, and coats. By keeping your clothes neatly hung, the garment rack helps prevent wrinkles and ensures that your garments are readily accessible whenever you need them.\n\nIn addition to the garment rack, the Auckland Wardrobe includes a well-appointed dressing cupboard. This cupboard enhances the wardrobe’s functionality by offering multiple shelves and compartments for fashion storage. Whether you need to store accessories, shoes, or other personal items, the dressing cupboard provides ample space to keep everything organized and easily accessible. The thoughtful design of the cupboard helps reduce clutter and maintains a clean, orderly appearance in your space.\n\nThe Auckland Wardrobe is designed with space efficiency in mind, making it suitable for both large and smaller rooms. Its well-organized interior allows you to maximize your storage capacity without overwhelming your space. Whether you are outfitting a spacious master bedroom or a more compact dressing area, the Auckland Wardrobe delivers both practical storage solutions and stylish design.\n\nOverall, the Auckland Wardrobe offers a perfect blend of elegance and functionality for your clothing and fashion storage needs. With its spacious garment rack and versatile dressing cupboard, it ensures that your garments and accessories are well-organized and easily accessible. The wardrobe’s sophisticated design and high-quality construction make it a standout choice for enhancing any home, providing a stylish and practical solution for maintaining an organized and refined space.",30000.00,27500.00,50,0.0,0,,,,Delivery Charges Applicable,"[""wardrobes"",""bed-room"",""best-offer""]",2026-03-16 20:44:39.543494+00,false,true,30000.00,12,Standard,0.00,,0,0,,false,true,30,,true,[],,,,,,1
1096,McClenney Tract Wardrobe,mcclenney-tract-wardrobe,130,34,"The McClenney Tract Wardrobe is a meticulously designed storage solution that combines style and functionality to meet all your clothing and fashion storage needs. With its elegant construction and thoughtful features, this wardrobe is perfect for enhancing any bedroom or dressing area.\n\nCrafted from high-quality materials, the McClenney Tract Wardrobe boasts a classic design that effortlessly complements various interior styles, from contemporary to traditional. The wardrobe's premium finish and robust construction ensure durability and a sophisticated appearance, making it a standout addition to your home.\n\nOne of the key features of the McClenney Tract Wardrobe is its efficient clothing storage system. The wardrobe includes a spacious garment rack, designed to provide ample hanging space for your clothes. This garment rack is perfect for organizing a wide range of garments, including suits, dresses, shirts, and coats. By keeping your clothes hung neatly, the garment rack helps prevent wrinkles and ensures that your garments are always ready to wear.\n\nIn addition to the garment rack, the McClenney Tract Wardrobe features a well-organized dressing cupboard. This cupboard enhances the wardrobe's functionality by offering multiple shelves and compartments for fashion storage. Whether you need to store accessories, shoes, or other personal items, the dressing cupboard provides ample space to keep everything neatly arranged and easily accessible. The thoughtful design of the cupboard helps to reduce clutter, allowing you to maintain an orderly and stylish space.\n\nThe McClenney Tract Wardrobe is designed with space efficiency in mind, making it suitable for a variety of room sizes. Its versatile layout ensures that you can maximize your storage capacity without overwhelming your space. Whether you are outfitting a large master bedroom or a smaller dressing area, the McClenney Tract Wardrobe delivers both practical storage solutions and aesthetic appeal.\n\nOverall, the McClenney Tract Wardrobe offers a perfect combination of elegance and practicality. With its spacious garment rack and versatile dressing cupboard, it provides comprehensive clothing and fashion storage while enhancing the overall look of your room. The wardrobe’s sophisticated design and high-quality construction make it a valuable addition to any home, ensuring that your clothing and accessories are organized and well-maintained in a stylish manner.",21000.00,16500.00,50,0.0,0,,,,Delivery Charges Applicable,"[""wardrobes"",""bed-room"",""best-offer""]",2026-03-16 20:44:43.123645+00,false,true,21000.00,12,Standard,0.00,,0,0,,false,true,30,,true,[],,,,,,1
1097,Porterville Wardrobe,porterville-wardrobe,130,34,"The Porterville Wardrobe is a refined and practical solution designed to meet all your clothing storage needs while enhancing the aesthetic appeal of your bedroom or dressing area. With its blend of elegance and functionality, this wardrobe is crafted to provide exceptional fashion storage capabilities while seamlessly integrating into your home decor.\n\nConstructed from premium materials, the Porterville Wardrobe exudes durability and sophistication. Its elegant design features a classic finish that complements various interior styles, from contemporary and modern to traditional and rustic. The wardrobe’s sturdy construction ensures longevity, making it a valuable addition to any room in your home.\n\nA standout feature of the Porterville Wardrobe is its efficient clothing storage system. The wardrobe includes a spacious garment rack designed to accommodate a wide range of clothing items. Whether you need to hang suits, dresses, shirts, or coats, the garment rack offers ample space to keep your garments organized and wrinkle-free. This thoughtful feature ensures that your clothes are easily accessible and maintained in pristine condition.\n\nIn addition to the garment rack, the Porterville Wardrobe features a well-designed dressing cupboard. This cupboard enhances the wardrobe’s functionality by providing multiple shelves and compartments for organizing accessories, shoes, and other fashion essentials. The dressing cupboard helps reduce clutter, making it easier to find and manage your items. From scarves and belts to handbags and footwear, everything you need can be neatly arranged and readily accessible.\n\nThe Porterville Wardrobe is designed with space efficiency in mind, making it an excellent choice for both expansive rooms and smaller spaces. Its interior layout is optimized to maximize storage capacity without overwhelming your space, providing a practical solution for various room sizes. Whether you are outfitting a spacious master bedroom or a compact dressing area, the Porterville Wardrobe delivers both style and functionality.\n\nOverall, the Porterville Wardrobe offers a perfect combination of elegance and practicality for your clothing storage needs. With its generous garment rack and versatile dressing cupboard, it ensures that your fashion storage requirements are met with efficiency and style. The wardrobe’s sophisticated design and high-quality build make it a standout choice for any home, providing an ideal solution for maintaining an organized and stylish wardrobe.",31800.00,24500.00,50,0.0,0,,,,Delivery Charges Applicable,"[""wardrobes"",""bed-room"",""best-offer""]",2026-03-16 20:44:46.506656+00,false,true,31800.00,12,Standard,0.00,,0,0,,false,true,30,,true,[],,,,,,1
1098,Woodlake Wardrobe,woodlake-wardrobe,130,34,"The Woodlake Wardrobe is a sophisticated solution designed to elevate your clothing storage while blending seamlessly with your home decor. This wardrobe stands out for its combination of functionality, style, and practicality, making it a valuable addition to any bedroom or dressing area.\n\nConstructed from high-quality wood, It features a timeless design that enhances the aesthetic appeal of your space. Its sleek, polished finish and classic lines complement various interior styles, from modern and minimalist to traditional and rustic. The robust build of the wardrobe ensures durability and long-lasting use, making it a smart investment for your home.\n\nOne of the defining features of the Woodlake Wardrobe is its efficient clothing storage system. The wardrobe is equipped with a spacious garments rack that provides ample hanging space for your clothes. This feature is essential for keeping your garments, including suits, dresses, shirts, and coats, organized and wrinkle-free. The garment rack is thoughtfully designed to offer easy access to your clothing, making it convenient to maintain an orderly wardrobe.\n\nIn addition to the garment rack, the Woodlake Wardrobe includes a versatile dressing cupboard. This cupboard is an excellent feature for fashion storage, offering multiple shelves and compartments for organizing accessories, shoes, and other personal items. The dressing cupboard helps keep your fashion essentials neatly arranged and within reach, reducing clutter and ensuring that everything is easy to find.\n\nThe design of the Woodlake Wardrobe emphasizes space efficiency, making it suitable for both large and small rooms. Its well-organized interior allows you to maximize storage capacity without overwhelming your space. Whether you are outfitting a spacious master bedroom or a more compact dressing area, the Woodlake Wardrobe provides a functional and stylish solution for your storage needs.\n\nOverall, the Woodlake Wardrobe offers a perfect blend of elegance and practicality. With its ample garments rack and versatile dressing cupboard, it addresses all your clothing storage requirements while enhancing the overall look of your room. The wardrobe’s sophisticated design and high-quality construction ensure that it not only meets your fashion storage needs but also adds a touch of refinement to your home.",12600.00,8250.00,50,0.0,0,,,,Delivery Charges Applicable,"[""wardrobes"",""bed-room"",""best-offer""]",2026-03-16 20:44:49.879884+00,false,true,12600.00,12,Standard,0.00,,0,0,,false,true,30,,true,[],,,,,,1
1099,Farmersville Wardrobe,farmersville-wardrobe,130,34,"The Farmersville Wardrobe is a superb blend of elegance and functionality, designed to meet all your clothing storage needs with style and efficiency. This wardrobe is an ideal addition to any bedroom or dressing room, offering a range of features that make it perfect for managing and organizing your fashion essentials.\n\nCrafted with care from high-quality materials, the Farmersville Wardrobe stands out for its durability and refined aesthetic. The wardrobe's classic design and premium finish enhance any room decor, seamlessly blending with various interior styles—from contemporary to traditional. Its robust construction ensures long-lasting use, making it a valuable investment for your home.\n\nOne of the key features of the Farmersville Wardrobe is its comprehensive clothing storage solution. It includes a spacious garment rack that provides ample hanging space for your clothes. The garment rack is designed to accommodate a wide range of garments, including suits, dresses, shirts, and coats. This feature helps keep your clothes organized, wrinkle-free, and easily accessible, making it easier to maintain a well-organized wardrobe.\n\nIn addition to the garment rack, the Farmersville Wardrobe features a versatile dressing cupboard. This dressing cupboard is equipped with multiple shelves and compartments, providing ample space for organizing accessories, shoes, and other fashion items. The well-designed layout of the cupboard allows for efficient use of space, ensuring that everything from scarves and hats to handbags and footwear is neatly arranged and readily accessible.\n\nThe Farmersville Wardrobe is designed with space efficiency in mind, making it suitable for both spacious rooms and smaller areas. Its thoughtful design ensures that you can maximize your storage capacity while maintaining a streamlined appearance. This makes it an excellent choice for any home, whether you're outfitting a large master bedroom or a more compact dressing space.\n\nOverall, the Farmersville Wardrobe is an excellent choice for those seeking a stylish and practical solution for clothing storage. With its ample garment rack and versatile dressing cupboard, it offers a comprehensive fashion storage solution that enhances organization and accessibility. The wardrobe’s elegant design and high-quality construction ensure that it not only serves as a functional piece but also adds a touch of sophistication to your home.",21000.00,16500.00,50,0.0,0,,,,Delivery Charges Applicable,"[""wardrobes"",""bed-room"",""best-offer""]",2026-03-16 20:44:53.361621+00,false,true,21000.00,12,Standard,0.00,,0,0,,false,true,30,,true,[],,,,,,1
1100,Cutler Wardrobe,cutler-wardrobe,130,34,"The Cutler Wardrobe is a sophisticated and practical solution for all your clothing storage needs, designed to combine style with functionality. This wardrobe stands out as an exemplary piece for fashion storage, offering a range of features that cater to organizing and maintaining your wardrobe essentials with ease.\n\nCrafted from premium materials, the Cutler Wardrobe boasts a refined design that enhances any bedroom or dressing area. Its high-quality construction ensures both durability and elegance, making it a timeless addition to your home. The wardrobe’s sleek lines and classic finish contribute to a polished look that seamlessly integrates with various interior styles, from modern to traditional.\n\nOne of the standout features of the Cutler Wardrobe is its ample clothing storage capabilities. Equipped with a spacious garment rack, this wardrobe provides an ideal solution for hanging your garments. The garment rack is designed to accommodate a wide range of clothing items, from suits and dresses to shirts and coats. This feature not only keeps your clothes organized but also helps prevent wrinkles and maintains their pristine condition.\n\nIn addition to the garment rack, the Cutler Wardrobe includes a well-appointed dressing cupboard. This cupboard offers versatile fashion storage, with multiple shelves and compartments designed to accommodate accessories, shoes, and other personal items. The dressing cupboard ensures that your fashion essentials are neatly organized and easily accessible, helping you maintain a clutter-free and orderly space.\n\nThe Cutler Wardrobe’s thoughtful design emphasizes space efficiency, making it suitable for both large and smaller rooms. Its internal organization maximizes storage capacity without overwhelming the space, providing a practical and stylish solution for various room sizes. The wardrobe’s functionality is matched by its aesthetic appeal, making it a standout piece in any home.\n\nOverall, the Cutler Wardrobe is an ideal choice for those seeking a blend of elegance and practicality in their clothing storage solutions. Its robust garment rack and versatile dressing cupboard offer comprehensive fashion storage, while its stylish design enhances the overall look of your room. Whether you’re outfitting a spacious master bedroom or a compact dressing area, the Cutler Wardrobe provides an excellent combination of beauty and functionality, ensuring that your clothing and accessories are organized and well-maintained.",21000.00,16500.00,50,0.0,0,,,,Delivery Charges Applicable,"[""wardrobes"",""bed-room"",""best-offer""]",2026-03-16 20:44:56.942965+00,false,true,21000.00,12,Standard,0.00,,0,0,,false,true,30,,true,[],,,,,,1
1101,Woodville Wardrobe,woodville-wardrobe,130,34,"The Woodville Wardrobe is a quintessential example of how style and functionality can merge seamlessly to offer an exceptional solution for clothing storage. Designed to enhance both the aesthetics and utility of your bedroom or dressing area, the Woodville Wardrobe provides an ideal combination of elegant design and practical features to meet your fashion storage needs.\n\nConstructed from high-quality wood, the Woodville Wardrobe boasts a refined and timeless design that complements various interior styles. Its sturdy build and classic finish add a touch of sophistication to your space, while ensuring long-lasting durability. The wardrobe’s craftsmanship reflects attention to detail, making it a standout piece in any room.\n\nOne of the key features of the Woodville Wardrobe is its efficient clothing storage capabilities. The wardrobe is equipped with a spacious garment rack that provides ample hanging space for your clothes. This feature is crucial for keeping garments such as suits, dresses, and shirts organized and wrinkle-free. The garment rack is designed for easy access and convenience, ensuring that you can effortlessly retrieve and organize your clothing.\n\nIn addition to the garment rack, the Woodville Wardrobe includes a well-designed dressing cupboard. This cupboard is a versatile feature that enhances the wardrobe’s functionality, offering multiple shelves and compartments for storing accessories, shoes, and other fashion essentials. The dressing cupboard helps keep your items neatly organized and readily accessible, reducing clutter and maintaining a clean, orderly appearance in your space.\n\nThe wardrobe’s design emphasizes space efficiency, making it suitable for both large and compact rooms. Its thoughtfully organized interior ensures that you can maximize storage capacity while maintaining a streamlined look. Whether you have a spacious master bedroom or a smaller dressing area, the Woodville Wardrobe adapts to your needs, providing practical fashion storage solutions without overwhelming the space.\n\nOverall, the Woodville Wardrobe is an excellent choice for those seeking a stylish and functional piece of furniture for their clothing storage needs. With its robust garment rack and versatile dressing cupboard, it offers comprehensive fashion storage that enhances organization and accessibility. The elegant design and high-quality construction make the Woodville Wardrobe a valuable addition to any home, blending beauty with practicality to provide an optimal solution for your fashion storage needs.",27600.00,19500.00,50,0.0,0,,,,Delivery Charges Applicable,"[""wardrobes"",""bed-room"",""best-offer""]",2026-03-16 20:45:00.733496+00,false,true,27600.00,12,Standard,0.00,,0,0,,false,true,30,,true,[],,,,,,1
1102,Waukena Wardrobe,waukena-wardrobe,130,34,"The Waukena Wardrobe stands out as a sophisticated and practical solution for all your clothing storage needs, blending style with functionality to enhance any bedroom or dressing area. Designed to meet modern fashion storage requirements, this wardrobe is an elegant addition to your home, offering both ample space and organizational features.\n\nConstructed with high-quality materials, the Waukena Wardrobe exudes durability and style. Its sleek, contemporary design complements a wide range of interior aesthetics, from minimalist to classic. The wardrobe's finish adds a touch of refinement to your space, ensuring it not only serves as a functional storage unit but also as a stylish piece of furniture.\n\nAt the heart of the Waukena Wardrobe’s design is its versatile clothing storage capabilities. The wardrobe features a robust garment rack that provides ample hanging space for your clothing. This feature is essential for keeping your garments in pristine condition, preventing wrinkles, and ensuring that everything from dresses and suits to shirts and coats is readily accessible. The garment rack is thoughtfully positioned to make organizing and retrieving your clothes convenient and efficient.\n\nIn addition to the garment rack, the Waukena Wardrobe includes a spacious dressing cupboard. This cupboard is designed to cater to various fashion storage needs, featuring multiple shelves and compartments for organizing accessories, shoes, and other essentials. Whether you need a place for your scarves, hats, handbags, or footwear, the dressing cupboard provides ample space to keep your fashion items neatly arranged and easily accessible.\n\nThe wardrobe’s design is optimized for space efficiency, making it suitable for both expansive and compact rooms. Its well-organized interior ensures that you can maximize your storage capacity while maintaining a clean and uncluttered appearance. This makes the Waukena Wardrobe an excellent choice for those looking to enhance their space with a piece that combines elegance with practicality.\n\nOverall, the Waukena Wardrobe offers a comprehensive solution for clothing storage. With its well-designed garment rack and dressing cupboard, it meets all your fashion storage needs while adding a touch of sophistication to your home. Whether you’re upgrading your current wardrobe or furnishing a new space, the Waukena Wardrobe provides an ideal blend of style, functionality, and space-saving efficiency.",27600.00,19500.00,50,0.0,0,,,,Delivery Charges Applicable,"[""wardrobes"",""bed-room"",""best-offer""]",2026-03-16 20:45:03.912355+00,false,true,27600.00,12,Standard,0.00,,0,0,,false,true,30,,true,[],,,,,,1
1103,Yettem Wardrobe,yettem-wardrobe,130,34,"The Yettem Wardrobe exemplifies a perfect blend of style and practicality, offering an exceptional solution for all your clothing storage needs. Designed with both functionality and elegance in mind, this wardrobe is an ideal addition to any bedroom, dressing room, or closet area.\n\nCrafted from high-quality materials, the Yettem Wardrobe boasts a sophisticated design that seamlessly complements a variety of interior styles, from contemporary to classic. Its sleek lines and refined finish enhance the aesthetic appeal of your space while providing ample storage solutions to keep your clothing and accessories well-organized.\n\nOne of the key features of the Yettem Wardrobe is its versatile clothing storage capabilities. The wardrobe includes a robust garment rack that allows you to hang your clothes neatly and keep them in excellent condition. This feature is particularly useful for garments that are prone to wrinkling or need to be readily accessible, such as suits, dresses, and jackets. The garment rack is strategically placed to offer easy access to your clothing, making it easier to maintain an organized wardrobe.\n\nIn addition to the garment rack, the Yettem Wardrobe includes a spacious dressing cupboard designed to accommodate a variety of fashion storage needs. The cupboard features multiple shelves and compartments, providing ample space for organizing accessories, shoes, and other fashion essentials. This versatile storage area helps you keep everything from scarves and hats to handbags and shoes neatly arranged and within reach.\n\nThe Yettem Wardrobe is designed with space efficiency in mind, making it an excellent choice for both large and small spaces. Its well-thought-out design ensures that you can maximize your storage capacity without compromising on style. The wardrobe's elegant appearance, combined with its practical features, ensures that it not only serves as a functional storage solution but also adds a touch of sophistication to your room.\n\nOverall, the Yettem Wardrobe is an ideal choice for those seeking a stylish and functional solution for clothing storage. With its garment rack and dressing cupboard, it offers comprehensive fashion storage that helps keep your space organized and your garments in pristine condition. Whether you're outfitting a master bedroom or a smaller dressing area, the Yettem Wardrobe provides an elegant and practical addition to your home.",49800.00,31000.00,50,0.0,0,,,,Delivery Charges Applicable,"[""wardrobes"",""bed-room"",""best-offer""]",2026-03-16 20:45:07.390474+00,false,true,49800.00,12,Standard,0.00,,0,0,,false,true,30,,true,[],,,,,,1
1104,Sequoia Crest Wardrobe,sequoia-crest-wardrobe,130,34,"The Sequoia Crest Wardrobe is a masterful blend of functionality and elegance, designed to elevate your clothing storage solutions. This wardrobe stands out not only for its aesthetic appeal but also for its practical features, making it an essential addition to any bedroom or dressing area.\n\nCrafted with attention to detail, the Sequoia Crest Wardrobe offers ample space for all your fashion storage needs. Its robust construction ensures durability, while its stylish design complements a variety of interior styles, from modern to traditional. The wardrobe is made from high-quality materials, providing a polished look that enhances the overall decor of your room.\n\nOne of the standout features of the Sequoia Crest Wardrobe is its versatile clothing storage options. Inside, you'll find a well-organized garment rack that allows you to hang your clothes neatly. This feature is ideal for keeping your garments wrinkle-free and easily accessible. The garment rack is designed to accommodate a range of clothing items, from suits and dresses to shirts and trousers, ensuring that everything you need is within reach.\n\nIn addition to the garment rack, the wardrobe includes a spacious dressing cupboard with multiple shelves and compartments. This versatile storage area is perfect for organizing accessories, shoes, and other fashion essentials. The dressing cupboard is designed to maximize space efficiency, allowing you to keep your belongings neatly arranged and easily accessible.\n\nThe Sequoia Crest Wardrobe also emphasizes practicality with its thoughtful design. Its ample storage space helps reduce clutter, keeping your room tidy and organized. The wardrobe's elegant appearance is complemented by its functional features, making it not only a practical storage solution but also a stylish addition to your home.\n\nWhether you are looking to upgrade your current wardrobe or furnish a new space, the Sequoia Crest Wardrobe offers an excellent combination of style and utility. Its comprehensive clothing storage solutions, including the garment rack and dressing cupboard, ensure that your fashion items are well-organized and easily accessible. The wardrobe's elegant design and high-quality construction make it a standout choice for anyone seeking to enhance their fashion storage capabilities with a sophisticated and functional piece of furniture.",47999.00,30000.00,50,0.0,0,,,,Delivery Charges Applicable,"[""wardrobes"",""bed-room"",""best-offer""]",2026-03-16 21:05:27.919419+00,false,true,47999.00,12,Standard,0.00,,0,0,,false,true,30,,true,[],,,,,,1
1105,Lindcove Dining with Chairs,lindcove-dining-with-chairs,120,34,"Introducing the Lindcove Dining with Chairs set—a perfect addition to your dining space, blending functionality with elegance. This dining set features a beautifully crafted dining table and matching chairs, designed to elevate both the aesthetic and practical aspects of your kitchen or dining area.\n\n**Dining Table:**\nThe Lindcove Dining Table is the centerpiece of this set, showcasing a robust and stylish design that seamlessly integrates into various interior styles. Made from high-quality materials, the table ensures durability and longevity, making it ideal for daily use as well as special occasions. Its spacious surface provides ample room for serving meals, whether it's a casual family dinner or a formal dinner party. The table’s sleek finish complements its clean lines, creating a sophisticated look that enhances the overall ambiance of your dining area.\n\n**Chairs:**\nAccompanying the dining table are the Lindcove Chairs, designed for both comfort and style. Each chair features a supportive backrest and cushioned seating, ensuring a pleasant dining experience. The ergonomic design promotes good posture, making these chairs suitable for long meals and extended conversations. The chairs are crafted to match the table's finish, maintaining a cohesive look that adds to the set’s charm. Their sturdy construction guarantees stability and durability, accommodating guests of all ages with ease.\n\n**Versatility and Design:**\nThis dining set is not just about looks; it is crafted with functionality in mind. The Lindcove Dining Set effortlessly fits into various kitchen and dining room layouts, thanks to its versatile design. Whether your space is large or compact, the set’s dimensions are optimized to ensure a perfect fit, making it an excellent choice for both small apartments and larger homes.\n\n**Ease of Maintenance:**\nPracticality is a key feature of the Lindcove Dining Set. The materials used are easy to clean and maintain, ensuring that your dining area remains pristine with minimal effort. The smooth surfaces of both the table and chairs can be wiped down quickly, allowing you more time to enjoy your meals and less time on upkeep.\n\n**Style and Elegance:**\nThe Lindcove Dining Set brings a touch of sophistication to any dining space. Its timeless design elements and neutral finish make it a versatile choice that can be dressed up or down depending on your décor preferences. The set pairs beautifully with a variety of table settings and accessories, allowing you to create a dining experience that reflects your personal style.\n\nIn summary, the Lindcove Dining with Chairs set is a quintessential addition to your home, combining practicality with elegance. It offers a stylish solution for your dining needs, making every meal a special occasion. Whether you're updating your kitchen furniture or looking for a new dining table with chairs, the Lindcove set is designed to enhance your space and provide lasting enjoyment.",61800.00,51500.00,50,0.0,0,,,,Delivery Charges Applicable,"[""dining-sets"",""dining-room"",""best-offer""]",2026-03-16 21:05:33.042385+00,false,true,61800.00,12,Standard,0.00,,0,0,,false,true,30,,true,[],,,,,,1
1106,Cedar Slope Dining with Chairs,cedar-slope-dining-with-chairs,120,34,"The Cedar Slope Dining with Chairs is a quintessential piece for any home, effortlessly combining style, functionality, and durability. Perfectly designed for both casual family dinners and more formal gatherings, this dining set seamlessly integrates into various interior aesthetics, enhancing your kitchen or dining area with its charming presence.\n\nAt the heart of this set is the elegantly crafted dining table, made from high-quality materials to ensure longevity and resilience. The table’s surface is smooth and spacious, providing ample room for plates, glasses, and cutlery, accommodating up to six diners comfortably. Its robust construction guarantees stability, allowing you to enjoy meals without concern over wobbling or shifting. Whether you’re hosting a lively dinner party or having a quiet meal with your family, the Cedar Slope Dining Table stands up to the task with grace and ease.\n\nComplementing the table are the matching chairs, which are designed with both style and comfort in mind. Each chair features a supportive backrest and a cushioned seat, offering a comfortable sitting experience even during extended meals. The upholstery is chosen for its durability and ease of cleaning, making it practical for daily use. The chairs are crafted to complement the table perfectly, with design elements that tie the entire set together harmoniously.\n\nThis dining set is not only about aesthetics but also functionality. The table’s design makes it versatile, suitable for various dining spaces—from compact kitchens to larger dining rooms. Its sleek lines and classic finish allow it to blend with existing decor or serve as a centerpiece that stands out.\n\nThe Cedar Slope Dining with Chairs is also part of the broader kitchen furniture category, designed to integrate seamlessly into a well-coordinated kitchen environment. Its design reflects a balance of modern elegance and timeless appeal, ensuring that it remains a staple in your home for years to come.\n\nOverall, the Cedar Slope Dining with Chairs is more than just a dining table and chairs set; it’s a testament to quality craftsmanship and thoughtful design. Whether you’re furnishing a new home or updating your current dining area, this set offers both practicality and style, making it a valuable addition to your home.",59400.00,49500.00,50,0.0,0,,,,Delivery Charges Applicable,"[""dining-sets"",""dining-room"",""best-offer""]",2026-03-16 21:05:37.139621+00,false,true,59400.00,12,Standard,0.00,,0,0,,false,true,30,,true,[],,,,,,1
1107,Matheny Dining with Chairs,matheny-dining-with-chairs,120,34,"The Matheny Dining with Chairs is the quintessential choice for those seeking a blend of elegance and functionality in their dining space. Designed with both style and practicality in mind, this dining set effortlessly enhances any kitchen or dining area, making it an ideal solution for family meals, intimate gatherings, and casual entertaining.\n\n**Elegant Design**: The Matheny Dining set features a classic design that complements various interior styles, from traditional to modern. The dining table boasts a clean, refined finish with subtle detailing that adds a touch of sophistication to your kitchen furniture. Its sleek lines and sturdy construction provide a timeless appeal that will remain stylish for years to come.\n\n**Spacious and Functional**: With ample surface area, the Matheny dining table is perfect for accommodating up to four people comfortably. Whether you’re enjoying a hearty family dinner, hosting a brunch with friends, or simply having a quiet meal, this table offers plenty of space for dishes, utensils, and décor. The generous dimensions ensure that everyone has enough room to dine comfortably, making it a versatile addition to any home.\n\n**Comfortable Chairs**: The accompanying chairs are designed to offer both comfort and support. Upholstered in a high-quality fabric, these chairs provide a plush seating experience, making long dinners or gatherings enjoyable. The ergonomic design of the chairs ensures that guests remain comfortable, whether they are seated for a short meal or an extended conversation.\n\n**Durable Construction**: Constructed from high-quality materials, the Matheny Dining set is built to withstand everyday use. The table is crafted from solid wood or a high-grade composite, ensuring durability and longevity. The chairs are designed with reinforced frames to provide stability and support, making the set a reliable choice for busy households.\n\n**Versatile Use**: Ideal for various settings, the Matheny Dining with Chairs set seamlessly integrates into any kitchen or dining room. Its versatile design allows it to fit well in both small and large spaces, adapting to different room sizes and layouts. Whether you’re setting up a cozy breakfast nook or a formal dining area, this set meets your needs with elegance and ease.\n\n**Easy Maintenance**: Maintaining the Matheny Dining set is a breeze. The smooth surface of the table can be easily wiped clean, and the chairs require minimal upkeep to retain their pristine appearance. This practical feature makes it a convenient choice for everyday dining.\n\nIn conclusion, the Matheny Dining with Chairs set is more than just a functional piece of kitchen furniture. It is a stylish and durable dining solution that enhances the ambiance of your home while providing comfort and practicality. Whether for daily use or special occasions, this dining set is designed to offer an exceptional dining experience for you and your guests.",66000.00,52500.00,50,0.0,0,,,,Delivery Charges Applicable,"[""dining-sets"",""dining-room"",""best-offer""]",2026-03-16 21:05:41.14001+00,false,true,66000.00,12,Standard,0.00,,0,0,,false,true,30,,true,[],,,,,,1
1108,Earlimart Dining with Chairs,earlimart-dining-with-chairs,120,34,"The Earlimart Dining Set seamlessly blends elegance with functionality, making it an ideal choice for enhancing your dining area. This stylish set includes a dining table and chairs, tailored to meet both aesthetic and practical needs, ensuring a sophisticated touch to any home.\n\n**Design and Aesthetics:**\nThe Earlimart Dining Table features a timeless design that effortlessly complements various interior styles. Its clean lines and refined finish create a sophisticated ambiance, perfect for both casual family meals and formal dining occasions. The table's surface, crafted from high-quality materials, provides a sleek and durable platform for dining. Whether your style leans toward modern minimalism or classic elegance, the Earlimart Dining Set fits seamlessly into any decor theme.\n\n**Material and Construction:**\nConstructed with durable, high-quality materials, the Earlimart Dining Table promises long-lasting use. The sturdy frame supports a spacious tabletop, providing ample room for dining and entertaining. The table and chairs are designed to endure daily use while maintaining their pristine appearance. The materials used are selected not only for their durability but also for their ease of maintenance, ensuring that the dining set remains a focal point of your kitchen or dining room for years to come.\n\n**Functionality:**\nThe Earlimart Dining Set is designed with practicality in mind. The dining table offers generous space for meals, accommodating up to four people comfortably. Its well-thought-out design ensures that it fits neatly into a variety of room sizes, from compact kitchens to larger dining areas. The chairs, included with the set, are ergonomically designed to provide comfort during extended dining sessions. Their sturdy construction ensures they are robust enough to handle daily use, making them ideal for both family meals and entertaining guests.\n\n**Versatility:**\nThis dining set is not only a beautiful addition to your kitchen furniture but also a versatile piece that adapts to different occasions. Whether you're hosting a formal dinner or enjoying a casual meal with family, the Earlimart Dining Set provides a stylish and functional solution. Its design allows it to be used in various settings, making it a practical choice for any home.\n\n**Easy Assembly and Maintenance:**\nThe Earlimart Dining Set is designed for easy assembly, with clear instructions provided to ensure a smooth setup process. Additionally, the materials used in its construction are easy to clean and maintain, allowing you to enjoy its beauty without the hassle of complicated upkeep.\n\nIn summary, the Earlimart Dining Set offers a perfect blend of style, durability, and functionality. Its elegant design, high-quality materials, and practical features make it an excellent choice for anyone looking to enhance their dining experience. Whether you're updating your kitchen furniture or seeking a new dining table with chairs, the Earlimart Dining Set is a versatile and sophisticated option that will add a touch of class to your home.",61800.00,51500.00,50,0.0,0,,,,Delivery Charges Applicable,"[""dining-sets"",""dining-room"",""best-offer""]",2026-03-16 21:05:44.922197+00,false,true,61800.00,12,Standard,0.00,,0,0,,false,true,30,,true,[],,,,,,1
1109,Ivanhoe Dining with Chairs,ivanhoe-dining-with-chairs,120,34,"The Ivanhoe Dining with Chairs set epitomizes sophistication and functionality in kitchen furniture. Designed to enhance both style and utility, this dining table set is a stunning addition to any home. Ideal for family meals, entertaining guests, or casual dining, the Ivanhoe Dining set seamlessly blends contemporary design with classic elements, ensuring it complements a variety of interior styles.\n\nThe centerpiece of the set is the Ivanhoe Dining Table, a beautifully crafted piece that serves as the focal point of any dining area. Constructed from high-quality materials, the table boasts a sturdy frame and a sleek, polished surface that not only exudes elegance but also withstands daily use. Its generous dimensions comfortably accommodate up to four people, making it perfect for intimate gatherings and family meals. The table's clean lines and refined finish offer a touch of modern sophistication while retaining a timeless appeal.\n\nAccompanying the dining table are the Ivanhoe Chairs, designed with both comfort and style in mind. These chairs feature a well-cushioned seat and a supportive backrest, ensuring a comfortable dining experience for extended periods. The chairs are upholstered in high-quality fabric or leather, depending on your preference, and are built with a durable frame to offer lasting support. Their elegant design and meticulous craftsmanship make them a seamless match for the table, creating a cohesive and inviting dining environment.\n\nThe Ivanhoe Dining with Chairs set is not just about aesthetics; it also focuses on practicality. The dining table's surface is easy to clean and maintain, ensuring that spills and stains can be quickly addressed. The chairs are designed for easy handling and can be tucked neatly under the table when not in use, optimizing your kitchen space. This space-saving feature is particularly useful for smaller dining areas where maximizing space is essential.\n\nThis set is versatile and adapts well to various home settings, whether in a modern city apartment, a cozy suburban house, or a stylish loft. The Ivanhoe Dining with Chairs set offers both form and function, providing a comfortable and stylish solution for your dining needs. Whether you are hosting a dinner party, enjoying a family meal, or having a casual breakfast, this dining table set is sure to enhance your dining experience and elevate your home's decor.\n\nIn summary, the Ivanhoe Dining with Chairs set is an exceptional choice for those seeking a blend of elegance, durability, and practicality in their kitchen furniture. Its timeless design, coupled with its functional features, makes it an ideal addition to any home, promising both style and comfort for years to come.",51600.00,43000.00,50,0.0,0,,,,Delivery Charges Applicable,"[""dining-sets"",""dining-room"",""best-offer""]",2026-03-16 21:05:48.601784+00,false,true,51600.00,12,Standard,0.00,,0,0,,false,true,30,,true,[],,,,,,1
1110,Weaverville Dining with Chairs,weaverville-dining-with-chairs,120,34,"**Weaverville Dining with Chairs: The Perfect Fusion of Style and Functionality**\n\nThe Weaverville Dining Set redefines dining elegance with its exceptional design and functionality, making it an ideal addition to any modern home. This dining set seamlessly combines aesthetics with practicality, offering a sophisticated solution for your dining needs. Whether you are hosting a formal dinner or enjoying a casual meal with family, the Weaverville Dining Set delivers both comfort and style.\n\n**Elegant Design**\n\nCrafted with meticulous attention to detail, the Weaverville Dining Table boasts a sleek and contemporary design that effortlessly complements any kitchen decor. Its clean lines and minimalist silhouette ensure that it blends seamlessly with a variety of interior styles, from modern and chic to classic and timeless. The table's rich, high-quality finish adds a touch of sophistication, making it a centerpiece that enhances the overall ambiance of your dining area.\n\n**Premium Kitchen Furniture**\n\nConstructed from premium materials, the Weaverville Dining Table is designed for durability and long-lasting use. The sturdy tabletop, supported by robust legs, ensures stability during meals and gatherings. The high-quality craftsmanship guarantees that this dining table withstands daily use while maintaining its elegant appearance. Its spacious surface provides ample room for meals, making it perfect for both intimate dinners and larger gatherings.\n\n**Comfortable and Stylish Chairs**\n\nThe set includes a selection of beautifully crafted dining chairs that offer both style and comfort. Each chair is designed with ergonomics in mind, featuring a well-padded seat and a supportive backrest. The chairs are upholstered in high-quality fabric or leather, providing a comfortable seating experience for extended periods. The design of the chairs complements the table, creating a cohesive look that enhances the dining experience.\n\n**Versatile and Practical**\n\nThe Weaverville Dining Set is not only stylish but also highly functional. Its versatile design makes it suitable for various settings, including formal dining rooms, casual kitchen areas, or even open-plan living spaces. The table's ample size ensures that it can accommodate family dinners, holiday feasts, and gatherings with friends. Additionally, the chairs are designed to be easily stacked or stored away when not in use, making them ideal for smaller spaces or multipurpose rooms.\n\n**Easy Maintenance**\n\nMaintaining the Weaverville Dining Set is simple and straightforward. The smooth surface of the table and chairs can be easily wiped clean, ensuring that spills and stains are effortlessly managed. The durable materials used in the construction of the set are resistant to wear and tear, ensuring that your dining furniture continues to look and function beautifully over time.\n\n**Conclusion**\n\nThe Weaverville Dining with Chairs is the epitome of style, comfort, and practicality. Its elegant design, premium materials, and versatile functionality make it an excellent choice for any home. Whether you are upgrading your dining area or furnishing a new space, this dining set offers the perfect combination of form and function, enhancing both the look and usability of your dining space.",79200.00,60000.00,50,0.0,0,,,,Delivery Charges Applicable,"[""dining-sets"",""dining-room"",""best-offer""]",2026-03-16 21:05:52.59132+00,false,true,79200.00,12,Standard,0.00,,0,0,,false,true,30,,true,[],,,,,,1
1111,Shibuya Gilli Dining with Chairs,shibuya-gilli-dining-with-chairs,120,34,"The Shibuya Gilli Dining with Chairs is a meticulously designed dining set that redefines the essence of sophisticated kitchen furniture. Perfectly blending style and functionality, this dining table set is a splendid choice for modern homes looking to enhance their dining experience.\n\n**Dining Table**: At the heart of the Shibuya Gilli Dining set is the beautifully crafted dining table. The table features a sleek, contemporary design that effortlessly complements various interior styles. Its sturdy construction ensures durability, making it a practical choice for everyday use. The table’s surface, made from high-quality materials, provides ample space for family meals, entertaining guests, or casual dining. Its smooth finish is not only aesthetically pleasing but also easy to clean, adding to its practicality. The table is designed to fit comfortably within a range of dining spaces, making it an ideal addition to both small and large kitchens.\n\n**Chairs**: Accompanying the dining table are matching chairs that enhance the overall elegance of the set. Each chair is ergonomically designed to offer maximum comfort, featuring a well-padded seat and backrest. The chairs are crafted with a focus on ergonomic support, ensuring that you and your guests can enjoy long dinners and conversations without discomfort. The chairs' design complements the table's aesthetic, creating a cohesive look that elevates the dining area’s ambiance. The sturdy legs of the chairs are built to last, providing reliable support while maintaining a sleek profile that enhances the set’s visual appeal.\n\n**Versatility**: The Shibuya Gilli Dining set is more than just a dining table with chairs; it is a versatile piece of kitchen furniture that adapts to various dining needs. Whether you are hosting a formal dinner party or enjoying a casual family meal, this set provides the perfect setting. Its neutral color palette and timeless design ensure that it will blend seamlessly with any existing décor, adding a touch of elegance to your kitchen or dining area.\n\n**Durability and Maintenance**: Constructed with durability in mind, the Shibuya Gilli Dining set is built to withstand the rigors of daily use. The high-quality materials used in its construction ensure that it remains a staple in your home for years to come. Additionally, the easy-to-maintain surfaces mean that cleaning and upkeep are straightforward, allowing you to spend more time enjoying your meals and less time worrying about maintenance.\n\n**Conclusion**: The Shibuya Gilli Dining with Chairs set stands out as a blend of style, comfort, and functionality. It is an excellent choice for anyone looking to enhance their dining area with a sophisticated dining table set. Whether you are upgrading your kitchen furniture or setting up a new dining space, this versatile set promises to add a touch of class and convenience to your home.",75600.00,58500.00,50,0.0,0,,,,Delivery Charges Applicable,"[""dining-sets"",""dining-room"",""best-offer""]",2026-03-16 21:05:56.490622+00,false,true,75600.00,12,Standard,0.00,,0,0,,false,true,30,,true,[],,,,,,1
1112,Los Molinos Recliner Sofa,los-molinos-recliner-sofa,127,34,"Introducing the Los Molinos Recliner Sofa, a superb addition to your living room furniture that combines elegance, comfort, and cutting-edge functionality. This standout piece is designed to elevate your living space, offering an unparalleled blend of style and relaxation. The Los Molinos Recliner Sofa is the perfect choice for a reclining sofa set for the living room, seamlessly integrating luxury and practicality into one sophisticated package.\n\nThe Los Molinos Recliner Sofa features advanced reclining mechanisms that allow you to effortlessly transition between various seating positions. Whether you're sitting upright for engaging conversations, reclining partially for a casual evening, or fully extending for a restful nap, this reclining couch for the living room provides tailored comfort to suit your needs. The smooth operation of the reclining features ensures a quiet, seamless adjustment process, enhancing your relaxation experience without disruption.\n\nCrafted with a focus on durability and long-lasting performance, It boasts a robust frame made from high-quality materials. This solid construction provides exceptional stability and support, making it a reliable centerpiece of your living room furniture that withstands daily use. The cushions are generously filled with high-density foam, offering a plush yet supportive seating experience that maintains its shape and comfort over time. Available in a variety of luxurious fabrics or premium leathers, adds a touch of sophistication to your living space while being easy to maintain and clean.\n\nIn addition to its exceptional comfort and durability, the Los Molinos Recliner Sofa includes several practical features that enhance its functionality. Built-in cup holders and storage compartments offer convenient spaces for keeping beverages and essentials close at hand, adding to the sofa’s practicality. The reclining mechanisms are engineered for smooth, quiet operation, allowing for effortless adjustments without disturbing your peace.\n\nThe design of the Los Molinos Recliner Sofa is versatile and stylish, making it an ideal fit for a range of interior decor styles. Its clean lines and contemporary aesthetic complement both modern and traditional settings. Available in a range of colors and upholstery options, you can customize it to match your existing decor and personal taste.\n\nElevate your living space with the Los Molinos Recliner Sofa—a recliner sofa for the living room that offers the ultimate combination of luxury, comfort, and functionality. This exceptional piece of living room furniture is designed to transform your home into a haven of relaxation and style, providing the perfect setting for both everyday living and special occasions.",40200.00,33500.00,50,0.0,0,,,,Delivery Charges Applicable,"[""recliner-sofas"",""sofa"",""living-room"",""best-offer""]",2026-03-16 21:06:00.070623+00,false,true,40200.00,12,Standard,0.00,,0,0,,false,true,30,,true,[],,,,,,1
1113,Manton Recliner Sofa,manton-recliner-sofa,127,34,"Introducing the Manton Recliner Sofa, an exceptional piece of living room furniture that seamlessly blends luxury, comfort, and functionality. This elegant and versatile reclining sofa set for the living room is designed to enhance your space with its sophisticated features and practical design, making it an ideal choice for those who appreciate both style and relaxation.\n\nThe Manton Recliner Sofa is a standout option for a reclining couch for the living room. It features state-of-the-art reclining mechanisms that provide effortless adjustments between multiple seating positions. Whether you prefer to sit upright for lively conversations, recline partially for a cozy movie night, or fully extend for a restful nap, the Manton Recliner Sofa caters to all your relaxation needs with ease. The innovative reclining system ensures smooth and quiet operation, allowing you to find your ideal position without any disturbance.\n\nCrafted with a focus on durability and quality, It boasts a sturdy frame made from high-quality materials. This robust construction ensures stability and long-lasting support, making it a reliable centerpiece of your living room furniture. The cushions are generously filled with high-density foam, offering a plush yet supportive seating experience that maintains its shape and comfort over time. Available in a variety of luxurious fabrics or premium leathers, the Manton Recliner Sofa adds a touch of sophistication to your living space while also providing easy maintenance.\n\nIn addition to its superior comfort and durability, the Manton Recliner Sofa includes several practical features designed to enhance its functionality. Built-in cup holders and storage compartments offer convenient spaces to keep your beverages and essentials within reach, adding to the sofa’s practicality and making your relaxation experience even more enjoyable. The reclining mechanisms are engineered for smooth and quiet operation, ensuring effortless adjustments without disturbing your peace.\n\nThe design of the Manton Recliner Sofa is both stylish and versatile, making it a perfect fit for a variety of interior decor styles. Its clean lines and modern aesthetic complement both contemporary and traditional settings. Available in a range of colors and upholstery options, you can customize the Manton Recliner Sofa to match your existing decor and personal taste.\n\nElevate your living space with the Manton Recliner Sofa—a recliner sofa for the living room that combines luxury, comfort, and practicality. This outstanding piece of living room furniture is crafted to transform your home into a haven of relaxation and style, providing the perfect setting for both everyday living and special occasions.",39900.00,33250.00,50,0.0,0,,,,Delivery Charges Applicable,"[""recliner-sofas"",""living-room"",""best-offer""]",2026-03-16 21:06:03.448712+00,false,true,39900.00,12,Standard,0.00,,0,0,,false,true,30,,true,[],,,,,,1
1114,Mineral Recliner Sofa,mineral-recliner-sofa,127,34,"Introducing the Mineral Recliner Sofa, an elegant and versatile addition to your living room furniture that blends style, comfort, and functionality seamlessly. This exceptional piece is designed to enhance your living space with its sophisticated features and practical design, making it an ideal choice for those who value both aesthetics and relaxation.\n\nThe Mineral Recliner Sofa stands out as an excellent option for a reclining sofa set for the living room. It is equipped with cutting-edge reclining mechanisms that allow you to effortlessly adjust between various seating positions. Whether you are sitting upright for a conversation, reclining partially for a movie night, or fully extending for a nap, the Mineral Recliner Sofa provides personalized comfort at every angle. The smooth, quiet operation of the reclining features ensures a serene and hassle-free experience as you adjust your position.\n\nConstructed with a focus on durability and quality, It features a sturdy frame built from high-quality materials. This robust construction guarantees long-lasting stability and support, making it a reliable piece of living room furniture that will endure daily use. The cushions are generously filled with high-density foam, offering a plush yet supportive seating experience that maintains its shape and comfort over time. Available in a selection of luxurious fabrics or premium leather, the Mineral Recliner Sofa adds a touch of sophistication to your living space while being easy to maintain and clean.\n\nIn addition to its superior comfort and durability, It includes several practical features designed to enhance its usability. Integrated cup holders and storage compartments provide convenient spaces for keeping your beverages and essentials within reach, making your relaxation experience even more enjoyable. The reclining mechanisms are engineered for smooth and quiet operation, allowing for effortless adjustments without disturbing your tranquility.\n\nThe design of the Mineral Recliner Sofa is versatile and stylish, making it a perfect fit for a variety of interior decor styles. Its clean lines and modern aesthetic complement both contemporary and traditional settings. Available in a range of colors and upholstery options, you can customize the Mineral Recliner Sofa to match your existing decor and personal taste.\n\nElevate your living space with the Mineral Recliner Sofa—a recliner sofa for the living room that combines luxury, comfort, and practicality. This exceptional piece of living room furniture is crafted to transform your home into a haven of relaxation and style, providing the perfect setting for both everyday living and special occasions.",39900.00,33250.00,50,0.0,0,,,,Delivery Charges Applicable,"[""recliner-sofas"",""living-room"",""best-offer""]",2026-03-16 21:06:07.041502+00,false,true,39900.00,12,Standard,0.00,,0,0,,false,true,30,,true,[],,,,,,1
1115,Corning Recliner Sofa,corning-recliner-sofa,127,34,"Introducing the Corning Recliner Sofa, a sophisticated addition to your living room furniture that offers unmatched comfort and style. This exquisite piece is designed to elevate your living space, combining luxurious features with practical functionality to create the ultimate relaxation experience.\n\nThe Corning Recliner Sofa exemplifies the ideal choice for a reclining sofa set for the living room. It features advanced reclining mechanisms that provide effortless adjustments between various seating positions. Whether you prefer sitting upright for engaging conversations, reclining partially for a cozy movie night, or fully extending for a restful nap, It ensures optimal comfort at every angle. The smooth operation of its reclining features allows you to adjust the backrest and footrest with ease, providing a personalized seating experience tailored to your needs.\n\nCrafted with durability and quality in mind, the Corning Recliner Sofa boasts a strong frame made from high-quality materials, ensuring long-lasting stability and support. This robust construction makes it a reliable piece of living room furniture that withstands daily use and retains its structural integrity over time. The cushions are generously filled with high-density foam, offering a plush yet supportive seating experience that maintains its shape and comfort for years. Available in a choice of luxurious fabrics or premium leather, the Corning Recliner Sofa adds a touch of elegance to your living space while being easy to maintain and clean.\n\nIn addition to its exceptional comfort and durability, It includes several thoughtful features that enhance its functionality. Built-in cup holders and storage compartments provide convenient spaces to keep your beverages and essentials within reach, adding to the sofa’s practicality. The reclining mechanisms are designed for quiet and smooth operation, ensuring a hassle-free adjustment process.\n\nThe design of the Corning Recliner Sofa is versatile and stylish, making it a perfect fit for a range of interior decor styles. Its clean lines and contemporary aesthetic complement both modern and traditional settings. Available in a variety of colors and upholstery options, the Corning Recliner Sofa can be customized to match your existing decor and personal taste.\n\nElevate your living space with the Corning Recliner Sofa—a recliner sofa for the living room that offers the ultimate blend of luxury, comfort, and functionality. This outstanding piece of living room furniture is designed to transform your home into a haven of relaxation and style, providing the perfect setting for both everyday living and special occasions.",210000.00,175000.00,50,0.0,0,,,,Delivery Charges Applicable,"[""recliner-sofas"",""living-room"",""best-offer""]",2026-03-16 21:06:10.739609+00,false,true,210000.00,12,Standard,0.00,,0,0,,false,true,30,,true,[],,,,,,1
1116,Vina Recliner Sofa,vina-recliner-sofa,127,34,"Introducing the Vina Recliner Sofa, an exemplary piece of living room furniture that epitomizes luxury, comfort, and modern design. This sophisticated reclining sofa set for the living room is meticulously crafted to provide the perfect blend of style and functionality, making it an ideal choice for enhancing your home.\n\nThe Vina Recliner Sofa stands out as a premier choice for a reclining couch for the living room. It is equipped with advanced reclining mechanisms that offer smooth and effortless transitions between various seating positions. Whether you want to sit upright for a lively conversation, recline partially for a relaxing evening, or fully extend for a deep, restful nap, the Vina Recliner Sofa caters to all your comfort needs with ease. The sophisticated design of the reclining mechanism ensures quiet operation, allowing you to adjust your position without any disturbance.\n\nCrafted with a focus on durability and long-lasting performance, the Vina Recliner Sofa features a robust frame made from high-quality materials. This sturdy construction provides exceptional stability and support, ensuring that the sofa remains a reliable centerpiece of your living room furniture for years to come. The cushions are generously filled with high-density foam, offering a plush yet supportive seating experience that retains its shape over time. Available in a range of luxurious fabrics and premium leathers, the Vina Recliner Sofa adds a touch of elegance to your space while also providing easy maintenance.\n\nIn addition to its comfort and durability, the Vina Recliner Sofa includes several practical features designed to enhance its functionality. Built-in cup holders and storage compartments offer convenient places to keep beverages and essentials close at hand, adding to the sofa’s practicality. The reclining mechanisms are engineered for smooth and quiet operation, ensuring that you can adjust your seating position effortlessly.\n\nThe design of the Vina Recliner Sofa is versatile and stylish, making it an excellent fit for various interior decor styles. Its clean lines and contemporary aesthetic complement both modern and traditional settings. The sofa is available in a range of colors and upholstery options, allowing you to customize it to match your existing decor and personal taste.\n\nElevate your living space with the Vina Recliner Sofa—a recliner sofa for the living room that provides the ultimate combination of luxury, comfort, and functionality. This outstanding piece of living room furniture is designed to transform your home into a haven of relaxation and sophistication, offering the perfect setting for both everyday living and special occasions.",176800.00,147400.00,50,0.0,0,,,,Delivery Charges Applicable,"[""recliner-sofas"",""living-room"",""best-offer""]",2026-03-16 21:06:14.508508+00,false,true,176800.00,12,Standard,0.00,,0,0,,false,true,30,,true,[],,,,,,1
1117,Paynes Creek Recliner Sofa,paynes-creek-recliner-sofa,127,34,"Discover the Paynes Creek Recliner Sofa, an exquisite addition to your living room furniture that seamlessly blends luxury, comfort, and style. This exceptional piece is designed to enhance your living space with its versatile features and elegant design, making it an ideal choice for any home.\n\nAs a premier option for a reclining sofa set for the living room, the Paynes Creek Recliner Sofa offers a state-of-the-art reclining mechanism that ensures effortless adjustment between various seating positions. Whether you prefer to sit upright for an engaging conversation, recline partially for a cozy evening, or fully extend for a restful nap, the Paynes Creek Recliner Sofa accommodates all your relaxation needs with ease. The sofa’s smooth reclining function operates quietly and efficiently, allowing you to find your perfect position without any hassle.\n\nCrafted with a focus on durability and long-lasting performance, the Paynes Creek Recliner Sofa features a robust frame made from high-quality materials. This solid construction provides stability and support, ensuring that the sofa remains a central and reliable piece of living room furniture for years to come. The cushions are generously filled with high-density foam, delivering a plush yet supportive seating experience that retains its shape and comfort over time. The upholstery options, available in luxurious fabric or premium leather, not only enhance the sofa’s aesthetic appeal but also offer easy maintenance and a sophisticated look.\n\nIn addition to its superior comfort and durability, the Paynes Creek Recliner Sofa includes several practical features that enhance its functionality. Integrated cup holders and storage compartments offer convenient spaces for keeping beverages and essentials close at hand while you relax. The reclining mechanisms are designed for smooth and quiet operation, allowing you to adjust your seating position effortlessly.\n\nThe design of the Paynes Creek Recliner Sofa is versatile and stylish, making it a perfect fit for a variety of interior decor styles. Its clean lines and modern design elements complement both contemporary and traditional settings. Available in a range of colors and upholstery options, you can customize the Paynes Creek Recliner Sofa to match your existing decor and personal taste.\n\nElevate your living space with the Paynes Creek Recliner Sofa—a recliner sofa for the living room that offers the ultimate combination of luxury, comfort, and functionality. This outstanding piece of living room furniture is crafted to transform your home into a haven of relaxation and elegance, providing the perfect setting for everyday living and special occasions.",184800.00,154000.00,50,0.0,0,,,,Delivery Charges Applicable,"[""recliner-sofas"",""living-room"",""best-offer""]",2026-03-16 21:06:17.999173+00,false,true,184800.00,12,Standard,0.00,,0,0,,false,true,30,,true,[],,,,,,1
1118,Proberta Recliner Sofa,proberta-recliner-sofa,127,34,"Introducing the Proberta Recliner Sofa, a sophisticated choice for enhancing your living room furniture collection with unparalleled comfort and style. This exceptional piece is meticulously designed to be the centerpiece of your living space, combining modern functionality with timeless elegance to create an inviting and luxurious atmosphere.\n\nThe Proberta Recliner Sofa is the epitome of a reclining sofa set for the living room. It features state-of-the-art reclining mechanisms that provide seamless and effortless adjustments to your preferred seating position. Whether you’re sitting upright for engaging conversations, reclining partially for a relaxing evening, or fully extending for a peaceful nap, It accommodates all your comfort needs with ease. Its innovative design ensures smooth operation, allowing you to adjust the backrest and footrest quietly and without any hassle.\n\nCrafted with an emphasis on durability and long-lasting performance, the Proberta Recliner Sofa boasts a robust frame constructed from high-quality materials. This sturdy construction ensures stability and reliability, making it a central piece of living room furniture that will stand the test of time. The cushions are generously filled with high-density foam, offering a plush yet supportive seating experience that maintains its shape and comfort over time. The upholstery options, available in either luxurious fabric or premium leather, add a touch of sophistication to the sofa while also ensuring easy maintenance and a refined appearance.\n\nIn addition to its comfort and durability, the Proberta Recliner Sofa includes several thoughtful features designed to enhance its practicality. The reclining mechanisms are engineered for smooth and quiet operation, allowing for effortless adjustments to your ideal position. Built-in cup holders and storage compartments provide added convenience, allowing you to keep beverages and essentials close at hand while you relax.\n\nThe design of the Proberta Recliner Sofa is versatile and stylish, making it an excellent fit for a variety of interior decor styles. Its clean lines and contemporary aesthetic complement both modern and traditional settings. Available in a range of colors and upholstery options, you can customize the Proberta Recliner Sofa to match your existing decor and personal taste.\n\nElevate your living space with the Proberta Recliner Sofa—a recliner sofa for the living room that perfectly blends luxury, comfort, and functionality. This outstanding piece of living room furniture is crafted to transform your home into a haven of relaxation and elegance, providing the ideal setting for both everyday living and special occasions.",224400.00,187000.00,50,0.0,0,,,,Delivery Charges Applicable,"[""recliner-sofas"",""living-room"",""best-offer""]",2026-03-16 21:06:21.977958+00,false,true,224400.00,12,Standard,0.00,,0,0,,false,true,30,,true,[],,,,,,1
1119,Paskenta Recliner Sofa,paskenta-recliner-sofa,127,34,"<div>Introducing the Paskenta Recliner Sofa, a premium addition to your living room furniture that combines luxurious comfort with sophisticated design. This remarkable piece is designed to be the centerpiece of your space, offering a perfect blend of style, relaxation, and functionality that elevates any living area.</div>\n<div></div>\n<div>The Paskenta Recliner Sofa stands out as an exceptional choice for a reclining sofa set for the living room. It features advanced reclining mechanisms that allow for seamless transitions between various seating positions. Whether you’re in the mood to sit upright for a social gathering, recline partially for casual lounging, or fully extend for a deep, restful nap, the Paskenta Recliner Sofa accommodates your needs effortlessly. The sofa’s easy-to-use reclining functions ensure that adjusting to your preferred position is smooth and intuitive.</div>\n<div></div>\n<div>Crafted with durability and comfort in mind, the Paskenta Recliner Sofa boasts a robust frame constructed from high-quality materials, ensuring long-lasting support and stability. This solid construction makes it a reliable piece of living room furniture that can withstand daily use. The cushions are generously filled with high-density foam, offering a plush yet supportive seating experience that maintains its shape over time. The upholstery options—luxurious fabric or premium leather—add an elegant touch to the sofa while also providing easy maintenance and a sophisticated appearance.</div>\n<div></div>\n<div>In addition to its exceptional comfort and durability, It includes several thoughtful features that enhance its functionality. The reclining mechanisms are engineered for quiet and smooth operation, allowing you to adjust your seating position effortlessly. Integrated cup holders and storage compartments add convenience by keeping beverages and essentials within easy reach.</div>\n<div></div>\n<div>The design of the Paskenta Recliner Sofa is versatile and stylish, making it a perfect fit for various interior decor styles. Its clean lines and modern aesthetic complement both contemporary and traditional settings. Available in a range of colors and upholstery options, the Paskenta Recliner Sofa can be customized to match your existing decor and personal preferences.</div>\n<div></div>\n<div>Elevate your living space with the Paskenta Recliner Sofa—a recliner sofa for the living room that offers the ultimate combination of luxury, comfort, and functionality. This outstanding piece of living room furniture is designed to transform your home into a haven of relaxation and style, providing the perfect setting for both everyday living and special occasions.</div>",216000.00,180000.00,50,0.0,0,,,,Delivery Charges Applicable,"[""recliner-sofas"",""living-room"",""best-offer""]",2026-03-16 21:06:25.357887+00,false,true,216000.00,12,Standard,0.00,,0,0,,false,true,30,,true,[],,,,,,1
1120,Modesto Recliner Sofa,modesto-recliner-sofa,127,34,"Introducing the Modesto Recliner Sofa, a standout addition to your living room furniture that embodies both style and comfort. This exceptional reclining sofa set for the living room is designed to enhance your home with its combination of luxurious features and modern functionality. Whether you're looking to update your space with a new focal point or simply seeking a more comfortable seating solution, the Modesto Recliner Sofa delivers on all fronts.\n\nAs an ideal choice for a reclining couch for the living room, It offers a seamless reclining experience. Equipped with advanced reclining mechanisms, this sofa allows you to effortlessly adjust the backrest and footrest to find your perfect seating position. Whether you prefer to sit upright for conversations, recline partially for casual relaxation, or fully extend for a restful nap, the Modesto Recliner Sofa ensures superior comfort and support. The smooth operation of the reclining features guarantees that you can make adjustments quietly and easily.\n\nCrafted with attention to detail and durability, the Modesto Recliner Sofa features a strong frame built from high-quality materials, providing both stability and longevity. This solid construction ensures that the sofa remains a central and reliable piece of your living room furniture for years to come. The cushions are filled with high-density foam, offering a plush yet supportive seating experience that maintains its shape over time. The upholstery, available in either luxurious fabric or premium leather, adds a touch of elegance to the sofa while being easy to clean and maintain.\n\nIn addition to its comfort and durability, the Modesto Recliner Sofa includes several thoughtful features that enhance its practicality. The reclining mechanisms are designed for smooth and quiet operation, allowing you to adjust your seating position effortlessly. Built-in cup holders and storage compartments are integrated into the design, offering convenient places to keep your beverages and essentials close at hand.\n\nThe design of the Modesto Recliner Sofa is versatile and stylish, making it a perfect fit for various interior decor styles. Its clean lines and contemporary design elements complement both modern and traditional settings. Available in a range of colors and upholstery options, you can customize the Modesto Recliner Sofa to match your existing decor and personal preferences.\n\nElevate your living space with the Modesto Recliner Sofa—a recliner sofa for the living room that combines luxury, comfort, and functionality. This outstanding piece of living room furniture is crafted to transform your home into a sophisticated and inviting retreat, providing the perfect blend of style and relaxation for you and your guests.",144000.00,120000.00,50,0.0,0,,,,Delivery Charges Applicable,"[""recliner-sofas"",""living-room"",""best-offer""]",2026-03-16 21:06:29.048819+00,false,true,144000.00,12,Standard,0.00,,0,0,,false,true,30,,true,[],,,,,,1
1121,Patterson Recliner Sofa,patterson-recliner-sofa,127,34,"Discover the Patterson Recliner Sofa, a superior choice for living room furniture that effortlessly combines style, comfort, and functionality. This exquisite piece of furniture is designed to be the centerpiece of your living room, offering an elevated seating experience that perfectly blends modern features with timeless elegance.\n\nThe Patterson Recliner Sofa exemplifies the ideal reclining sofa set for the living room. It features state-of-the-art reclining mechanisms that allow you to smoothly transition between various seating positions. Whether you are sitting upright for a lively conversation, reclining partially for a cozy evening, or fully extending for a deep, restful nap, this sofa ensures you experience exceptional comfort and support. The ease of adjusting the backrest and footrest guarantees that you can achieve your perfect level of relaxation effortlessly.\n\nCrafted with durability and quality in mind, the Patterson Recliner Sofa boasts a sturdy frame constructed from premium materials, ensuring long-lasting performance and stability. This robust construction supports daily use and ensures that the sofa remains a reliable part of your living room furniture for years to come. The cushions are generously filled with high-density foam, providing a plush yet supportive seating experience that retains its shape and comfort over time. Available in a choice of luxurious fabric or leather upholstery, the Patterson Recliner Sofa adds a touch of sophistication to any living space. The upholstery is also designed for easy maintenance, allowing you to keep the sofa looking pristine with minimal effort.\n\nIn addition to its comfort and durability, the Patterson Recliner Sofa integrates several thoughtful features that enhance its functionality. The reclining mechanisms operate smoothly and quietly, enabling effortless adjustments to your preferred position. Built-in cup holders and storage compartments add a practical touch, making it convenient to keep your beverages and essentials within reach while you relax.\n\nThe Patterson Recliner Sofa's versatile design makes it an excellent fit for a variety of interior styles. Its clean lines and modern aesthetic complement both contemporary and traditional decor. Available in a range of colors and upholstery options, you can easily customize the sofa to match your existing living room furnishings and personal style.\n\nElevate your home with the Patterson Recliner Sofa—a recliner sofa for the living room that offers the perfect blend of luxury, comfort, and practicality. This outstanding piece of living room furniture is designed to create an inviting and stylish atmosphere, transforming your living space into a haven of relaxation and elegance.",171600.00,143000.00,50,0.0,0,,,,Delivery Charges Applicable,"[""recliner-sofas"",""living-room"",""best-offer""]",2026-03-16 21:06:32.64636+00,false,true,171600.00,12,Standard,0.00,,0,0,,false,true,30,,true,[],,,,,,1
1122,Waterford Recliner Sofa,waterford-recliner-sofa,127,34,"Introducing the Waterford Recliner Sofa, a quintessential addition to your living room furniture that combines unmatched comfort with sophisticated style. This luxurious reclining sofa set for the living room is designed to provide a superior seating experience while enhancing the overall aesthetic of your home.\n\nThe Waterford Recliner Sofa stands out as a premier choice for a reclining couch for the living room. It features advanced reclining mechanisms that allow for effortless adjustment between various seating positions. Whether you want to sit upright for a conversation, recline partially for a relaxed evening, or fully extend for a deep nap, the Waterford Recliner Sofa adjusts smoothly to meet your needs. The innovative design ensures that each adjustment is seamless, allowing you to find your perfect level of comfort with ease.\n\nCrafted with a focus on durability and luxury, the Waterford Recliner Sofa boasts a robust frame constructed from high-quality materials. This sturdy frame ensures stability and longevity, making the sofa a reliable centerpiece of your living room furniture for years to come. The cushions are generously filled with high-density foam, offering both plush comfort and firm support that maintains its shape over time. The upholstery options—premium fabric or luxurious leather—add a touch of elegance to the sofa and are designed for easy maintenance, keeping the sofa looking pristine with minimal effort.\n\nIn addition to its exceptional comfort, the Waterford Recliner Sofa incorporates practical features that enhance its functionality. The reclining mechanisms are engineered for quiet and smooth operation, allowing for effortless adjustments. Built-in cup holders and storage compartments are integrated into the design, providing convenient spaces to keep beverages and essentials close at hand.\n\nThe design of the Waterford Recliner Sofa is both versatile and stylish, making it a perfect fit for a variety of interior decor styles. Its sleek lines and modern aesthetic complement both contemporary and traditional settings, while its range of available colors and upholstery options allows you to tailor the sofa to suit your personal style and existing decor.\n\nElevate your living space with the Waterford Recliner Sofa—a recliner sofa for the living room that offers the perfect blend of luxury, comfort, and functionality. This exceptional piece of living room furniture is designed to transform your home into a sophisticated and inviting retreat, providing a perfect combination of style and relaxation for you and your guests.",171600.00,143000.00,50,0.0,0,,,,Delivery Charges Applicable,"[""recliner-sofas"",""living-room"",""best-offer""]",2026-03-16 21:06:36.321607+00,false,true,171600.00,12,Standard,0.00,,0,0,,false,true,30,,true,[],,,,,,1
1123,Keyes Recliner Sofa,keyes-recliner-sofa,127,34,"Introducing the Keyes Recliner Sofa, an epitome of luxury and comfort in the realm of living room furniture. This superb reclining sofa set for the living room is meticulously designed to elevate your living space with its combination of sophisticated style, plush comfort, and functional features. It is a perfect addition to any modern home, offering an exceptional seating experience that caters to both relaxation and elegance.\n\nThe Keyes Recliner Sofa exemplifies the ideal reclining couch for the living room, designed with advanced reclining mechanisms that allow for seamless adjustments. With just a push of a button or a gentle pull of the lever, you can effortlessly transition between sitting, reclining partially, or lying fully extended. This flexibility ensures that you can find your perfect position whether you're unwinding after a long day, enjoying a cozy movie night, or engaging in a lively conversation with friends and family.\n\nConstructed with a focus on durability and long-lasting performance, It features a robust frame made from high-quality materials. This solid construction provides stability and support, ensuring that the sofa remains a central and reliable piece of your living room furniture for years to come. The cushions are filled with high-density foam, offering a plush and comfortable seating experience that maintains its shape and support over time. Upholstered in premium fabric or leather, the Keyes Recliner Sofa not only adds a touch of elegance to your home but also offers easy maintenance and a luxurious feel.\n\nAs a recliner sofa for the living room, It incorporates several practical features to enhance its usability. The smooth, quiet reclining mechanisms allow for effortless adjustments, while built-in cup holders and storage compartments provide added convenience for keeping your beverages and essentials within reach.\n\nThe design of the Keyes Recliner Sofa is both versatile and stylish, making it a perfect fit for a variety of interior decor styles. Its clean lines and modern aesthetic complement both contemporary and traditional settings. Available in an array of colors and upholstery options, the Keyes Recliner Sofa can be customized to match your existing decor and personal preferences.\n\nElevate your living space with the Keyes Recliner Sofa—a recliner sofa set for the living room that combines luxury, comfort, and functionality. This outstanding piece of living room furniture is crafted to transform your home into a sophisticated and inviting retreat, providing a perfect blend of style and relaxation.",39000.00,32550.00,50,0.0,0,,,,Delivery Charges Applicable,"[""recliner-sofas"",""living-room"",""best-offer""]",2026-03-16 21:06:39.897814+00,false,true,39000.00,12,Standard,0.00,,0,0,,false,true,30,,true,[],,,,,,1
1124,Bystrom Recliner Sofa,bystrom-recliner-sofa,127,34,"Introducing the Bystrom Recliner Sofa, an exquisite addition to your living room furniture collection that epitomizes both comfort and style. Designed to enhance your living space with its luxurious features and elegant design, this recliner sofa stands out as a premier choice for those seeking a high-quality reclining sofa set for the living room.\n\nThe Bystrom Recliner Sofa is the ideal reclining couch for the living room, offering a blend of modern convenience and classic sophistication. Its advanced reclining mechanisms allow you to adjust the backrest and footrest to achieve your desired level of comfort effortlessly. Whether you're enjoying a movie night, reading a book, or simply unwinding after a long day, It ensures you experience exceptional support and relaxation.\n\nCrafted with meticulous attention to detail, the Bystrom Recliner Sofa features a durable frame made from high-quality materials, providing stability and longevity. The sofa’s construction is designed to support daily use while maintaining its elegant appearance. The cushions are generously filled with high-density foam, offering a plush yet supportive seating experience. Upholstered in premium fabric or luxurious leather, It adds a touch of sophistication to any living space. The upholstery is designed for easy maintenance, ensuring that your sofa remains pristine and inviting.\n\nAs a recliner sofa for the living room, It incorporates several practical features that enhance its functionality. The reclining mechanisms operate smoothly and quietly, allowing for effortless adjustments to your preferred seating position. Additionally, the sofa includes built-in cup holders and storage compartments, perfect for keeping your beverages and essentials within easy reach while you relax.\n\nThe design of this sofa is versatile, making it a perfect fit for various interior styles. Its clean lines and contemporary design elements complement both modern and traditional decor. Available in a range of colors and upholstery options, It can be customized to match your existing furnishings and personal taste.\n\nElevate your living space with the Bystrom Recliner Sofa—a reclining sofa set for the living room that offers a perfect combination of luxury, comfort, and functionality. This outstanding piece of living room furniture is designed to create an inviting and stylish atmosphere, transforming your home into a haven of relaxation and elegance.",37800.00,31500.00,50,0.0,0,,,,Delivery Charges Applicable,"[""recliner-sofas"",""living-room"",""best-offer""]",2026-03-16 21:06:43.281553+00,false,true,37800.00,12,Standard,0.00,,0,0,,false,true,30,,true,[],,,,,,1
1125,Parklawn Recliner Sofa,parklawn-recliner-sofa,127,34,"Introducing the Parklawn Recliner Sofa, a quintessential piece of living room furniture that seamlessly blends luxurious comfort with modern functionality. Designed to be the focal point of any living space, this reclining sofa set offers an unparalleled seating experience that caters to both relaxation and style.\n\nThe Parklawn Recliner Sofa excels as a versatile reclining couch for the living room, incorporating state-of-the-art reclining mechanisms that allow you to adjust the backrest and footrest with ease. Whether you’re looking to sit upright for a lively conversation, recline partially for a casual read, or fully extend for a rejuvenating nap, this sofa adapts effortlessly to your preferred position. Its ability to provide multiple reclining options makes it an ideal choice for creating a cozy and accommodating living space.\n\nConstructed with durability in mind, the Parklawn Recliner Sofa features a solid frame built from high-quality materials. This robust frame ensures that the sofa remains a reliable and long-lasting piece of living room furniture. The cushions are filled with high-density foam, offering a plush and supportive seating experience that retains its shape and comfort over time. The sofa is available in premium fabric or leather upholstery, each providing a luxurious feel and an elegant appearance. The upholstery is also designed for easy maintenance, allowing you to keep your sofa looking pristine with minimal effort.\n\nAs a recliner sofa for the living room, the Parklawn Recliner Sofa integrates several thoughtful features that enhance its functionality. The smooth, quiet reclining mechanisms provide a seamless adjustment experience, while the built-in cup holders and storage compartments add a practical touch, making it easy to keep your essentials within reach.\n\nThe Parklawn Recliner Sofa's design is both contemporary and versatile, allowing it to fit seamlessly into a variety of interior styles. Its clean lines and modern aesthetic complement both traditional and contemporary decor. Available in a range of colors and upholstery options, the Parklawn Recliner Sofa can be customized to suit your personal taste and complement your existing living room furnishings.\n\nElevate your home with the Parklawn Recliner Sofa—a reclining sofa set for the living room that offers the perfect blend of luxury, comfort, and functionality. This exceptional piece of living room furniture is crafted to create a sophisticated and inviting atmosphere, transforming your living area into a haven of relaxation and style.",39600.00,33000.00,50,0.0,0,,,,Delivery Charges Applicable,"[""recliner-sofas"",""living-room"",""best-offer""]",2026-03-16 21:06:46.897807+00,false,true,39600.00,12,Standard,0.00,,0,0,,false,true,30,,true,[],,,,,,1
1126,Turlock Recliner Sofa,turlock-recliner-sofa,127,34,"Introducing the Turlock Recliner Sofa, an impeccable choice for anyone seeking to enhance their living space with a perfect blend of comfort, style, and functionality. This stunning piece of living room furniture is designed to be the centerpiece of your home, offering an unparalleled reclining experience that combines modern convenience with classic elegance.\n\nThe Turlock Recliner Sofa stands out as an exceptional reclining sofa set for the living room, providing versatile seating options that cater to your every need. With its advanced reclining mechanisms, this sofa allows you to effortlessly adjust the backrest and footrest to achieve your ideal lounging position. Whether you’re settling in for a movie night, relaxing with a good book, or taking a restful nap, the Turlock Recliner Sofa ensures you experience superior comfort and support.\n\nConstructed with a robust frame made from high-quality materials, the Turlock Recliner Sofa guarantees durability and long-lasting performance. The frame is engineered to offer stability and strength, ensuring that the sofa remains a central and reliable piece of your living room furniture for years to come. The cushions are generously filled with high-density foam, providing a plush yet supportive seating experience that maintains its shape over time. Upholstered in premium fabric or leather, It exudes luxury and sophistication, while also being easy to maintain and clean.\n\nDesigned as a reclining couch for the living room, the Turlock Recliner Sofa integrates several thoughtful features that enhance its functionality. The reclining mechanisms are designed for smooth, quiet operation, allowing you to adjust your seating position with ease. Additionally, the sofa includes convenient built-in cup holders and storage compartments, perfect for keeping your drinks and essentials within reach while you relax.\n\nThe Turlock Recliner Sofa’s design is versatile and stylish, making it a perfect fit for a variety of interior décor styles. Its clean lines and contemporary design elements complement both modern and traditional settings. Available in a range of colors and upholstery options, you can customize the Turlock Recliner Sofa to match your personal taste and existing décor.\n\nElevate your living space with the Turlock Recliner Sofa—a recliner sofa for the living room that combines luxury, comfort, and practicality. This exceptional piece of living room furniture is crafted to provide an inviting and sophisticated atmosphere, transforming your home into a haven of relaxation and elegance.",231000.00,192500.00,50,0.0,0,,,,Delivery Charges Applicable,"[""recliner-sofas"",""living-room"",""best-offer""]",2026-03-16 21:06:50.350671+00,false,true,231000.00,12,Standard,0.00,,0,0,,false,true,30,,true,[],,,,,,1
1127,Newman Recliner Sofa,newman-recliner-sofa,127,34,"Introducing the Newman Recliner Sofa, a premium piece of living room furniture designed to blend exceptional comfort with sophisticated style. This remarkable reclining couch is crafted to enhance any living space, providing an unparalleled seating experience that combines modern functionality with classic elegance. As an essential addition to your living room, It stands out as a top choice for those seeking both luxury and practicality in their home furnishings.\n\nThe Newman Recliner Sofa is an outstanding example of a reclining sofa set for the living room, offering a versatile and adaptable seating solution. Its advanced reclining mechanisms allow you to effortlessly adjust the backrest and footrest to your desired position, making it easy to find your perfect level of comfort. Whether you're lounging for a movie night, reading a book, or taking a restful nap, the Newman Recliner Sofa ensures that you experience superior relaxation and support.\n\nCrafted with attention to detail, the Newman Recliner Sofa features a durable frame constructed from high-quality materials, ensuring long-lasting performance and stability. The sofa's cushions are filled with high-density foam that provides plush comfort and maintains its shape over time. Upholstered in premium fabric or leather, It adds a touch of luxury and sophistication to your living room decor. The upholstery is also designed for easy maintenance, allowing you to keep the sofa looking fresh and inviting with minimal effort.\n\nAs a reclining couch for the living room, the Newman Recliner Sofa includes several thoughtful features that enhance its functionality. The reclining mechanisms are smoothly integrated for quiet, seamless adjustments, and the sofa also comes with built-in cup holders and storage compartments, perfect for keeping your beverages and essentials close at hand.\n\nThe Newman Recliner Sofa's design integrates effortlessly with various interior styles, thanks to its clean lines and contemporary aesthetic. Whether your home decor is modern, traditional, or a mix of both, the Newman Recliner Sofa complements your space with its elegant appearance. Available in a range of colors and upholstery options, you can customize the sofa to suit your personal style and enhance your existing living room furniture.\n\nElevate your living space with the Newman Recliner Sofa—a recliner sofa for the living room that offers the perfect combination of luxury, comfort, and functionality. This exquisite piece of living room furniture is designed to provide a stylish and inviting retreat, transforming your home into a haven of relaxation and sophistication.",211600.00,176000.00,50,0.0,0,,,,Delivery Charges Applicable,"[""recliner-sofas"",""living-room"",""best-offer""]",2026-03-16 21:06:54.038034+00,false,true,211600.00,12,Standard,0.00,,0,0,,false,true,30,,true,[],,,,,,1
1128,Empire Recliner Sofa,empire-recliner-sofa,127,34,"Introducing the Empire Recliner Sofa, a pinnacle of comfort and sophistication that elevates any living space with its blend of luxury and practicality. This exceptional piece of living room furniture is meticulously designed to provide an unparalleled seating experience, making it a standout choice for those seeking a high-quality reclining sofa set for the living room.\n\nThe Empire Recliner Sofa offers a modern take on the classic reclining couch for the living room, combining stylish design with functional features. Its state-of-the-art reclining mechanisms ensure a smooth and effortless transition between various seating positions. Whether you're sitting upright for a chat, reclining partially to read a book, or fully extending for a nap, It accommodates all your relaxation needs with ease.\n\nConstructed with a robust frame made from premium materials, the Empire Recliner Sofa guarantees durability and long-lasting performance. The frame's strength ensures the sofa remains a central piece of your living room furniture for years to come. The cushions are generously filled with high-density foam, providing a plush and supportive seating experience that maintains its shape over time. Upholstered in high-quality fabric or luxurious leather, It adds a touch of elegance and sophistication to any room. The upholstery is designed for easy care, ensuring that your sofa looks pristine and inviting with minimal effort.\n\nAs a recliner sofa for the living room, It integrates thoughtful features that enhance its functionality. The reclining mechanisms are engineered for quiet, smooth operation, allowing you to adjust your seating position effortlessly. Additionally, the sofa includes convenient built-in cup holders and storage compartments, perfect for keeping your drinks and essentials close at hand while you relax.\n\nThe design of this sofa is versatile and stylish, making it a perfect fit for a variety of interior decor styles. Its clean lines and contemporary design elements complement both modern and traditional settings. Available in a range of colors and upholstery options, you can tailor the Empire Recliner Sofa to match your existing decor and personal taste.\n\nElevate your living space with the Empire Recliner Sofa—a recliner sofa set for the living room that delivers exceptional comfort, style, and practicality. This exquisite piece of living room furniture is designed to transform your home into a haven of relaxation and sophistication, offering a perfect blend of luxury and functionality.",287692.00,187000.00,50,0.0,0,,,,Delivery Charges Applicable,"[""recliner-sofas"",""sofa"",""living-room"",""best-offer""]",2026-03-16 21:06:57.827767+00,false,true,287692.00,12,Standard,0.00,,0,0,,false,true,30,,true,[],,,,,,1
1129,Hickman Recliner Sofa,hickman-recliner-sofa,127,34,"Introducing the Hickman Recliner Sofa, a premier choice in living room furniture that combines elegance, comfort, and innovative functionality. This exceptional reclining couch is designed to elevate your living space with its sophisticated style and plush comfort, making it an ideal addition to any modern home.\n\nThe Hickman Recliner Sofa is a standout example of a reclining sofa set for the living room, offering a versatile and adaptable seating solution. Its state-of-the-art reclining mechanisms allow you to effortlessly adjust the backrest and footrest to find your perfect relaxation position. Whether you're settling in for a movie night, enjoying a book, or taking a nap, It ensures that you experience ultimate comfort and support.\n\nConstructed with high-quality materials, the Hickman Recliner Sofa features a sturdy frame designed to provide lasting durability and stability. The frame is built to withstand years of use, ensuring that the sofa remains a reliable and attractive part of your living room furniture. The cushions are filled with high-density foam, offering a plush and supportive seating experience. The premium upholstery, available in both fabric and leather options, adds a touch of luxury to the sofa and is designed for easy maintenance, making it both stylish and practical.\n\nAs a reclining couch for the living room, the Hickman Recliner Sofa is designed with a focus on user convenience. The sofa features smooth, quiet reclining mechanisms that allow for seamless adjustments between various seating positions. It also includes built-in cup holders and storage compartments, adding functionality and convenience to your relaxation time. These thoughtful features make the Hickman Recliner Sofa an ideal choice for both everyday lounging and entertaining guests.\n\nThe design of the Hickman Recliner Sofa integrates effortlessly with various interior styles. Its clean lines and contemporary design make it a versatile addition to any décor, whether your home features a modern, traditional, or eclectic style. Available in a range of colors and upholstery options, you can customize the Hickman Recliner Sofa to suit your personal taste and complement your existing living room furnishings.\n\nElevate your living space with the Hickman Recliner Sofa—a reclining sofa for the living room that offers the perfect blend of luxury, comfort, and functionality. This exceptional sofa set is crafted to enhance your home with its elegant design and practical features, transforming your living area into a stylish and inviting retreat.",220000.00,165000.00,50,0.0,0,,,,Delivery Charges Applicable,"[""recliner-sofas"",""living-room"",""best-offer""]",2026-03-16 21:07:01.609376+00,false,true,220000.00,12,Standard,0.00,,0,0,,false,true,30,,true,[],,,,,,1
1130,Rouse Recliner Sofa,rouse-recliner-sofa,127,34,"Introducing the Rouse Recliner Sofa, an epitome of luxurious comfort and sophisticated design, perfect for enhancing your living room. This exceptional piece of living room furniture is tailored to offer the ultimate in relaxation and style, making it an ideal choice for any modern home. As a premier reclining sofa set for the living room, the Rouse Recliner Sofa brings together advanced features and a timeless aesthetic to create a truly standout seating experience.\n\nThe Rouse Recliner Sofa is a top choice for those seeking a reclining couch for the living room, designed to provide a versatile and adaptable seating solution. Featuring state-of-the-art reclining mechanisms, this sofa allows you to effortlessly adjust the backrest and footrest to achieve your preferred level of comfort. Whether you're looking to sit upright for socializing, recline partially for reading, or fully stretch out for a nap, the Rouse Recliner Sofa accommodates all your needs with ease.\n\nConstructed with a focus on durability and longevity, the Rouse Recliner Sofa features a robust frame made from high-quality materials. The frame ensures stability and strength, providing long-lasting support for years of comfortable use. The cushions are generously filled with high-density foam, delivering plush comfort while retaining their shape over time. Upholstered in premium fabric or leather, the sofa not only adds a touch of elegance to your living space but also offers easy maintenance and a luxurious feel.\n\nIn addition to its style and comfort, It is designed with practicality in mind. The integrated reclining mechanisms are user-friendly, allowing for smooth and quiet adjustments. The sofa also includes built-in cup holders and storage compartments, perfect for keeping your beverages and essentials within reach while you relax. These thoughtful features make it an ideal choice for both casual lounging and entertaining guests.\n\nThe Rouse Recliner Sofa seamlessly blends into various interior styles, thanks to its clean lines and contemporary design. Available in a variety of colors and upholstery options, you can customize the sofa to fit your existing decor and personal preferences. Whether your home features a modern, traditional, or eclectic style, It enhances the ambiance with its elegant appearance and functional design.\n\nElevate your living space with the Rouse Recliner Sofa—a reclining couch that combines luxury, comfort, and functionality. This outstanding recliner sofa set for the living room is crafted to provide an exceptional seating experience, transforming your home into a stylish and inviting retreat.",198000.00,165000.00,50,0.0,0,,,,Delivery Charges Applicable,"[""recliner-sofas"",""living-room"",""best-offer""]",2026-03-16 21:07:09.390992+00,false,true,198000.00,12,Standard,0.00,,0,0,,false,true,30,,true,[],,,,,,1
1131,Ceres Recliner Sofa,ceres-recliner-sofa,127,34,"Introducing the Ceres Recliner Sofa, a masterful blend of comfort, style, and practicality that will transform your living space into a haven of relaxation. This exquisite piece of living room furniture is designed to enhance your home with its luxurious features and sophisticated design. As a premier choice for a reclining sofa for the living room, the Ceres Recliner Sofa offers an unparalleled seating experience that combines modern convenience with timeless elegance.\n\nThe Ceres Recliner Sofa stands out as an exceptional reclining couch for the living room, providing a versatile seating solution that adapts to your needs. Featuring advanced reclining mechanisms, this sofa allows you to easily adjust the backrest and footrest to your preferred position. Whether you are enjoying a cozy movie night, hosting a social gathering, or simply relaxing after a long day, It ensures optimal comfort and support.\n\nCrafted with high-quality materials, the Ceres Recliner Sofa boasts a robust frame that promises durability and long-lasting performance. The sofa's cushions are filled with high-density foam, offering a plush and supportive seating experience that maintains its shape over time. Upholstered in premium fabric or leather, the Ceres Recliner Sofa exudes a sense of luxury and sophistication. The upholstery not only looks stunning but is also designed for easy maintenance, ensuring that your sofa remains pristine and inviting.\n\nThe design of the Ceres Recliner Sofa incorporates several thoughtful features that enhance its functionality. The smooth reclining mechanisms are seamlessly integrated, allowing for effortless adjustments. Additionally, the sofa is equipped with convenient built-in cup holders and storage compartments, making it ideal for enjoying snacks and drinks while you relax.\n\nAs a sofa for the living room, the Ceres Recliner Sofa integrates seamlessly into various interior styles. Its clean lines and contemporary design make it a versatile addition to any décor, whether your style is modern, traditional, or somewhere in between. Available in a range of colors and upholstery options, you can customize it to complement your existing furniture and personal taste.\n\nElevate your living space with the Ceres Recliner Sofa—a reclining couch that combines luxury, comfort, and practicality. This outstanding piece of living room furniture is designed to provide the ultimate in relaxation and style, transforming your home into a refined and inviting retreat.",43800.00,36500.00,50,0.0,0,,,,Delivery Charges Applicable,"[""recliner-sofas"",""living-room"",""best-offer""]",2026-03-16 21:07:12.159061+00,false,true,43800.00,12,Standard,0.00,,0,0,,false,true,30,,true,[],,,,,,1
1132,Hughson Recliner Sofa,hughson-recliner-sofa,127,34,"Introducing the Hughson Recliner Sofa, an exceptional addition to your living room furniture collection that combines luxury, comfort, and functionality. Designed with the modern homeowner in mind, this reclining sofa set for the living room is the epitome of relaxation and style, offering a premium seating experience that enhances any living space.\n\nThe Hughson Recliner Sofa is a standout choice as a reclining sofa for the living room, providing unparalleled comfort and convenience. Featuring advanced reclining mechanisms, this sofa allows you to effortlessly adjust the backrest and footrests to find your perfect lounging position. Whether you want to sit up and enjoy a movie or fully recline for a nap, the Hughson Recliner Sofa adapts to your needs, making it ideal for both relaxation and social gatherings.\n\nCrafted with high-quality materials, the Hughson Recliner Sofa features a robust frame that ensures durability and long-lasting performance. The cushions are filled with premium foam padding, providing a plush and supportive seating experience. Upholstered in soft, luxurious fabric or genuine leather, the sofa offers an elegant look and feel that complements various interior styles. The high-quality upholstery is designed to be both comfortable and easy to maintain, ensuring that the sofa remains a beautiful and practical piece of living room furniture.\n\nThe design of the Hughson Recliner Sofa incorporates thoughtful features that enhance its functionality. The built-in reclining mechanisms are user-friendly and smoothly integrated, allowing you to adjust the sofa effortlessly. Additionally, the sofa comes with convenient built-in storage options and cup holders, making it perfect for enjoying drinks and snacks while you relax.\n\nAs a recliner sofa set for the living room, the Hughson Recliner Sofa offers versatility and style. Its clean lines and contemporary design make it a versatile addition to any living space, blending seamlessly with various décor themes. Available in a range of colors and upholstery options, you can customize the sofa to match your home’s aesthetic and your personal taste.\n\nUpgrade your living space with the Hughson Recliner Sofa—a reclining couch that combines luxury, comfort, and practicality. This exceptional piece of living room furniture is designed to provide the ultimate in relaxation and style, transforming your living area into a haven of comfort and sophistication.",138462.00,90000.00,50,0.0,0,,,,Delivery Charges Applicable,"[""recliner-sofas"",""living-room"",""best-offer""]",2026-03-16 21:07:15.327466+00,false,true,138462.00,12,Standard,0.00,,0,0,,false,true,30,,true,[],,,,,,1
1133,Crows Landing Sofa,crows-landing-sofa,133,34,"Introducing the Crows Landing Sofa, a luxurious and sophisticated piece of living room furniture that epitomizes both style and comfort. This elegant leather 2-seater sofa set is designed to be the centerpiece of your living space, offering a perfect blend of modern design and classic charm. Ideal for those who appreciate high-quality craftsmanship and refined aesthetics, the Crows Landing Sofa promises to elevate any room it graces.\n\nThe Crows Landing Sofa is a premier choice as a 2-seater couch for the living room, providing ample seating in a compact yet stylish format. Its sleek, streamlined design makes it an excellent addition to both small and large spaces, seamlessly integrating with various interior styles. Whether you are looking to furnish a cozy apartment or add a touch of elegance to your primary living area, this sofa set provides the ideal balance of form and function.\n\nCrafted with premium leather upholstery, It exudes sophistication and durability. The leather is not only luxurious to the touch but also easy to maintain, offering a timeless look that improves with age. The sofa’s frame is constructed from high-quality materials, ensuring robust support and longevity. The cushions are filled with high-density foam, providing a plush, comfortable seating experience while maintaining their shape over time.\n\nAs a sofa set for the living room, the Crows Landing Sofa stands out for its blend of elegance and practicality. Its clean lines and modern design elements make it a versatile piece that complements a range of decor styles, from contemporary to traditional. Available in a variety of leather finishes and colors, the sofa can be customized to match your personal style and existing decor.\n\nIn addition to its stylish appearance, It is designed with user convenience in mind. The leather upholstery is easy to clean and maintain, ensuring that your sofa remains looking pristine and inviting with minimal effort. The compact size of the 2-seater couch makes it a perfect choice for smaller spaces, while still offering ample comfort for relaxation and socializing.\n\nEnhance your living space with the Crows Landing Sofa—a leather 2-seater sofa set that combines luxury, comfort, and style. This exceptional piece of living room furniture is designed to create a sophisticated and inviting atmosphere in your home, making it the perfect addition to any modern living room.",33600.00,28000.00,50,0.0,0,,,,Delivery Charges Applicable,"[""2-seater"",""sofa"",""living-room"",""best-offer""]",2026-03-16 21:07:18.709248+00,false,true,33600.00,12,Standard,0.00,,0,0,,false,true,30,,true,[],,,,,,1
1134,Oakdale Sofa,oakdale-sofa,133,34,"Introducing the Oakdale Sofa, a sophisticated and stylish addition to your living space that perfectly balances modern design with exceptional comfort. This remarkable 2-seater couch is an ideal choice for those looking to enhance their home with high-quality living room furniture that combines both elegance and functionality.\n\nThe Oakdale Sofa is a standout example of a 2-seater sofa set designed to fit seamlessly into a variety of living room settings. Whether you are furnishing a cozy apartment, creating a stylish reading nook, or looking to complement your main living area with an additional seating option, It delivers the perfect blend of form and function. Its compact size makes it an excellent choice for smaller spaces, while its refined design ensures it adds a touch of sophistication wherever it is placed.\n\nCrafted with attention to detail, the Oakdale Sofa features a robust frame made from premium materials, ensuring both durability and long-lasting support. The sofa's cushions are upholstered in high-quality fabric, chosen for its luxurious feel and aesthetic appeal. The high-density foam padding inside the cushions provides superior comfort and maintains its shape over time, making it a reliable and cozy seating option for daily use.\n\nAs a versatile sofa set for the living room, the Oakdale Sofa integrates seamlessly with various interior styles. Its clean lines, modern design elements, and elegant details make it a versatile addition that complements both contemporary and traditional decor. The sofa is available in a range of colors and textures, allowing you to select a finish that aligns with your personal style and enhances your existing living room decor.\n\nIn addition to its stylish appearance, It is designed with practicality in mind. The removable and washable cushion covers make it easy to keep the sofa looking fresh and clean, even with regular use. Its sturdy construction ensures that it remains a cherished piece of living room furniture for years to come.\n\nElevate your living space with the Oakdale Sofa—a sophisticated 2-seater couch that combines style, comfort, and practicality. This exceptional sofa set for the living room is designed to offer both elegance and functionality, transforming your home into a stylish and inviting retreat.",42000.00,35000.00,50,0.0,0,,,,Delivery Charges Applicable,"[""2-seater"",""sofa"",""living-room"",""best-offer""]",2026-03-16 21:07:22.100256+00,false,true,42000.00,12,Standard,0.00,,0,0,,false,true,30,,true,[],,,,,,1
1135,Salida Sofa,salida-sofa,133,34,"Introducing the Salida Sofa, an elegant and practical choice that brings a sophisticated touch to your living room. This exceptional 2-seater couch is designed to enhance both the style and functionality of your home, offering a perfect blend of comfort and modern aesthetics. As a standout piece of living room furniture, the Salida Sofa is ideal for those who appreciate both form and function in their home decor.\n\nThe Salida Sofa is a distinguished 2-seater sofa set that provides a cozy and intimate seating option for smaller spaces or as an accent piece in larger rooms. Its compact yet stylish design makes it perfect for various settings, whether you're furnishing a chic apartment, a cozy nook, or adding an extra layer of comfort to your main living area. This 2-seater couch for the living room ensures that you and your guests can enjoy a relaxed and comfortable seating experience without compromising on style.\n\nCrafted with a focus on quality, the Salida Sofa features a durable frame made from high-quality materials that ensures longevity and stability. The sofa's cushions are upholstered in luxurious fabric that adds a touch of sophistication and elegance to any room. The high-density foam filling offers excellent support and retains its shape, providing a plush and inviting seating experience. Available in a variety of colors and textures, the Salida Sofa allows you to choose a finish that complements your existing decor and personal style.\n\nAs a sofa set for the living room, the Salida Sofa is designed with both comfort and aesthetics in mind. Its clean lines and contemporary design elements make it a versatile piece that fits seamlessly into various interior styles, from modern to traditional. The compact size of the 2-seater sofa set makes it a practical choice for smaller spaces, while its elegant design ensures it serves as a stylish focal point in any room.\n\nIn addition to its visual appeal, the Salida Sofa offers practical features that make it a valuable addition to your home. The removable cushion covers are easy to clean, helping maintain the sofa’s pristine appearance. The sturdy construction and high-quality upholstery ensure that the sofa remains a beloved part of your living room furniture for years to come.\n\nEnhance your living space with the Salida Sofa—an ideal 2-seater couch that combines elegance, comfort, and functionality. This exceptional piece of living room furniture is designed to transform your home into a stylish and inviting retreat, offering the perfect blend of modern design and practical utility.",53077.00,34500.00,50,0.0,0,,,,Delivery Charges Applicable,"[""2-seater"",""sofa"",""living-room"",""best-offer""]",2026-03-16 21:07:25.279448+00,false,true,53077.00,12,Standard,0.00,,0,0,,false,true,30,,true,[],,,,,,1
1136,Denair Two Seater Sofa,denair-two-seater-sofa,133,34,"Introducing the Denair Two-Seater Sofa, a stylish and versatile addition to your home that redefines the essence of living room furniture. This chic 2-seater sofa set is designed to bring a touch of elegance and comfort to any space, making it an ideal choice for those who value both aesthetics and practicality.\n\nThe Denair Two-Seater Sofa stands out as an exceptional choice for a 2-seater couch for the living room, providing a compact yet luxurious seating solution. Its sleek and sophisticated design makes it perfect for smaller spaces or as an accent piece in larger rooms. Whether you’re furnishing a cozy apartment or adding a stylish touch to your existing living room setup, this sofa set offers the perfect balance of form and function.\n\nCrafted with high-quality materials, the Denair Two-Seater Sofa features a robust frame that ensures durability and stability. The sofa’s cushions are upholstered in premium fabric, providing a soft and comfortable seating experience. The high-density foam filling offers excellent support and retains its shape, ensuring long-lasting comfort. Available in a range of colors and textures, the Denair Two-Seater Sofa can be customized to suit your personal style and complement your existing decor.\n\nAs a sofa set for the living room, the Denair Two-Seater Sofa is designed to enhance the overall ambiance of your space. Its modern, clean lines and elegant design elements add a touch of sophistication, making it a versatile piece that integrates seamlessly with various interior styles, from contemporary to classic. The compact size of the 2-seater couch makes it a perfect choice for smaller living areas, providing both style and practicality without overwhelming the room.\n\nIn addition to its aesthetic appeal, It offers practical features that make it a functional addition to your living room. The sofa’s cushion covers are removable and washable, ensuring easy maintenance and longevity. The sturdy construction and high-quality upholstery guarantee that the sofa remains a centerpiece of comfort and style for years to come.\n\nElevate your living space with the Denair Two-Seater Sofa—a beautiful and functional piece of living room furniture that combines elegance with comfort. Whether used as a standalone piece or paired with other furnishings, this 2-seater sofa set provides the perfect blend of sophistication and practicality, transforming your living room into a stylish and inviting haven.",33600.00,28000.00,50,0.0,0,,,,Delivery Charges Applicable,"[""sofa"",""living-room"",""best-offer""]",2026-03-16 21:07:29.159194+00,false,true,33600.00,12,Standard,0.00,,0,0,,false,true,30,,true,[],,,,,,1
1137,Fort Jones Sofa,fort-jones-sofa,133,34,"Introducing the Fort Jones Sofa, a distinguished piece of living room furniture that brings together style, comfort, and durability in one exceptional 5-seater couch. Designed to be the focal point of your living space, this sofa set redefines relaxation with its luxurious features and elegant design.\n\nThe Fort Jones Sofa stands out as a premier 5-seater sofa set, offering generous seating that makes it perfect for a variety of occasions. Whether you’re hosting a family gathering, enjoying a cozy movie night, or simply relaxing after a long day, this spacious sofa provides ample room for everyone to sit comfortably. Its well-thought-out design ensures that all guests can unwind with ease, making it an ideal addition to any living room.\n\nCrafted with meticulous attention to detail, the Fort Jones Sofa features a robust frame made from high-quality materials, ensuring long-lasting durability and support. The sofa’s cushions are filled with plush, high-density foam that provides exceptional comfort and maintains its shape over time. Upholstered in premium fabrics, It is available in a range of colors and textures, allowing you to select a finish that complements your existing decor and personal style.\n\nIt is not just about comfort and durability; it also adds a touch of sophistication to your living room. Its modern design, characterized by clean lines and elegant accents, enhances the overall aesthetic of your space. The sofa’s sleek silhouette and refined details make it a versatile choice that fits seamlessly into various interior styles, from contemporary to traditional.\n\nPracticality is also a key feature of the Fort Jones Sofa. The removable and washable cushion covers make maintenance simple and convenient, ensuring that your sofa remains fresh and inviting with minimal effort. Additionally, the modular design of the 5-seater couch allows for flexible arrangement, enabling you to adapt the sofa to different room layouts and seating configurations.\n\nElevate your living room with this cot—a 5-seater couch that combines style, comfort, and functionality in a single, elegant package. This exceptional sofa set for the living room is designed to enhance your home’s ambiance, providing a perfect blend of luxury and practicality that transforms your living space into a sophisticated retreat.",63000.00,52500.00,50,0.0,0,,,,Delivery Charges Applicable,"[""cushion-sofas"",""sofa"",""living-room"",""best-offer""]",2026-03-16 21:07:32.743603+00,false,true,63000.00,12,Standard,0.00,,0,0,,false,true,30,,true,[],,,,,,1
1138,Dorris Sofa,dorris-sofa,133,34,"Introducing the Dorris Sofa, an elegant and versatile 5-seater couch that is designed to transform your living room into a luxurious and inviting space. As a standout piece of living room furniture, the Dorris Sofa combines superior comfort with sophisticated design, making it the ideal choice for any home.\n\nThe Dorris Sofa is a premier 5-seater sofa set, providing ample seating for family gatherings, movie nights, and casual get-togethers. Its spacious design ensures that everyone has a comfortable spot, making it perfect for accommodating both intimate family moments and larger social events. The generous seating area of this 5-seater couch for the living room allows for easy relaxation and ensures that guests can enjoy ample space while they unwind.\n\nCrafted with a focus on quality and durability, the Dorris Sofa features a sturdy frame made from high-quality materials, providing long-lasting support and stability. The sofa's cushioning is designed for optimal comfort, with high-density foam that maintains its shape and offers a plush seating experience. The upholstery is available in a variety of premium fabrics and colors, allowing you to choose a finish that complements your existing decor and personal style.\n\nThe design of the Dorris Sofa as a sofa set for the living room features clean lines and a modern silhouette, making it a versatile addition to any interior theme. Whether your decor is contemporary, traditional, or somewhere in between, the Dorris Sofa blends seamlessly, enhancing the overall ambiance of your living space. Its elegant design is further accentuated by tasteful detailing, adding a touch of sophistication to your home.\n\nIn addition to its stylish appearance and comfort, the Dorris Sofa is designed with practicality in mind. The removable and washable cushion covers make maintenance easy, ensuring that the sofa remains looking fresh and clean over time. The modular design also allows for flexible arrangement, so you can adapt the sofa to different layouts and seating needs, enhancing its functionality in your living room.\n\nElevate your home with the Dorris Sofa, a 5-seater couch that offers an exquisite blend of style, comfort, and practicality. This exceptional sofa set for the living room is not just a piece of furniture but a statement of elegance and comfort, transforming your living space into a refined and welcoming retreat.",88200.00,73500.00,50,0.0,0,,,,Delivery Charges Applicable,"[""cushion-sofas"",""sofa"",""living-room"",""best-offer""]",2026-03-16 21:07:36.220295+00,false,true,88200.00,12,Standard,0.00,,0,0,,false,true,30,,true,[],,,,,,1
1139,Macdoel Sofa,macdoel-sofa,133,34,"Introducing the Macdoel Sofa, an exceptional addition to your living room that combines style, comfort, and functionality. This sophisticated 5-seater couch is designed to be the centerpiece of your living space, offering both elegance and practicality in one elegant package. As a premier piece of living room furniture, the Macdoel Sofa is crafted to enhance the aesthetics of any home while providing luxurious seating for all.\n\nThe Macdoel Sofa stands out as a high-quality 5-seater sofa set, making it an ideal choice for families and those who love to entertain. Its spacious design ensures that everyone has a comfortable place to sit, making it perfect for hosting gatherings, movie nights, or simply enjoying quality time with loved ones. The generous seating arrangement of the 5-seater couch for the living room allows for ample space, ensuring that every guest feels relaxed and at ease.\n\nCrafted with attention to detail, the Macdoel Sofa features a sturdy frame and plush cushioning, providing both durability and comfort. The sofa's frame is constructed from high-quality materials, designed to withstand the rigors of daily use while maintaining its elegant appearance. The cushions are upholstered in premium fabric, offering a soft and supportive seating experience. The use of high-density foam ensures that the sofa retains its shape and comfort over time, making it a lasting investment in your living room.\n\nAs a sofa set for the living room, the Macdoel Sofa integrates seamlessly with various decor styles. Its clean lines and modern design enhance the overall ambiance of the room, making it a versatile addition to any interior theme. Available in a range of colors and fabrics, you can customize the sofa to match your existing decor or make a bold statement with a new look.\n\nThe Macdoel Sofa is not only about style but also about practicality. The removable and washable cushion covers make maintenance a breeze, keeping your sofa looking fresh and inviting. Additionally, its modular design allows for flexible arrangement, so you can adapt the sofa to different layouts and needs.\n\nElevate your living space with the Macdoel Sofa, a 5-seater couch that offers the perfect combination of style, comfort, and functionality. Transform your living room into a haven of relaxation and sophistication with this exceptional piece of furniture.",85800.00,71500.00,50,0.0,0,,,,Delivery Charges Applicable,"[""cushion-sofas"",""sofa"",""living-room"",""best-offer""]",2026-03-16 21:07:39.309313+00,false,true,85800.00,12,Standard,0.00,,0,0,,false,true,30,,true,[],,,,,,1
1140,Carrick Sofa,carrick-sofa,133,34,"Introducing the Carrick Sofa, a stunning addition to your home that redefines living room furniture with its blend of classic elegance and modern comfort. This exquisite wooden sofa set for the living room is designed to serve as a sophisticated centerpiece, bringing warmth and style to any space.\n\nThe Carrick Sofa stands out as a top choice in sofa sets, thanks to its beautifully crafted wooden frame and plush seating. The frame, made from high-quality, solid wood, ensures both durability and a timeless appeal. Its rich, natural wood finish complements a range of interior styles, making it a versatile addition to any living room decor. The sofa's elegant design is enhanced by intricate woodwork, adding a touch of refinement that highlights its superior craftsmanship.\n\nAs a premium wooden sofa set for the living room, It offers ample seating space, accommodating family and friends with ease. Its spacious design ensures that everyone has a comfortable spot to relax, making it perfect for hosting gatherings or enjoying quiet moments at home. The sofa's cushions are upholstered in luxurious fabric, providing a soft and inviting seating experience. The combination of high-density foam padding and soft fabric ensures long-lasting comfort and support.\n\nBeyond its aesthetic appeal, It is designed with practical features that make it an ideal choice for any living room. The wooden frame is built to withstand daily use, offering a sturdy foundation that supports the sofa's structure. Additionally, the cushions are removable and easy to clean, allowing for hassle-free maintenance and longevity. The sofa's classic design integrates seamlessly into various decor styles, from traditional to contemporary, enhancing the overall ambiance of your living space.\n\nThe Carrick Sofa is more than just a piece of living room furniture; it is a statement of style and sophistication. Its combination of elegant woodwork, comfortable seating, and versatile design makes it an exceptional sofa set for any home. Whether you're updating your current living room decor or furnishing a new space, It provides a perfect blend of luxury and practicality.\n\nUpgrade your living room with the Carrick Sofa—a wooden sofa set that embodies timeless elegance and comfort, transforming your living area into a refined and inviting retreat.",72600.00,60500.00,50,0.0,0,,,,Delivery Charges Applicable,"[""3-1-1-sofas"",""sofa"",""living-room"",""best-offer""]",2026-03-16 21:07:42.989986+00,false,true,72600.00,12,Standard,0.00,,0,0,,false,true,30,,true,[],,,,,,1
1141,Mount Shasta Sofa,mount-shasta-sofa,133,34,"Introducing the Mount Shasta Sofa, a distinguished piece of living room furniture that combines classic charm with modern comfort. This wooden sofa set is designed to be the focal point of your living space, bringing a touch of elegance and a warm, inviting atmosphere to any room.\n\nThe Mount Shasta Sofa is a premier choice for those seeking a sophisticated sofa set for the living room. Its design showcases the timeless beauty of wood craftsmanship, with a sturdy wooden frame that provides both durability and a classic aesthetic. The rich, natural wood finish adds a touch of luxury and complements a variety of interior styles, from traditional to contemporary.\n\nThis wooden sofa set for the living room features a spacious seating arrangement, offering ample room for family and guests. With its generous dimensions, It ensures that everyone has a comfortable place to sit, making it perfect for both intimate gatherings and larger events. The sofa's plush cushions are upholstered in high-quality fabric, providing a soft and comfortable seating experience while maintaining the sofa's elegant appearance.\n\nIt stands out not only for its design but also for its practical features. The wooden frame is crafted from high-quality materials, ensuring long-lasting durability and stability. The sofa's cushions are designed for easy maintenance, with removable covers that can be cleaned to keep the sofa looking fresh and inviting. Additionally, the wooden armrests and legs provide added support and a classic touch that enhances the sofa's overall appeal.\n\nAs a sofa set for the living room, It offers both style and functionality. Its classic wooden design integrates seamlessly into various décor themes, making it a versatile choice for any home. Whether you're updating your current living room furniture or furnishing a new space, It adds a touch of sophistication and comfort that transforms your living area into a refined and welcoming space.\n\nElevate your living room with the Mount Shasta Sofa—a wooden sofa set that embodies the perfect blend of elegance, durability, and comfort. This exceptional sofa set is designed to enhance your living space, offering a timeless and stylish solution for all your seating needs.",102000.00,85000.00,50,0.0,0,,,,Delivery Charges Applicable,"[""3-1-1-sofas"",""sofa"",""living-room"",""best-offer""]",2026-03-16 21:07:45.850644+00,false,true,102000.00,12,Standard,0.00,,0,0,,false,true,30,,true,[],,,,,,1
1142,Montague Sofa,montague-sofa,133,34,"Introducing the Montague Sofa, a luxurious and versatile 5-seater couch designed to elevate your living room with both elegance and comfort. As a cornerstone of contemporary living room furniture, It combines sophisticated design with practical functionality to enhance your home's aesthetic appeal.\n\nThe Montague Sofa stands out as a premier 5-seater sofa set, offering ample seating space for family gatherings, entertaining guests, or simply relaxing after a long day. Its spacious design ensures that everyone has a cozy spot to sit, making it the perfect centerpiece for any living room arrangement. The sofa's plush cushions and supportive backrests provide exceptional comfort, inviting you to unwind and enjoy moments of leisure in style.\n\nCrafted with meticulous attention to detail, the Montague Sofa features a sturdy frame and high-quality upholstery that exude durability and luxury. Available in a variety of premium fabrics and colors, the sofa allows you to customize its appearance to complement your personal taste and existing decor seamlessly. Its sleek silhouette and contemporary accents add a touch of sophistication to any space, making it a versatile choice for modern living rooms.\n\nAs a 5-seater couch for the living room, It offers not only aesthetic appeal but also practical benefits. Its modular design facilitates easy arrangement, allowing you to adapt the sofa to different room layouts and seating preferences effortlessly. The cushions are filled with resilient foam for long-lasting support and comfort, ensuring that the sofa maintains its shape and resilience over time.\n\nBeyond its stylish appearance and comfort, the Montague Sofa is designed for convenience and ease of maintenance. The removable cushion covers are washable, making it simple to keep the sofa looking pristine and inviting. Whether you're hosting guests or enjoying quiet moments with family, It promises to enhance your living experience with its blend of elegance, comfort, and functionality.\n\nUpgrade your living room with the Montague Sofa—a distinguished 5-seater couch that embodies luxury and versatility, making it the perfect choice for those who appreciate both style and substance in their home decor. Transform your living space into a haven of comfort and sophistication with this exceptional piece of furniture.",72600.00,60500.00,50,0.0,0,,,,Delivery Charges Applicable,"[""cushion-sofas"",""sofa"",""living-room"",""best-offer""]",2026-03-16 21:07:49.44137+00,false,true,72600.00,12,Standard,0.00,,0,0,,false,true,30,,true,[],,,,,,1
1143,Grenada Sofa,grenada-sofa,133,34,"Introducing the Grenada Sofa, a sophisticated and versatile 5-seater couch designed to elevate your living room with both style and functionality. As a premier choice in living room furniture, this sofa set redefines comfort and elegance, offering a perfect blend of modern design and practical features.\n\nThe Grenada Sofa stands out as an exceptional 5-seater sofa set, providing ample seating for family and guests. Its spacious design ensures that everyone has a comfortable place to sit, making it ideal for both casual gatherings and formal entertaining. The sofa's generous dimensions make it a perfect addition to any living room, where it can serve as a central gathering point for socializing or relaxing.\n\nCrafted with high-quality materials, the Grenada Sofa features a durable frame and plush cushioning that ensure long-lasting comfort and support. The upholstery is available in a variety of luxurious fabrics and colors, allowing you to select a finish that complements your existing decor and personal style. The sofa's clean lines and elegant accents give it a modern aesthetic that enhances the overall ambiance of your living space.\n\nAs a 5-seater couch for the living room, the Grenada Sofa offers practical benefits beyond its stylish appearance. Its modular design allows for flexible arrangement, making it easy to adapt the sofa to different room layouts and seating needs. The cushions are filled with high-density foam, providing superior comfort and maintaining their shape over time. Additionally, the sofa is designed for easy maintenance, with removable and washable covers that help keep it looking fresh and new.\n\nThe Grenada Sofa is more than just a piece of living room furniture; it’s a statement of style and comfort. Its combination of elegant design and practical features makes it an ideal choice for anyone looking to enhance their living space with a touch of luxury. Whether you're upgrading your current decor or furnishing a new home, It provides the perfect blend of form and function.\n\nTransform your living room with the Grenada Sofa—where sophistication meets comfort in a 5-seater couch designed to create a welcoming and stylish environment.",81000.00,67500.00,50,0.0,0,,,,Delivery Charges Applicable,"[""cushion-sofas"",""sofa"",""living-room"",""best-offer""]",2026-03-16 21:07:52.619051+00,false,true,81000.00,12,Standard,0.00,,0,0,,false,true,30,,true,[],,,,,,1
1144,Weed Sofa,weed-sofa,133,34,"Introducing the Weed Sofa, an exquisite addition to any modern living space that redefines comfort and style. This luxurious 5-seater couch is designed to be the centerpiece of your living room, seamlessly combining elegance with functionality to enhance your home's ambiance.\n\nThe Weed Sofa stands out as a top choice in living room furniture, offering generous seating with its spacious 5-seater configuration. Whether you're hosting a lively gathering or enjoying a quiet evening with loved ones, this sofa set for the living room provides ample room for everyone to relax and enjoy. The thoughtful design ensures that each seat is comfortable and supportive, making it perfect for both entertaining guests and unwinding after a long day.\n\nCrafted with meticulous attention to detail, the Weed Sofa features a robust frame and plush cushions that deliver both durability and superior comfort. The sofa’s upholstery is available in a variety of high-quality fabrics and colors, allowing you to choose the perfect finish that complements your existing decor. Its modern design, characterized by clean lines and a sleek profile, makes it a versatile piece that fits effortlessly into any contemporary living room.\n\nAs a 5-seater sofa set, the Weed Sofa offers practical benefits beyond its stylish appearance. Its modular design allows for flexible arrangement, so you can adapt it to suit different room layouts and seating needs. The sofa's cushions are filled with high-density foam, ensuring that each seat retains its shape and comfort over time. Additionally, the removable and washable covers make it easy to maintain, keeping your sofa looking fresh and inviting for years to come.\n\nThe Weed Sofa is not just a piece of living room furniture; it's an investment in your home's comfort and style. Its generous size and elegant design make it an ideal choice for those seeking a luxurious yet functional sofa set for the living room. The Weed Sofa transforms your living area into a sophisticated and welcoming space where style meets practicality.\n\nUpgrade your living space with the Weed Sofa, the ultimate 5-seater couch that combines exceptional comfort, durability, and modern design to create the perfect living room centerpiece.",51600.00,43000.00,50,0.0,0,,,,Delivery Charges Applicable,"[""cushion-sofas"",""sofa"",""living-room"",""best-offer""]",2026-03-16 21:07:55.887401+00,false,true,51600.00,12,Standard,0.00,,0,0,,false,true,30,,true,[],,,,,,1
1145,Etna Sofa,etna-sofa,133,34,"Introducing the Etna Sofa, a sophisticated and versatile 5-seater couch designed to enhance your living room with both style and comfort. This exceptional piece of living room furniture is meticulously crafted to serve as the centerpiece of your home, combining modern aesthetics with practical functionality.\n\nAs a distinguished 5-seater sofa set, the Etna Sofa offers ample seating for family and friends, making it perfect for gatherings, movie nights, or quiet relaxation. Its spacious design ensures that everyone has a comfortable place to sit, transforming your living room into a welcoming space for socializing and unwinding. The Etna Sofa's elegant silhouette and plush cushions provide not just ample seating, but also a stylish touch that elevates the overall ambiance of your living area.\n\nThe Etna Sofa is designed with durability and comfort in mind. Constructed from high-quality materials, it features a sturdy frame and premium upholstery that withstands daily use while maintaining its luxurious appearance. The sofa’s cushions are filled with high-density foam, offering superior comfort and support. Available in a variety of rich fabrics and colors, the Etna Sofa can be customized to fit seamlessly with your existing decor, making it a versatile choice for any modern living room.\n\nThis 5-seater couch for the living room is not just about looks; it also boasts practical features that make it a functional addition to your home. The sofa's modular design allows for easy arrangement, so you can adapt it to different layouts and needs. Additionally, the Etna Sofa is easy to maintain, with removable and washable cushion covers that help keep it looking fresh and clean.\n\nWhether you're looking for a stylish upgrade to your current living room furniture or searching for the perfect sofa set for your living room, the Etna Sofa provides an unmatched combination of elegance and practicality. Its sophisticated design and comfortable seating make it an ideal choice for creating a cozy and inviting living space.\n\nElevate your living room with the Etna Sofa—where luxury meets functionality in a 5-seater couch that transforms your space into a haven of relaxation and style.",42000.00,35000.00,50,0.0,0,,,,Delivery Charges Applicable,"[""cushion-sofas"",""sofa"",""living-room"",""best-offer""]",2026-03-16 21:07:59.071047+00,false,true,42000.00,12,Standard,0.00,,0,0,,false,true,30,,true,[],,,,,,1
1146,Hornbrook Sofa,hornbrook-sofa,133,34,"Introducing the Hornbrook Sofa, a premium 5-seater couch designed to elevate the aesthetics and comfort of your living room. This luxurious sofa set is the perfect centerpiece for any stylish and functional living room furniture arrangement. With its spacious seating and sophisticated design, the Hornbrook Sofa brings both elegance and practicality to your home.\n\nThe Hornbrook Sofa stands out as an exceptional 5-seater sofa set, offering ample room for family and guests to relax in utmost comfort. Its generous dimensions ensure that everyone has a place to unwind, making it ideal for gatherings or quiet evenings at home. Whether you’re hosting a lively get-together or enjoying a movie night, this sofa set for the living room provides the perfect balance of style and functionality.\n\nCrafted with high-quality materials, the Hornbrook Sofa features a robust frame and plush cushioning that promise long-lasting durability and supreme comfort. The sofa's upholstery is available in a range of stylish fabrics and colors, allowing you to choose a finish that complements your existing decor. Its modern design, highlighted by clean lines and elegant accents, makes it a versatile addition to any contemporary living room.\n\nThe 5-seater couch for the living room is designed with practicality in mind. Its spacious seating arrangement ensures that there’s plenty of room for everyone to sit comfortably, while the sleek profile adds a touch of sophistication to your space. It is not only a visual delight but also a functional piece of living room furniture that supports a variety of uses, from casual lounging to formal entertaining.\n\nIn addition to its aesthetic appeal and comfort, It is designed for easy maintenance. The high-quality upholstery is easy to clean, ensuring that the sofa remains looking fresh and inviting for years to come. The cushions are removable and reversible, allowing you to maintain the sofa’s pristine appearance effortlessly.\n\nEnhance the charm and functionality of your living area with the Hornbrook Sofa, the ultimate 5-seater couch that blends style, comfort, and practicality seamlessly. This sofa set for the living room is more than just furniture; it’s a statement piece that transforms your space into a welcoming haven for all.",66000.00,55000.00,50,0.0,0,,,,Delivery Charges Applicable,"[""cushion-sofas"",""sofa"",""living-room"",""best-offer""]",2026-03-16 21:08:02.540569+00,false,true,66000.00,12,Standard,0.00,,0,0,,false,true,30,,true,[],,,,,,1
1147,Tennant Sofa,tennant-sofa,133,34,"Introducing the Tennant Sofa, a premium addition to your living room furniture that combines impeccable style with exceptional comfort. This sophisticated 5 seater sofa set is crafted to elevate the aesthetics and functionality of your living space, making it a perfect choice for modern homes.\n\nThe Tennant Sofa is designed as a generous 5 seater couch for living room use, offering ample seating that comfortably accommodates family and friends. Its spacious design ensures that everyone has plenty of room to relax, whether you’re hosting a lively gathering, enjoying a quiet evening with loved ones, or simply lounging after a long day. The thoughtful layout of this sofa set makes it an ideal centerpiece for any living room, enhancing both its style and utility.\n\nConstructed with the highest quality materials, It features luxurious upholstery that blends durability with elegance. The fabric selected for this sofa set is chosen for its plush texture and resilience, ensuring that the sofa maintains its refined appearance and comfort even with frequent use. Additionally, this upholstery is designed for ease of maintenance, allowing you to keep the sofa looking fresh and stylish with minimal effort. Available in a range of colors and textures, It offers flexibility in design, enabling you to select a finish that complements your existing decor and personal style.\n\nThe design of the Tennant Sofa is characterized by its clean lines and contemporary silhouette, which add a touch of modern sophistication to any living space. The sofa’s sleek profile is enhanced by meticulously crafted details such as plush cushions, supportive backrests, and elegant legs. These design elements not only enhance the visual appeal of the sofa but also ensure that it provides exceptional comfort and support. Whether your decor style is contemporary, transitional, or classic, It integrates seamlessly into your living room, elevating the space with its elegant presence.\n\nComfort is a standout feature of the Tennant Sofa. It is designed with high-density foam cushions and ergonomically designed backrests that offer superior relaxation. The plush seating invites you to unwind and enjoy quality time with family and friends, making the sofa an ideal spot for lounging, reading, or simply relaxing. The thoughtful design ensures that the Tennant Sofa delivers a comfortable seating experience, whether you’re enjoying a brief respite or spending an extended period.\n\nIn addition to its style and comfort, It is a practical choice for your living room furniture needs. Its robust construction and high-quality materials ensure long-lasting durability, making it a valuable investment for your home. The easy-to-clean fabric and sturdy build mean that this sofa set will continue to be a cherished part of your living space for years to come.\n\nIn summary, It is a luxurious 5 seater sofa set that perfectly blends style, comfort, and practicality. Its sophisticated design and high-quality construction make it an ideal choice for any living room, providing both elegance and functionality in one impressive package. Whether you’re updating your existing decor or starting anew, It is the perfect addition to elevate your living space.",57000.00,47500.00,50,0.0,0,,,,Delivery Charges Applicable,"[""cushion-sofas"",""sofa"",""living-room"",""best-offer""]",2026-03-16 21:08:05.720396+00,false,true,57000.00,12,Standard,0.00,,0,0,,false,true,30,,true,[],,,,,,1
1148,Edgewood Sofa,edgewood-sofa,133,34,"Introducing the Edgewood Sofa, a quintessential piece of living room furniture that seamlessly combines style, comfort, and functionality. This exceptional 5 seater sofa set is designed to be the centerpiece of your living space, offering both elegance and practicality for a variety of home settings.\n\nThe Edgewood Sofa is crafted as an expansive 5 seater couch for living room use, providing generous seating that comfortably accommodates family and guests. Its ample dimensions ensure that everyone has plenty of space to relax, making it perfect for entertaining guests, enjoying family movie nights, or simply unwinding after a long day. The spacious design of this sofa set makes it an ideal choice for any living room, enhancing both the style and functionality of the space.\n\nConstructed with high-quality materials, the Edgewood Sofa features premium upholstery that combines durability with a touch of luxury. The fabric selected for this sofa set is chosen for its soft texture and resilience, ensuring that the sofa maintains its sophisticated appearance even with frequent use. Additionally, the upholstery is designed to be easy to clean and maintain, allowing you to keep the sofa looking fresh and stylish with minimal effort. Available in a range of colors and textures, It provides the flexibility to choose a finish that complements your existing decor and personal taste.\n\nThe design of the Edgewood Sofa is marked by its sleek lines and modern silhouette, which add a touch of contemporary elegance to any living space. Its clean profile is enhanced by well-crafted details such as plush cushions, supportive backrests, and sturdy legs. These design elements not only enhance the sofa’s visual appeal but also ensure that it provides exceptional comfort and support. Whether your decor style is modern, transitional, or classic, It integrates seamlessly into your living room, elevating the space with its refined presence.\n\nComfort is a key feature of the Edgewood Sofa. It is designed with high-density foam cushions and ergonomically designed backrests that offer superior relaxation. The plush seating provides a soft and inviting experience, making it an ideal spot for lounging, reading, or spending quality time with loved ones. The thoughtful design ensures that the sofa delivers a comfortable seating experience, whether you’re enjoying a brief break or lounging for an extended period.\n\nIn addition to its style and comfort, It is a practical choice for your living room furniture needs. Its robust construction and high-quality materials ensure long-lasting durability, making it a valuable investment for your home. The easy-to-clean fabric and sturdy build mean that this sofa set will continue to be a cherished part of your living space for years to come.\n\nIn summary, the Edgewood Sofa is a luxurious 5 seater sofa set that offers the perfect combination of style, comfort, and practicality. Its sophisticated design and high-quality construction make it an ideal choice for any living room, providing both elegance and functionality in one impressive package. Whether you’re updating your existing decor or starting from scratch, It is the perfect addition to elevate your living space.",69000.00,57500.00,50,0.0,0,,,,Delivery Charges Applicable,"[""cushion-sofas"",""sofa"",""living-room"",""best-offer""]",2026-03-16 21:08:09.098789+00,false,true,69000.00,12,Standard,0.00,,0,0,,false,true,30,,true,[],,,,,,1
1149,Dunsmuir Sofa,dunsmuir-sofa,133,34,"Introducing the Dunsmuir Sofa, an exquisite addition to your living room furniture that marries classic elegance with modern comfort. This 5 seater sofa set is thoughtfully designed to elevate your living space, offering a perfect blend of style, durability, and functionality.\n\nThe Dunsmuir Sofa serves as an exceptional 5 seater couch for living room use, providing ample space for family and guests to relax. With its generous seating capacity, it is ideal for gatherings, movie nights, and leisurely lounging. The thoughtful design ensures that everyone has enough room to sit comfortably, making it an ideal centerpiece for a variety of occasions. Its substantial size and sophisticated style make the Dunsmuir Sofa a focal point in any living room, enhancing both its function and aesthetic appeal.\n\nConstructed with high-quality materials, the Dunsmuir Sofa features premium upholstery that combines durability with luxury. The fabric selected for this sofa set is not only soft and inviting but also designed to withstand the rigors of everyday use. This ensures that the sofa maintains its refined look and feel over time. Additionally, the upholstery is easy to clean and maintain, allowing you to keep the sofa looking pristine with minimal effort. It is available in a range of colors and textures, providing the flexibility to match your existing decor and personal style.\n\nThe design of the Dunsmuir Sofa is characterized by its elegant lines and timeless silhouette. The sofa’s modern yet classic profile is complemented by well-crafted details such as plush cushions, supportive backrests, and sturdy legs. These elements contribute to the sofa’s visual appeal and ensure that it offers exceptional comfort and support. Whether your living room features contemporary, traditional, or transitional decor, It integrates seamlessly into any style, enhancing the overall ambiance of the space.\n\nComfort is a key feature of the Dunsmuir Sofa. It is designed with high-density foam cushions and ergonomically designed backrests that provide superior relaxation. The plush seating invites you to unwind and enjoy quality time with family and friends, making the sofa an ideal spot for lounging, reading, or simply relaxing. The thoughtful design ensures that It delivers a comfortable seating experience, whether you are enjoying a brief respite or settling in for a longer period.\n\nIn addition to its style and comfort, It is a practical choice for your living room furniture needs. Its robust construction and high-quality materials ensure long-lasting durability, making it a valuable investment for your home. The easy-to-clean fabric and sturdy build ensure that this sofa set will remain a cherished part of your living space for years to come.\n\nIn summary, the Dunsmuir Sofa is a luxurious 5 seater sofa set that combines elegance, comfort, and practicality. Its sophisticated design and high-quality construction make it an ideal choice for any living room, providing both style and functionality in one impressive package. Whether you’re refreshing your existing decor or starting anew, It is the perfect addition to elevate your living space.",44200.00,36850.00,50,0.0,0,,,,Delivery Charges Applicable,"[""cushion-sofas"",""sofa"",""living-room"",""best-offer""]",2026-03-16 21:08:12.450086+00,false,true,44200.00,12,Standard,0.00,,0,0,,false,true,30,,true,[],,,,,,1
1150,McCloud Sofa,mccloud-sofa,133,34,"Introducing the McCloud Sofa, a distinguished addition to your living room furniture that combines modern elegance with unmatched comfort. This thoughtfully designed 5 seater sofa set is crafted to serve as the focal point of your living space, offering both style and practicality that enhances your home’s ambiance.\n\nThe McCloud Sofa stands out as an ideal 5 seater couch for living room use, providing ample seating that comfortably accommodates family and friends. Its generous dimensions ensure there is plenty of space for everyone to relax, making it perfect for a variety of occasions, from casual family gatherings and movie nights to more formal entertaining. The sofa’s design ensures that it not only fulfills your seating needs but also adds a sophisticated touch to your living room.\n\nConstructed with high-quality materials, It features premium upholstery that seamlessly blends durability with luxury. The fabric chosen for this sofa set is selected for its soft texture and durability, ensuring that the sofa retains its elegant appearance even with regular use. Additionally, this high-quality upholstery is designed to be easy to maintain, allowing you to keep the sofa looking fresh and stylish with minimal effort. Available in a variety of colors and textures, It offers the flexibility to choose a finish that complements your existing decor and personal style.\n\nThe design of the McCloud Sofa is characterized by its clean lines and contemporary silhouette, which add a touch of modern sophistication to any living space. Its sleek profile is enhanced by meticulously crafted details such as plush cushions, ergonomic backrests, and solid legs. These design elements not only enhance the visual appeal of the sofa but also ensure that it provides exceptional comfort and support. Whether your decor style is modern, transitional, or classic, It integrates seamlessly into your living room, elevating the space with its refined presence.\n\nComfort is a key feature of the McCloud Sofa. It is designed with high-density foam cushions and well-designed backrests that offer superior relaxation. The plush seating provides a soft and inviting experience, making the McCloud Sofa an ideal spot for lounging, reading, or spending quality time with loved ones. The careful design ensures that the sofa delivers a comfortable seating experience, whether you’re enjoying a short rest or lounging for an extended period.\n\nIn addition to its style and comfort, It is a practical choice for your living room furniture needs. Its robust construction and high-quality materials guarantee long-lasting durability, making it a valuable investment for your home. The easy-to-clean fabric and sturdy build ensure that this sofa set will continue to be a cherished part of your living space for years to come.\n\nIn summary, the McCloud Sofa is a luxurious 5 seater sofa set that offers a perfect blend of style, comfort, and practicality. Its sophisticated design and high-quality construction make it an ideal choice for any living room, providing both elegance and functionality in one impressive package. Whether you’re refreshing your current decor or starting from scratch, It is the perfect addition to elevate your living space.",55800.00,46500.00,50,0.0,0,,,,Delivery Charges Applicable,"[""cushion-sofas"",""sofa"",""living-room"",""best-offer""]",2026-03-16 21:08:15.44134+00,false,true,55800.00,12,Standard,0.00,,0,0,,false,true,30,,true,[],,,,,,1
1151,Tulelake Sofa,tulelake-sofa,133,34,"Introducing the Telulake Sofa, an elegant and versatile addition to your living room furniture collection. This exquisite 5 seater sofa set is designed to blend luxurious comfort with sophisticated style, making it an ideal choice for enhancing the ambiance of any living space.\n\nThe Telulake Sofa is expertly crafted as a spacious 5 seater couch for living room use, offering ample seating that comfortably accommodates family and friends. Its generous dimensions ensure that everyone has plenty of room to relax, whether you're hosting a lively gathering, enjoying a quiet evening with loved ones, or simply unwinding after a long day. The thoughtful design of this sofa set makes it not only a practical seating solution but also a stunning centerpiece for your living room.\n\nConstructed with high-quality materials, the Telulake Sofa features premium upholstery that combines durability with elegance. The fabric chosen for this sofa set is selected for its luxurious softness and long-lasting resilience, ensuring that the sofa maintains its refined appearance even with frequent use. This high-quality upholstery is also designed for ease of maintenance, allowing you to keep the sofa looking pristine and stylish with minimal effort. Available in a variety of colors and textures, It offers flexibility in design, enabling you to choose a finish that complements your existing decor and personal style.\n\nThe design of this Sofa is characterized by its sleek lines and contemporary silhouette, adding a touch of sophistication to any living space. Its modern profile is enhanced by well-crafted details such as plush cushions, supportive backrests, and elegant legs. These design elements not only contribute to the sofa’s visual appeal but also ensure that it provides exceptional comfort and support. Whether your decor style is contemporary, transitional, or classic, It integrates seamlessly into your living room, enhancing the space with its elegant presence.\n\nComfort is a primary feature of the Telulake Sofa. It is designed with high-density foam cushions and ergonomically designed backrests that offer superior relaxation. The plush seating provides a soft and inviting experience, making it an ideal spot for lounging, reading, or spending quality time with loved ones. The careful design ensures that the sofa delivers a comfortable seating experience, whether you're enjoying a brief respite or lounging for an extended period.\n\nIn addition to its style and comfort, It is a practical choice for your living room furniture needs. Its robust construction and high-quality materials ensure long-lasting durability, making it a valuable investment for your home. The easy-to-clean fabric and sturdy build mean that this sofa set will remain a cherished part of your living space for years to come.\n\nIn summary, the Telulake Sofa is a luxurious 5 seater sofa set that offers an exceptional blend of style, comfort, and practicality. Its sophisticated design and high-quality construction make it an ideal choice for any living room, providing both elegance and functionality in one impressive package. Whether you’re refreshing your current decor or starting from scratch, It is the perfect addition to elevate your living space.",63600.00,53000.00,50,0.0,0,,,,Delivery Charges Applicable,"[""cushion-sofas"",""sofa"",""living-room"",""best-offer""]",2026-03-16 21:08:18.719859+00,false,true,63600.00,12,Standard,0.00,,0,0,,false,true,30,,true,[],,,,,,1
1152,Gazelle Sofa,gazelle-sofa,133,34,"Introducing the Gazella Sofa, a perfect blend of sophistication and comfort designed to elevate your living room furniture. This remarkable 5 seater sofa set is meticulously crafted to enhance both the functionality and aesthetic appeal of your living space, making it an ideal choice for those who seek both style and practicality.\n\nThe Gazella Sofa is engineered to serve as a spacious 5 seater couch for living room use, providing ample seating for family and guests. Its generous size ensures that everyone has sufficient room to sit comfortably, making it perfect for hosting social gatherings, enjoying family movie nights, or simply relaxing after a busy day. The thoughtfully designed layout of the Gazella Sofa ensures that it not only meets your seating needs but also acts as a stunning focal point in your living room.\n\nConstructed with high-quality materials, the Gazella Sofa features premium upholstery that combines durability with elegance. The fabric chosen for this sofa set is selected for its softness and resilience, ensuring that the sofa maintains its luxurious look and feel even with frequent use. This high-quality upholstery is also designed for easy maintenance, allowing you to keep the sofa looking fresh and stylish with minimal effort. Available in a range of colors and textures, It allows you to select a finish that complements your existing decor and personal taste.\n\nThe design of this sofa is characterized by its clean lines and modern silhouette, which contribute to its overall sophistication. The sleek profile is complemented by well-crafted details such as plush cushions, ergonomic backrests, and sturdy legs. These design elements not only enhance the sofa’s visual appeal but also ensure that it provides exceptional support and comfort. Whether your decor style is contemporary, traditional, or transitional, It integrates seamlessly into your living room, adding a refined touch to your space.\n\nComfort is a primary feature of the Gazella Sofa. It is designed with high-density foam cushions and ergonomically designed backrests that offer superior relaxation. The plush seating provides a soft and inviting experience, making it an ideal spot for lounging, reading, or spending quality time with loved ones. The thoughtful design ensures that the sofa delivers a comfortable seating experience, whether you’re enjoying a short break or lounging for extended periods.\n\nIn addition to its stylish design and exceptional comfort, It is a practical choice for your living room furniture needs. Its robust construction and high-quality materials guarantee durability, making it a valuable investment for your home. The easy-to-clean fabric and sturdy build ensure that this sofa set will remain a cherished part of your living space for years to come.\n\nIn summary, the Gazella Sofa is a luxurious 5 seater sofa set that perfectly blends style, comfort, and practicality. Its sophisticated design and high-quality construction make it an ideal choice for any living room, offering both elegance and functionality in a single, impressive package. Whether you’re updating your current decor or starting anew, It is the perfect addition to elevate your living space.",55800.00,46500.00,50,0.0,0,,,,Delivery Charges Applicable,"[""cushion-sofas"",""sofa"",""living-room"",""best-offer""]",2026-03-16 21:08:21.849274+00,false,true,55800.00,12,Standard,0.00,,0,0,,false,true,30,,true,[],,,,,,1
1153,Mount Hebron Sofa,mount-hebron-sofa,133,34,"Introducing the Mount Hebron Sofa, a sophisticated and versatile addition to your living room furniture collection that epitomizes both style and comfort. This elegantly designed 5 seater sofa set is crafted to serve as a stunning centerpiece in your living space, offering an exceptional blend of luxury, durability, and functionality.\n\nThe Mount Hebron Sofa is designed as a spacious 5 seater couch for living room use, ensuring ample seating for family and friends. Its generous dimensions provide ample space for everyone to sit comfortably, making it ideal for hosting gatherings, enjoying movie nights, or simply unwinding after a long day. The sofa’s design ensures that it not only meets your practical needs but also enhances the overall aesthetic appeal of your living room.\n\nConstructed with high-quality materials, the Mount Hebron Sofa features premium upholstery that combines elegance with durability. The fabric chosen for this sofa set is selected for its softness and resilience, ensuring that the sofa retains its luxurious appearance even with regular use. This high-quality upholstery is also designed for ease of maintenance, allowing you to keep the sofa looking pristine with minimal effort. Available in a variety of colors and textures, It allows you to choose a finish that complements your existing decor and personal style.\n\nThe design of the Mount Hebron Sofa is marked by its clean lines and contemporary silhouette, which add a touch of sophistication to any living space. Its sleek profile is complemented by carefully crafted details such as plush cushions, supportive backrests, and elegantly tapered legs. These design elements contribute to the sofa’s visual appeal while providing exceptional comfort and support. Whether your decor is modern, traditional, or transitional, It integrates seamlessly into your living room, enhancing the space with its refined presence.\n\nComfort is a key feature of the Mount Hebron Sofa. It is designed with high-density foam cushions and ergonomically designed backrests that offer superior relaxation. The plush seating provides a soft and inviting experience, making It an ideal spot for lounging, reading, or spending quality time with loved ones. The thoughtful design ensures that the sofa delivers a comfortable seating experience, whether you’re enjoying a short break or lounging for an extended period.\n\nIn addition to its style and comfort, It is a practical choice for your living room furniture needs. Its robust construction and high-quality materials ensure long-lasting durability, making it a valuable investment for your home. The easy-to-clean fabric and sturdy build mean that this sofa set will remain a cherished part of your living space for years to come.\n\nIn summary, It is a luxurious 5 seater sofa set that offers the perfect blend of style, comfort, and practicality. Its sophisticated design and high-quality construction make it an excellent choice for any living room, providing both elegance and functionality in one impressive package. Whether you’re enhancing your current decor or starting fresh, the Mount Hebron Sofa is the ideal addition to elevate your living space.",51000.00,42500.00,50,0.0,0,,,,Delivery Charges Applicable,"[""cushion-sofas"",""sofa"",""living-room"",""best-offer""]",2026-03-16 21:08:24.869987+00,false,true,51000.00,12,Standard,0.00,,0,0,,false,true,30,,true,[],,,,,,1
1154,Downieville Sofa,downieville-sofa,133,34,"Introducing the Downieville Sofa, a striking addition to your living room furniture that brings together modern design and exceptional comfort. This outstanding 5 seater sofa set is crafted to serve as the centerpiece of your living space, offering both style and practicality that enhances the overall ambiance of your home.\n\nThe Downieville Sofa is designed as a spacious 5 seater couch for living room use, providing ample seating that comfortably accommodates family and guests. Its generous dimensions ensure that everyone has enough room to sit comfortably, making it perfect for hosting gatherings, enjoying movie nights, or simply relaxing after a long day. The thoughtful design of this sofa set ensures that it not only meets your seating needs but also enhances the aesthetic appeal of your living room.\n\nConstructed with high-quality materials, It features premium upholstery that blends luxury with durability. The fabric chosen for this sofa set is selected for its soft texture and resilience, ensuring that the sofa remains in excellent condition even with regular use. This high-quality upholstery also makes the sofa easy to maintain and clean, allowing you to keep it looking fresh and elegant with minimal effort. Available in a variety of colors and textures, It allows you to select a finish that complements your existing decor and personal style.\n\nThe design of this sofa is marked by its clean lines and contemporary silhouette, which add a touch of sophistication to any living space. Its modern profile is enhanced by well-crafted details such as plush cushions, supportive backrests, and sturdy legs. These design elements not only contribute to the sofa’s visual appeal but also ensure that it provides exceptional support and comfort. Whether your decor is modern, transitional, or traditional, It integrates seamlessly into your living room, adding a refined touch to your home.\n\nComfort is a key feature of the Downieville Sofa. It is designed with high-density foam cushions and ergonomic backrests that offer superior relaxation. The plush seating provides a soft and inviting experience, making the Downieville Sofa an ideal spot for lounging, reading, or spending quality time with loved ones. The thoughtful design ensures that the sofa delivers a comfortable seating experience, whether you’re enjoying a brief rest or lounging for extended periods.\n\nIn addition to its style and comfort, It is a practical choice for your living room furniture needs. Its robust construction and high-quality materials guarantee durability, making it a valuable investment for your home. The easy-to-clean fabric and sturdy build mean that this sofa set will continue to be a cherished part of your living space for years to come.\n\nIn summary, the Downieville Sofa is a luxurious 5 seater sofa set that perfectly combines style, comfort, and practicality. Its sophisticated design and high-quality construction make it an ideal choice for any living room, offering both elegance and functionality in a single, impressive package. Whether you’re updating your current decor or starting from scratch, It is the perfect addition to elevate your living space.",50400.00,42000.00,50,0.0,0,,,,Delivery Charges Applicable,"[""cushion-sofas"",""sofa"",""living-room"",""best-offer""]",2026-03-16 21:08:28.040196+00,false,true,50400.00,12,Standard,0.00,,0,0,,false,true,30,,true,[],,,,,,1
1155,Alleghany Sofa,alleghany-sofa,133,34,"Introducing the Alleghany Sofa, a distinguished addition to any living room furniture collection that perfectly balances style, comfort, and functionality. This impressive 5 seater sofa set is meticulously designed to elevate your living space with its elegant aesthetics and practical features, making it an ideal choice for enhancing your home’s decor.\n\nIt stands out as a premier 5 seater couch for living room use, offering generous seating capacity that accommodates family and friends with ease. Its spacious design ensures ample room for everyone to sit comfortably, making it perfect for both casual gatherings and formal events. Whether you're hosting a lively get-together, enjoying a movie night, or simply relaxing after a busy day, It provides a cozy and inviting setting that enhances the ambiance of your living room.\n\nCrafted with high-quality materials, It features premium upholstery that combines luxury with durability. The fabric selected for this sofa set is chosen for its softness and resilience, ensuring that the sofa remains in excellent condition even with regular use. This high-quality upholstery not only adds a touch of sophistication to your living room but also makes the sofa easy to maintain and clean. Available in a range of colors and textures, It allows you to choose a finish that complements your existing decor and personal style.\n\nThe design of the Alleghany Sofa is characterized by its sleek lines and modern silhouette, which contribute to its overall elegance. Its minimalist profile is complemented by thoughtful details such as plush cushions, supportive backrests, and sturdy legs. These design elements not only enhance the sofa’s visual appeal but also provide exceptional comfort and support. The sophisticated design of the Alleghany Sofa ensures that it fits seamlessly into various interior styles, from contemporary to traditional, adding a refined touch to your living room.\n\nComfort is a key feature of the Alleghany Sofa. It is designed with high-density foam cushions and ergonomic backrests that offer superior relaxation. The plush seating provides a soft and inviting experience, making the Alleghany Sofa an ideal spot for lounging, reading, or spending quality time with loved ones. The careful design ensures that the sofa delivers a comfortable seating experience, whether you’re enjoying a short rest or lounging for extended periods.\n\nIn addition to its style and comfort, It is a practical choice for your living room furniture needs. Its robust construction and high-quality materials guarantee durability, making it a valuable investment for your home. The easy-to-clean fabric and sturdy build mean that this sofa set will continue to be a cherished part of your living space for years to come.\n\nIn summary, It is a luxurious 5 seater sofa set that offers a perfect blend of style, comfort, and practicality. Its sophisticated design and high-quality construction make it an ideal choice for any living room, providing both elegance and functionality in one impressive package. Whether you’re updating your current decor or starting anew, the Alleghany Sofa is the perfect addition to elevate your living space.",49200.00,41000.00,50,0.0,0,,,,Delivery Charges Applicable,"[""cushion-sofas"",""sofa"",""living-room"",""best-offer""]",2026-03-16 21:08:31.210049+00,false,true,49200.00,12,Standard,0.00,,0,0,,false,true,30,,true,[],,,,,,1
1156,Verdi Sofa,verdi-sofa,133,34,"Introducing the Verdi Sofa, an exceptional choice for elevating your living room furniture with unparalleled style and comfort. This exquisite 5 seater sofa set is meticulously designed to be the centerpiece of your living space, blending modern aesthetics with practical functionality.\n\nThe Verdi Sofa stands out as a premier 5 seater couch for living room use, offering generous seating that comfortably accommodates family and friends. Its expansive design ensures ample space for everyone to sit and relax, making it perfect for hosting gatherings, enjoying family movie nights, or simply unwinding after a long day. The thoughtful layout of the Verdi Sofa means that it provides not only a luxurious seating experience but also a sophisticated focal point in your living room.\n\nCrafted with high-quality materials, the Verdi Sofa features premium upholstery that combines both durability and elegance. The fabric selected for this sofa set is chosen for its softness and resilience, ensuring that the sofa maintains its refined appearance even with frequent use. This high-quality upholstery is also designed for easy maintenance, allowing you to keep the sofa looking fresh and stylish with minimal effort. Available in a variety of colors and textures, It can seamlessly integrate into different decor styles, enhancing the overall look of your living space.\n\nThe design of the Verdi Sofa is characterized by its clean lines and modern silhouette, which adds a touch of sophistication to any room. Its sleek profile is complemented by well-crafted details such as plush cushions, supportive backrests, and sturdy legs. These design elements not only contribute to the sofa’s aesthetic appeal but also ensure that it delivers exceptional comfort and support. Whether your decor is contemporary, transitional, or classic, It fits seamlessly into your living room, enhancing the space with its elegant presence.\n\nComfort is a key feature of the Verdi Sofa. Designed with high-density foam cushions and ergonomically designed backrests, the sofa offers superior relaxation. The plush seating provides a soft and inviting experience, making It an ideal spot for lounging, reading, or spending quality time with loved ones. The thoughtful design ensures that the sofa delivers a comfortable seating experience, whether you’re spending a few hours or an entire day on it.\n\nIn addition to its style and comfort, It is a practical choice for your living room furniture needs. Its robust construction and high-quality materials ensure long-lasting durability, making it a valuable investment for your home. The easy-to-clean fabric and sturdy build mean that this sofa set will continue to be a cherished part of your living space for years to come.\n\nIn summary, It is a luxurious 5 seater sofa set that offers a perfect blend of style, comfort, and practicality. Its sophisticated design and high-quality construction make it an ideal choice for any living room, providing both elegance and functionality in one impressive package. Whether you’re enhancing your existing decor or starting fresh, It is the perfect addition to elevate your living space.",72600.00,60500.00,50,0.0,0,,,,Delivery Charges Applicable,"[""cushion-sofas"",""sofa"",""living-room"",""best-offer""]",2026-03-16 21:08:34.289031+00,false,true,72600.00,12,Standard,0.00,,0,0,,false,true,30,,true,[],,,,,,1
1157,Sierra Sofa,sierra-sofa,133,34,"Introducing the Sierra Sofa, a sophisticated and versatile addition to your living room furniture collection. Designed with elegance and practicality in mind, this exceptional 5 seater sofa set is crafted to enhance your living space with both style and comfort.\n\nThe Sierra Sofa is expertly designed as a spacious 5 seater couch for living room use, making it ideal for accommodating family and friends. Its generous size ensures ample seating capacity, allowing you to host gatherings, movie nights, or enjoy casual family time in comfort. The thoughtful design of the Sierra Sofa means that it not only provides a cozy and inviting space but also serves as a striking centerpiece in your living room.\n\nUpholstered in premium fabric, It showcases a refined appearance while ensuring long-lasting durability. The fabric chosen for this sofa set is selected for its luxurious feel and resilience, ensuring that the sofa remains in excellent condition even with regular use. This high-quality upholstery is also designed to be easy to clean and maintain, helping to keep your sofa looking fresh and elegant with minimal effort. Available in a variety of colors and textures, It allows you to select a finish that complements your existing decor and enhances your living room’s aesthetic.\n\nThe design of the Sierra Sofa features clean lines and a modern silhouette, making it a versatile choice for a range of interior styles. Its sleek profile is complemented by well-crafted details such as plush cushions, supportive backrests, and sturdy legs. These design elements not only contribute to the sofa’s overall visual appeal but also ensure that it provides exceptional support and comfort.\n\nComfort is a key feature of the Sierra Sofa. Designed with high-density foam cushions and ergonomic backrests, the sofa offers superior relaxation. The plush seating provides a soft and inviting experience, making the Sierra Sofa perfect for lounging, reading, or spending time with loved ones. The sofa’s design ensures that it delivers a comfortable seating experience, whether you’re sitting for a short period or enjoying extended relaxation.\n\nIn addition to its stylish design and comfort, It is a practical choice for your living room furniture needs. Its robust construction and high-quality materials guarantee durability, making it a smart investment for your home. The easy-to-maintain fabric and sturdy build ensure that the Sierra Sofa will remain a cherished part of your living space for years to come.\n\nIn summary, It is a luxurious 5 seater sofa set that perfectly blends style, comfort, and functionality. Its sophisticated design and high-quality construction make it an ideal choice for any living room, offering both elegance and practicality in a single, impressive package. Whether you’re enhancing your current decor or starting anew, It is the perfect addition to elevate your living space.",55200.00,46000.00,50,0.0,0,,,,Delivery Charges Applicable,"[""cushion-sofas"",""sofa"",""living-room"",""best-offer""]",2026-03-16 21:08:37.358863+00,false,true,55200.00,12,Standard,0.00,,0,0,,false,true,30,,true,[],,,,,,1
1158,Calpine Sofa,calpine-sofa,133,34,"Introducing the Calpine Sofa, a stunning addition to any living room that seamlessly combines elegance, comfort, and functionality. This exceptional 5 seater sofa set is designed to be the centerpiece of your home, offering a sophisticated look and practical features that enhance your living space.\n\nIt is crafted as a spacious 5 seater couch for living room use, making it perfect for accommodating family and friends. Its generous seating capacity ensures that everyone has ample room to relax and enjoy. Whether you’re hosting a lively gathering, having a cozy movie night, or simply unwinding after a busy day, It provides a welcoming and comfortable space for all. The thoughtful design ensures that the sofa set not only meets your seating needs but also adds to the overall ambiance of your living room.\n\nUpholstered in high-quality fabric, It exudes both luxury and durability. The fabric chosen for this sofa set is selected for its softness and resilience, ensuring that the sofa maintains its elegance and functionality over time. The upholstery is designed to be easy to clean and maintain, which means you can keep your sofa looking pristine with minimal effort. Available in a range of colors and textures, It allows you to select a finish that complements your existing decor and personal style.\n\nThe design of the Calpine Sofa is characterized by its clean lines and modern silhouette, which add a touch of sophistication to any living space. Its sleek profile is complemented by carefully crafted details such as plush cushions, supportive backrests, and elegant legs. These elements contribute to the overall aesthetic of the sofa while providing exceptional support and comfort. The sofa’s minimalist design ensures that it fits seamlessly into a variety of interior styles, enhancing the look of your living room.\n\nComfort is a key feature of the Calpine Sofa. The sofa is designed with high-density foam cushions and ergonomic backrests that offer superior relaxation. The plush seating provides a soft and inviting experience, making it an ideal spot for lounging, reading, or spending time with loved ones. The thoughtful design ensures that sofa delivers an optimal seating experience, whether you’re sitting for a few hours or an entire day.\n\nIn addition to its style and comfort, It is a practical choice for your living room furniture needs. Its robust construction and high-quality materials ensure long-lasting durability, making it a valuable investment for your home. The easy-to-maintain fabric and sturdy build mean that this sofa set will continue to be a cherished part of your living space for years to come.\n\nIn summary, It is a luxurious 5 seater sofa set that offers a perfect blend of style, comfort, and practicality. Its sophisticated design and high-quality construction make it an ideal choice for any living room, providing both elegance and functionality in one impressive package.",59400.00,49500.00,50,0.0,0,,,,Delivery Charges Applicable,"[""cushion-sofas"",""sofa"",""living-room"",""best-offer""]",2026-03-16 21:08:40.429609+00,false,true,59400.00,12,Standard,0.00,,0,0,,false,true,30,,true,[],,,,,,1
1159,Pike Sofa,pike-sofa,133,34,"Introducing the Pike Sofa, a remarkable addition to your living room furniture collection that embodies both style and comfort. As a premier 5 seater sofa set, It is designed to elevate your home with its sophisticated design and practical features, making it an ideal choice for a variety of living spaces.\n\nThe Pike Sofa, designed as a spacious 5 seater couch for living room use, offers generous seating capacity that accommodates family and friends with ease. Its ample size ensures that everyone has a comfortable place to sit, making it perfect for hosting gatherings, movie nights, or simply unwinding after a busy day. The sofa’s expansive seating arrangement provides a cozy and inviting atmosphere, enhancing your living room’s functionality and appeal.\n\nUpholstered in premium fabric, It showcases a luxurious appearance while ensuring durability and ease of maintenance. The high-quality fabric is selected for its soft texture and resilience, which helps the sofa maintain its elegant look despite regular use. This choice of upholstery not only adds a touch of refinement to your living room but also makes the sofa set easy to clean and care for, ensuring long-lasting beauty and practicality.\n\nThe design of the Pike Sofa is marked by its clean lines and contemporary silhouette, offering a modern touch that complements various interior styles. The sofa features a sleek profile with well-crafted details such as plush cushions, supportive backrests, and sturdy legs. These design elements contribute to the overall aesthetic of the sofa while providing exceptional support and comfort. Whether your decor is modern, traditional, or somewhere in between, It fits seamlessly into your living room, enhancing the space with its stylish presence.\n\nComfort is a key feature of the Pike Sofa, with high-density foam cushions and ergonomic backrests designed to offer superior relaxation. The sofa’s plush seating provides a soft and inviting place to sit, making it ideal for lounging, reading, or enjoying time with loved ones. The thoughtful design ensures that the Pike Sofa delivers an optimal seating experience, whether you’re spending a few hours or an entire day on it.\n\nIn addition to its style and comfort, It is a practical choice for your living room furniture needs. Its robust construction and high-quality materials guarantee durability and longevity, making it a smart investment for your home. The easy-to-maintain fabric and sturdy build ensure that the sofa will remain a cherished part of your living space for years to come.\n\nIn summary, the Pike Sofa is a luxurious 5 seater sofa set that combines style, comfort, and functionality. Its elegant design and high-quality construction make it a standout choice for any living room, offering both sophistication and practicality in one impressive package.",66000.00,55000.00,50,0.0,0,,,,Delivery Charges Applicable,"[""cushion-sofas"",""sofa"",""living-room"",""best-offer""]",2026-03-16 21:08:43.397807+00,false,true,66000.00,12,Standard,0.00,,0,0,,false,true,30,,true,[],,,,,,1
1160,Loyalton Sofa,loyalton-sofa,133,34,"The Loyalton Sofa is an exceptional choice for anyone looking to enhance their living room with a perfect blend of comfort, style, and durability. As a standout piece of living room furniture, this 5 seater sofa set offers a sophisticated design and practical features that make it an ideal addition to any home.\n\nDesigned as a spacious 5 seater couch for living room use, It provides ample seating for family and friends. Its generous dimensions make it an excellent choice for gatherings, whether you’re hosting a lively party or enjoying a quiet evening at home. The sofa’s size ensures that everyone can sit comfortably, while its plush cushions and supportive backrests offer a cozy and inviting experience.\n\nUpholstered in high-quality fabric, the Loyalton Sofa combines elegance with durability. The fabric chosen for this sofa set is selected for its luxurious feel and resilience, ensuring that the sofa remains in pristine condition even with regular use. The upholstery is designed to be easy to clean and maintain, allowing you to keep your living room furniture looking fresh and stylish over time. Available in a variety of colors and textures, It can seamlessly integrate with different decor styles, making it a versatile addition to your home.\n\nThe design of the Loyalton Sofa features clean lines and a modern silhouette, which adds a touch of sophistication to your living space. The sofa’s minimalist profile is complemented by thoughtful details such as refined stitching and sturdy legs, enhancing both its aesthetic appeal and structural integrity. Whether your living room decor is contemporary, transitional, or classic, It enhances the overall look with its elegant presence.\n\nComfort is at the heart of the Loyalton Sofa’s design. The sofa is engineered with high-density foam cushions and ergonomically designed backrests, providing excellent support and comfort. The cushioned seats offer a plush and relaxing seating experience, making the Loyalton Sofa a perfect spot for lounging, reading, or spending time with loved ones.\n\nIn addition to its style and comfort, the Loyalton Sofa is built to last. Its robust construction and high-quality materials ensure long-term durability, making it a wise investment for your living room furniture collection. The easy-to-clean fabric and sturdy build mean that the sofa will remain a cherished piece of furniture for years to come.\n\nIn summary, the Loyalton Sofa is a luxurious 5 seater sofa set that combines style, comfort, and durability. Its elegant design and high-quality construction make it a standout choice for any living room, offering both sophistication and functionality in one impressive package.",66000.00,55000.00,50,0.0,0,,,,Delivery Charges Applicable,"[""cushion-sofas"",""sofa"",""living-room"",""best-offer""]",2026-03-16 21:08:46.481049+00,false,true,66000.00,12,Standard,0.00,,0,0,,false,true,30,,true,[],,,,,,1
1161,Sierraville Sofa,sierraville-sofa,133,34,"Introducing the Sierraville Sofa, a sophisticated and versatile addition to your living room furniture collection. This elegant 5 seater sofa set is designed to enhance both the style and comfort of your living space, making it a perfect choice for those seeking a blend of luxury and practicality.\n\nThe Sierraville Sofa stands out as a premier 5 seater couch for living room use, offering ample seating space for family and friends. Its generous size ensures that everyone has plenty of room to sit comfortably, whether you're hosting a casual get-together, enjoying a family movie night, or simply relaxing after a long day. The spacious design makes it an ideal choice for various gatherings, providing a cozy and inviting atmosphere for all.\n\nCrafted with high-quality materials, It features a premium upholstery that combines both style and durability. The fabric chosen for this sofa set is selected for its softness and resilience, ensuring a luxurious feel and long-lasting performance. This high-quality upholstery not only enhances the visual appeal of the sofa but also makes it easy to maintain and clean, allowing you to keep your sofa set looking pristine with minimal effort.\n\nThe design of the Sierraville Sofa is marked by its classic and timeless aesthetics. With clean lines, elegant stitching, and a refined silhouette, this sofa set integrates seamlessly with various interior styles, from contemporary to traditional. The sleek profile and sophisticated details add a touch of elegance to your living room, making it a focal point of your home decor.\n\nComfort is a key feature of the Sierraville Sofa. It is designed with plush cushions and supportive backrests that provide exceptional comfort for extended periods. The high-density foam padding ensures a soft and inviting seating experience, making the Sierraville Sofa an ideal spot for lounging, reading, or entertaining guests.\n\nIn addition to its style and comfort, It is a practical choice for your living room furniture needs. The robust construction and high-quality materials ensure durability and longevity, making it a valuable investment for your home. The easy-to-clean fabric and sturdy build mean that this sofa set will remain a cherished piece of furniture for years to come.\n\nIn summary, It is a luxurious 5 seater sofa set that combines elegance, comfort, and durability. Its sophisticated design and high-quality materials make it an excellent choice for any living room, offering both style and functionality in a single, impressive package. Whether you're enhancing your current decor or starting anew, It is the perfect addition to elevate your living space.",61200.00,51000.00,50,0.0,0,,,,Delivery Charges Applicable,"[""cushion-sofas"",""sofa"",""living-room"",""best-offer""]",2026-03-16 21:08:49.749211+00,false,true,61200.00,12,Standard,0.00,,0,0,,false,true,30,,true,[],,,,,,1
1162,Shasta Sofa,shasta-sofa,133,34,"Introducing the Shasta Sofa, an outstanding piece of living room furniture designed to bring both elegance and comfort to your home. This luxurious 5 seater sofa set is crafted to be the centerpiece of your living room, offering a blend of sophisticated style and practical functionality. The Shasta Sofa is the perfect 5 seater couch for living room use, designed to cater to your seating needs while enhancing the overall ambiance of your space.\n\nIt is designed with a focus on spaciousness and comfort. As a 5 seater couch, it provides ample room for family and friends to gather, making it ideal for both intimate gatherings and larger social events. The sofa's generous dimensions ensure that everyone has plenty of room to sit comfortably, making it a versatile choice for various occasions. Whether you're hosting a party or enjoying a quiet evening at home, It is designed to accommodate your needs with ease.\n\nUpholstered in premium fabric, the Shasta Sofa exudes luxury and durability. The fabric is selected for its soft texture and long-lasting quality, ensuring that the sofa not only looks sophisticated but also feels comfortable to sit on. The high-quality upholstery is resistant to wear and tear, making it an excellent choice for high-traffic areas. Additionally, the fabric is easy to clean and maintain, helping to keep your sofa set looking pristine over time.\n\nThe design of the Shasta Sofa incorporates clean lines and a modern aesthetic, making it a versatile addition to any living room decor. The sofa features a minimalist silhouette with subtle yet elegant details, such as plush cushions and refined stitching. These design elements contribute to the sofa's overall charm while ensuring that it seamlessly integrates with various interior styles.\n\nComfort is a key feature of the Shasta Sofa. The sofa is designed with high-density foam cushions and supportive backrests that offer exceptional comfort for extended periods. Whether you're lounging with a book, watching TV, or entertaining guests, It provides a comfortable and supportive seating experience.\n\nIn addition to its stylish design and comfort, It is also a practical choice for your living room furniture collection. Its sturdy construction and high-quality materials ensure durability, making it a worthwhile investment for your home. The sofa's easy-to-clean fabric and robust build mean that it will continue to be a beloved piece in your living space for years to come.\n\nIn summary, the Shasta Sofa is a luxurious 5 seater sofa set that combines style, comfort, and practicality. Its sophisticated design and high-quality materials make it an ideal choice for any living room, offering both elegance and functionality in a single, impressive package.",61200.00,51000.00,50,0.0,0,,,,Delivery Charges Applicable,"[""cushion-sofas"",""sofa"",""living-room"",""best-offer""]",2026-03-16 21:08:52.610568+00,false,true,61200.00,12,Standard,0.00,,0,0,,false,true,30,,true,[],,,,,,1
1163,Lyka Sofa,lyka-sofa,133,34,"The Lyka Sofa is the epitome of elegance and comfort, designed to enhance any living space with its blend of sophistication and functionality. As a premier piece of living room furniture, It provides a stylish solution to your seating needs, combining both luxury and practicality in a 5 seater sofa set.\n\nThis exceptional 5 seater couch for living room use is crafted to be the centerpiece of your home, offering ample seating for family gatherings, social events, or relaxing evenings. Its spacious design ensures that everyone can enjoy a comfortable spot, making it ideal for both casual lounging and entertaining guests. The generous size of this Sofa accommodates multiple people with ease, allowing for a cozy and inviting atmosphere.\n\nUpholstered in high-quality fabric, It exudes a refined look while providing superior durability. The choice of fabric not only enhances the sofa’s visual appeal but also ensures a soft, luxurious feel against the skin. This premium upholstery is designed to withstand everyday use while being easy to clean and maintain, ensuring that your sofa set retains its beauty over time.\n\nThe design of the Lyka Sofa is characterized by its clean lines and modern silhouette, making it a versatile addition to various interior styles. Whether your decor is contemporary, transitional, or classic, It complements and elevates the aesthetic of your living room. Its sleek profile is highlighted by thoughtful details such as tailored stitching and elegant legs, which add to the overall sophistication of the piece.\n\nComfort is a key feature of the Lyka Sofa. The sofa is designed with plush cushions and supportive backrests that provide exceptional comfort for extended periods. The high-density foam padding ensures a soft and inviting seating experience, while the ergonomic design offers excellent support for your back and legs. Whether you’re enjoying a quiet evening or hosting a gathering, the Lyka Sofa promises a relaxing and enjoyable experience.\n\nIn addition to its stylish appearance and comfort, It is a practical choice for living room furniture. Its robust construction and high-quality materials ensure long-lasting durability, making it a smart investment for your home. The easy-to-maintain fabric and sturdy build mean that the Lyka Sofa will continue to serve as a centerpiece in your living room for years to come.\n\nIn summary, the Lyka Sofa is a luxurious 5 seater sofa set that combines style, comfort, and durability. Its sophisticated design and high-quality construction make it an ideal sofa set for living room, offering both elegance and functionality to enhance your home.",61200.00,51000.00,50,0.0,0,,,,Delivery Charges Applicable,"[""cushion-sofas"",""sofa"",""living-room"",""best-offer""]",2026-03-16 21:08:55.59679+00,false,true,61200.00,12,Standard,0.00,,0,0,,false,true,30,,true,[],,,,,,1
1164,Millville Sofa,millville-sofa,133,34,"Introducing the Millville Sofa, a stunning addition to any home that blends comfort, style, and practicality in one elegant package. As a prime example of living room furniture, the Millville Sofa is designed to enhance your space with its sophisticated charm and functional features. This 5 seater sofa set is not only a focal point of your living room but also a versatile piece that caters to both relaxation and entertaining needs.\n\nThe Millville Sofa stands out as a luxurious 5 seater couch for living room use, offering ample seating for family and friends. Its spacious design ensures that everyone has plenty of room to sit comfortably, making it an ideal choice for gatherings, movie nights, or quiet evenings at home. The generous seating capacity allows you to enjoy a cozy and inviting atmosphere, whether you’re hosting a lively event or simply unwinding after a long day.\n\nUpholstered in premium fabric, It is crafted to deliver both durability and elegance. The fabric upholstery not only enhances the sofa’s visual appeal but also provides a soft and comfortable seating experience. Its high-quality material is chosen for its resilience and ease of maintenance, ensuring that your sofa set remains beautiful and functional for years to come. Available in a range of colors and textures, It allows you to select a finish that complements your existing decor and adds a touch of sophistication to your living room.\n\nThe design of the Millville Sofa incorporates clean lines and a modern silhouette, making it a versatile addition to various interior styles. Its sleek profile is complemented by well-crafted details such as plush cushions, supportive backrests, and sturdy legs. These elements contribute to the sofa’s overall aesthetic while providing excellent comfort and support.\n\nComfort is at the forefront of the Millville Sofa’s design. The sofa features high-density foam cushions and ergonomic backrests that offer exceptional support, making it an ideal spot for lounging and relaxation. The plush seating ensures a comfortable experience, whether you’re spending a few hours or an entire day on the sofa.\n\nIn addition to its stylish design and comfort, the Millville Sofa is also a practical choice for any home. The easy-to-clean fabric and robust construction make it a durable investment in living room furniture that will stand the test of time.\n\nIn summary, the Millville Sofa is a premium 5 seater sofa set that combines style, comfort, and durability. Its elegant design and high-quality materials make it a standout piece of sofa set for living room, offering a perfect blend of luxury and functionality.",54000.00,45000.00,50,0.0,0,,,,Delivery Charges Applicable,"[""cushion-sofas"",""sofa"",""living-room"",""best-offer""]",2026-03-16 21:08:58.770097+00,false,true,54000.00,12,Standard,0.00,,0,0,,false,true,30,,true,[],,,,,,1
1165,Cedro Sofa,cedro-sofa,133,34,"Introducing the Cedro Sofa, an exquisite piece of living room furniture that combines style, comfort, and durability. This standout 5 seater sofa set is designed to be a centerpiece in your home, offering both aesthetic appeal and practical functionality. With its sleek design and premium materials, It redefines what a 5 seater couch for living room use should be.\n\nThe Cedro Sofa is meticulously crafted to provide an exceptional seating experience. Its spacious 5 seater configuration ensures ample room for family and guests to gather comfortably. Whether you're hosting a lively get-together, enjoying a movie night, or simply relaxing after a long day, this sofa set offers the perfect balance of luxury and practicality. The generous seating area allows everyone to stretch out and enjoy a plush, supportive place to sit.\n\nUpholstered in high-quality fabric, the Cedro Sofa exudes sophistication and durability. The fabric is chosen not only for its stylish appearance but also for its resilience and ease of maintenance. This ensures that the sofa remains in pristine condition, even with frequent use. The upholstery comes in a range of colors and textures, allowing you to select a finish that complements your existing decor and enhances your living room's ambiance.\n\nThe design of the Cedro Sofa incorporates clean lines and a modern silhouette that adds a touch of elegance to any space. Its minimalist profile is complemented by carefully crafted details such as sleek armrests and sturdy wooden legs. These design elements contribute to the sofa's overall aesthetic while providing lasting support and stability.\n\nComfort is a key feature of the Cedro Sofa. The sofa is designed with cushioned seats and ergonomic backrests that provide excellent support, making it ideal for long periods of sitting. The foam padding and plush cushioning offer a soft, inviting feel, ensuring that your living room becomes a cozy retreat.\n\nIn addition to its design and comfort, It is also a practical choice for any home. Its easy-to-clean fabric and robust construction make it a smart investment in living room furniture that will stand the test of time.\n\nIn summary, the Cedro Sofa is a premium 5 seater sofa set that delivers on all fronts—style, comfort, and durability. Its sophisticated design and high-quality materials make it a standout addition to your living room, offering both elegance and functionality in one remarkable package.",71400.00,59500.00,50,0.0,0,,,,Delivery Charges Applicable,"[""cushion-sofas"",""sofa"",""living-room"",""best-offer""]",2026-03-16 21:09:01.828315+00,false,true,71400.00,12,Standard,0.00,,0,0,,false,true,30,,true,[],,,,,,1
1166,Vista Sofa,vista-sofa,133,34,"The Vista Sofa is a striking addition to any home, designed to elevate your living room with its blend of style, comfort, and functionality. As a premium choice in living room furniture, It offers a perfect combination of aesthetic appeal and practical benefits. This 5 seater sofa set is not just a piece of furniture; it’s a centerpiece that enhances the ambiance of your living space.\n\nCrafted with meticulous attention to detail, It stands out as a versatile 5 seater couch for living room settings. Its spacious design ensures ample seating for family and friends, making it an ideal choice for gatherings, movie nights, or casual lounging. The generous seating capacity of the Vista Sofa provides room for everyone to sit comfortably, allowing you to host events or simply relax with ease.\n\nThe Vista Sofa is upholstered in high-quality fabric that adds a touch of sophistication to your living room. Its luxurious feel and elegant appearance make it a standout piece among sofa sets, fitting seamlessly into a variety of interior styles, from modern to traditional. The fabric upholstery is chosen for its durability and ease of maintenance, ensuring that your sofa set retains its beauty and functionality over time.\n\nThe design of the Vista Sofa includes plush cushions and supportive backrests that contribute to its exceptional comfort. The sofa is built with a sturdy frame and well-crafted springs, providing a stable and supportive seating experience. Whether you're sitting for a few hours or lounging for an entire day, It is designed to offer optimal comfort and support.\n\nIn addition to its comfort and style, It also features practical elements that make it a valuable addition to your living room furniture collection. Its classic design allows it to blend with various decor themes, while its durable construction ensures that it stands up to everyday use. The sofa set is easy to maintain, with fabric that can be cleaned and cared for with minimal effort.\n\nOverall, It is an excellent choice for anyone looking to enhance their living room with a sophisticated 5 seater sofa set. Its blend of style, comfort, and durability makes it a standout option for any home, offering both elegance and practicality in one impressive package.",68400.00,57000.00,50,0.0,0,,,,Delivery Charges Applicable,"[""cushion-sofas"",""sofa"",""living-room"",""best-offer""]",2026-03-16 21:09:05.118086+00,false,true,68400.00,12,Standard,0.00,,0,0,,false,true,30,,true,[],,,,,,1
1167,Cassel Sofa,cassel-sofa,133,34,"The Cassel Sofa redefines luxury and comfort in living room furniture with its elegant design and superior craftsmanship. As a standout 5 seater sofa set, it seamlessly blends sophistication with practicality, making it an excellent choice for those who want to enhance their living space.\n\nThis exceptional leather sofa features a timeless aesthetic that adds a touch of refinement to any room. Upholstered in premium leather, the Cassel Sofa offers not only a visually appealing look but also a durable and easy-to-maintain surface. The leather upholstery is soft to the touch, providing a plush and inviting seating experience that complements its stylish design.\n\nDesigned as a 5 seater couch for living room use, the Cassel Sofa provides ample space for family gatherings, entertaining guests, or simply relaxing in comfort. Its generous seating capacity ensures that everyone can enjoy the sofa’s plush cushions and supportive backrests. The deep, cushioned seats are designed for optimal comfort, making the Cassel Sofa a perfect spot for lounging, reading, or watching TV.\n\nThe Cassel Sofa's design incorporates clean lines and a sleek profile that enhances its modern appeal. Its minimalist yet sophisticated look allows it to fit seamlessly into a variety of interior styles, from contemporary to classic. The sofa’s sturdy wooden legs and tailored stitching add to its elegant appearance, while also ensuring lasting durability and support.\n\nIn addition to its aesthetic appeal, the Cassel Sofa is designed with practical features that make it a functional addition to your living room furniture. The high-quality leather upholstery is resistant to wear and tear, making it an ideal choice for high-traffic areas. It is also easy to clean, allowing you to maintain the sofa’s pristine condition with minimal effort.\n\nOverall, the Cassel Sofa is a premium 5 seater sofa set that combines luxury, comfort, and functionality. Its sophisticated design and high-quality materials make it a standout piece of living room furniture. Whether you’re hosting a gathering or enjoying a quiet evening at home, the Cassel Sofa offers the perfect blend of style and comfort for any living room.",78000.00,65000.00,50,0.0,0,,,,Delivery Charges Applicable,"[""cushion-sofas"",""living-room"",""best-offer""]",2026-03-16 21:09:08.687805+00,false,true,78000.00,12,Standard,0.00,,0,0,,false,true,30,,true,[],,,,,,1
1168,Burney Sofa,burney-sofa,133,34,"Introducing the Burney Sofa, an exceptional choice for those seeking sophistication and comfort in their living space. This stunning piece of living room furniture is designed to be the centerpiece of any home, combining elegant aesthetics with practical functionality. It is a luxurious 5 seater sofa set that effortlessly blends style with comfort, making it an ideal addition to your living room.\n\nCrafted from high-quality leather, the Burney Sofa exudes a timeless charm and durability that stands the test of time. The rich, supple leather upholstery not only enhances the visual appeal of the sofa but also provides a soft and comfortable seating experience. This leather sofa is designed to offer a plush feel while maintaining its structured look, ensuring that your living room exudes both elegance and coziness.\n\nAs a 5 seater couch for living room, It provides ample seating space for family gatherings or social events. Its generous dimensions ensure that everyone can enjoy the comfort of the sofa, whether you’re hosting a lively get-together or simply relaxing with your loved ones. The sofa’s deep seats and supportive backrests are designed to offer superior comfort, allowing you to unwind and enjoy your downtime in style.\n\nThe Burney Sofa features a sleek and modern design that complements a variety of interior decor styles. Its clean lines and minimalist silhouette make it a versatile piece that fits seamlessly into both contemporary and traditional settings. The sofa's elegant design is accentuated by its carefully crafted details, such as the refined stitching and sturdy wooden legs, which contribute to its overall appeal and durability.\n\nIn addition to its aesthetic and comfort benefits, It is also designed with practicality in mind. The high-quality leather upholstery is easy to clean and maintain, ensuring that your sofa remains looking pristine even with regular use. This makes it an excellent investment for those who want a stylish yet low-maintenance addition to their living room furniture collection.\n\nIn summary, the Burney Sofa is a premium 5 seater sofa set that brings together luxury, comfort, and style. Whether you’re looking to enhance your living room with a sophisticated leather sofa or seeking a functional and fashionable 5 seater couch for living room gatherings, It is the perfect choice. Its combination of high-quality materials, elegant design, and generous seating space makes it a standout piece in any home.",85800.00,71500.00,50,0.0,0,,,,Delivery Charges Applicable,"[""cushion-sofas"",""living-room"",""best-offer""]",2026-03-16 21:09:12.181241+00,false,true,85800.00,12,Standard,0.00,,0,0,,false,true,30,,true,[],,,,,,1
1169,Shingletown Sofa,shingletown-sofa,133,34,"The Shingletown Sofa is a superb addition to your living room furniture collection, exemplifying both comfort and style. Designed as a 5-seater sofa set, this couch is crafted to cater to a variety of needs, whether for family gatherings, entertaining guests, or simply relaxing after a long day. With its sophisticated design and practical features, the Shingletown Sofa seamlessly combines functionality with aesthetic appeal, making it an excellent choice for any living room.\n\n**Design and Craftsmanship**\n\nThe Shingletown Sofa is built with meticulous attention to detail, ensuring both durability and elegance. The sofa's frame is constructed from high-quality hardwood, which provides a robust and stable foundation. This solid construction is designed to support the weight and stress of daily use, ensuring the sofa remains reliable and sturdy over time.\n\nUpholstered in premium fabric or leather, the Shingletown Sofa offers a choice of materials that cater to different tastes and preferences. The fabric options are chosen for their softness and durability, while the leather variants add a touch of sophistication and are easy to maintain. Both materials are available in a range of colors, allowing you to select a hue that complements your living room décor.\n\nThe sofa features a sleek and modern design with clean lines and a contemporary silhouette. Its elegant appearance is enhanced by carefully tailored seams and subtle detailing. The plush cushions are generously padded to provide a comfortable seating experience, while the backrests and armrests are ergonomically designed to offer optimal support and relaxation.\n\n**Comfort and Functionality**\n\nOne of the key attributes of the Shingletown Sofa is its exceptional comfort. The 5-seater configuration provides ample space for family and friends to sit comfortably, making it perfect for both casual lounging and more formal gatherings. The cushions are filled with high-density foam, which offers a plush seating experience while maintaining their shape and support.\n\nThe sofa's design ensures that it is not only stylish but also highly functional. The wide seating area and supportive backrests make it an ideal spot for lounging, watching TV, or hosting gatherings. The Shingletown Sofa’s versatility allows it to fit seamlessly into various living room layouts, enhancing both its usability and visual appeal.\n\n**Versatility and Usage**\n\nThe Shingletown Sofa’s classic yet modern design ensures it complements a range of interior styles, from contemporary to traditional. Its neutral color options and elegant form make it easy to integrate with existing furniture and décor. The sofa's spacious seating makes it suitable for use in various areas of the home, including family rooms, dens, or even large entryways.\n\nIn addition to its primary use in the living room, the Shingletown Sofa can also serve as a stylish and comfortable addition to other spaces where additional seating is needed. Its sophisticated design and ample size make it a valuable piece of furniture for any area requiring extra seating.\n\n**Maintenance and Care**\n\nMaintaining the Shingletown Sofa is relatively simple due to its high-quality upholstery. Regular vacuuming and spot cleaning will help keep the sofa looking fresh. For leather options, periodic conditioning is recommended to preserve the leather's natural softness and sheen. Fabric upholstery can be cleaned with appropriate fabric cleaners to address any spills or stains.\n\nIn summary, the Shingletown Sofa is a distinguished piece of living room furniture that combines style, comfort, and practicality. Its durable construction, elegant design, and generous seating make it an ideal choice for a 5-seater sofa set in the living room. Whether used for daily relaxation or special occasions, the Shingletown Sofa offers both visual appeal and functional excellence, enhancing your living space with its timeless charm.",76800.00,64000.00,50,0.0,0,,,,Delivery Charges Applicable,"[""cushion-sofas"",""living-room"",""best-offer""]",2026-03-16 21:09:15.96126+00,false,true,76800.00,12,Standard,0.00,,0,0,,false,true,30,,true,[],,,,,,1
1170,McArthur Sofa,mcarthur-sofa,133,34,"The McArthur Sofa is a standout choice in the realm of living room furniture, offering a harmonious blend of style, comfort, and functionality. As a 5-seater sofa set, it is specifically designed to enhance your living space with its spacious seating, elegant design, and practical features. Whether you’re outfitting a new home or revitalizing your current living area, the McArthur Sofa provides an excellent solution for those seeking a sophisticated 5-seater couch for the living room.\n\n**Design and Craftsmanship**\n\nThe McArthur Sofa is crafted with meticulous attention to detail, reflecting both durability and aesthetic appeal. The frame is constructed from premium hardwood, ensuring a solid and long-lasting foundation. This robust frame is designed to withstand everyday use, maintaining its structural integrity and offering reliable support.\n\nThe upholstery of the McArthur Sofa is available in a range of high-quality fabrics or leathers, allowing you to choose a material that best suits your personal style and home décor. The fabric options offer a soft, plush feel, while the leather choices provide a sleek and modern look. Both materials are selected for their durability, ease of maintenance, and comfort, making them ideal for a busy living room environment.\n\nThe sofa features a contemporary design with clean lines and a refined silhouette. Its elegant detailing, such as tailored seams and neatly padded cushions, adds a touch of sophistication. The McArthur Sofa is equipped with generously padded seat cushions and backrests, providing exceptional comfort and support for extended periods of sitting.\n\n**Comfort and Functionality**\n\nOne of the standout features of the McArthur Sofa is its impressive comfort. The 5-seater configuration allows ample seating for family and friends, making it an ideal choice for gatherings and everyday use. The cushions are filled with high-density foam, ensuring a plush seating experience while maintaining their shape and support over time.\n\nThe sofa’s ergonomic design is focused on providing a comfortable seating experience. The backrest and armrests are thoughtfully cushioned to offer additional support and relaxation. Whether you’re watching TV, reading a book, or hosting a social event, the McArthur Sofa delivers a comfortable and inviting space.\n\n**Versatility and Usage**\n\nThe McArthur Sofa’s versatile design ensures it fits seamlessly into various living room styles, from modern to traditional. Its neutral color options and classic design make it easy to coordinate with existing furniture and décor elements. The sofa’s spacious seating and elegant appearance make it suitable for various uses, from casual lounging to more formal entertaining.\n\nIn addition to its primary role in the living room, the McArthur Sofa can also be used in other areas of the home where additional seating is needed. Its sophisticated look and ample size make it a valuable addition to family rooms, dens, or large entryways.\n\n**Maintenance and Care**\n\nMaintaining the McArthur Sofa is straightforward thanks to its high-quality upholstery. Regular vacuuming and spot cleaning can help keep the sofa looking fresh and new. For leather upholstery, periodic conditioning can preserve its softness and luster. Fabric options can be cleaned with appropriate fabric cleaners to address any stains or spills.\n\nIn summary, the McArthur Sofa is a distinguished piece of living room furniture that combines elegance, comfort, and practicality. Its durable construction, stylish design, and spacious seating make it an ideal choice for a 5-seater sofa set in the living room. Whether used for everyday relaxation or special gatherings, the McArthur Sofa offers both style and functionality, enhancing your living space with its timeless appeal.",94200.00,78500.00,50,0.0,0,,,,Delivery Charges Applicable,"[""cushion-sofas"",""living-room"",""best-offer""]",2026-03-16 21:09:19.344239+00,false,true,94200.00,12,Standard,0.00,,0,0,,false,true,30,,true,[],,,,,,1
1171,Montecito Sofa,montecito-sofa,133,34,"The Montecito Sofa is an exquisite addition to any living room, combining style, comfort, and practicality in one elegant package. As a prominent piece of living room furniture, this 5-seater couch is designed to enhance your living space, offering ample seating and a sophisticated look that complements a variety of interior styles. Whether you're looking to furnish a new home or refresh your existing decor, the Montecito Sofa is a perfect choice for those seeking a luxurious and functional 5-seater sofa set for their living room.\n\n**Design and Craftsmanship**\n\nThe Montecito Sofa stands out with its modern design and attention to detail. Crafted from high-quality materials, this sofa features a sturdy wooden frame that ensures durability and long-lasting performance. The frame is meticulously constructed to provide a solid base, supporting the sofa’s substantial size and ensuring it remains stable and reliable over time.\n\nThe sofa is upholstered in premium fabric or leather, depending on your preference. The fabric options offer a soft, plush feel, while the leather choices provide a sleek and sophisticated look. Both materials are selected for their durability and ease of maintenance, making them ideal for a high-traffic living room. The upholstery is available in a range of colors, allowing you to choose a shade that best fits your decor and personal style.\n\nThe design of the Montecito Sofa features clean lines and a contemporary silhouette, which is accentuated by its elegant details. The sofa includes well-cushioned seat and backrest areas, providing a plush and comfortable seating experience. The armrests are also generously padded, enhancing the overall comfort and support.\n\n**Comfort and Functionality**\n\nComfort is a key feature of the Montecito Sofa. Its 5-seater configuration offers plenty of space for family and friends to sit comfortably. The sofa is equipped with high-density foam cushions that deliver excellent support while maintaining their shape over time. This ensures that the sofa remains comfortable and visually appealing even with regular use.\n\nThe Montecito Sofa is designed with both style and practicality in mind. The spacious seating area makes it ideal for lounging, watching television, or hosting gatherings. Its versatile design allows it to fit seamlessly into various living room layouts, whether you have a modern, traditional, or transitional decor.\n\n**Versatility and Usage**\n\nThe Montecito Sofa’s classic yet contemporary design makes it a versatile piece of furniture that complements various interior styles. Its neutral tones and elegant appearance ensure that it can blend effortlessly with existing decor or serve as a standout piece in a newly designed space.\n\nIn addition to its use in the living room, It can also be placed in other areas of the home, such as a family room, den, or even a large entryway. Its stylish design and ample seating make it a valuable addition to any space where you need extra seating and a touch of sophistication.\n\n**Maintenance and Care**\n\nMaintaining the Montecito Sofa is straightforward due to its high-quality upholstery. Regular vacuuming and spot cleaning will help keep the sofa looking its best. For leather options, periodic conditioning will preserve the leather's softness and sheen. Fabric upholstery can be cleaned with appropriate fabric cleaners to address any stains or spills.\n\nIn summary, the Montecito Sofa is a remarkable piece of living room furniture that combines luxury, comfort, and functionality. Its durable construction, elegant design, and spacious seating make it an ideal choice for a 5-seater sofa set in the living room. Whether used for everyday relaxation or special occasions, the Montecito Sofa offers both style and practicality, making it a cherished addition to your home.",92400.00,77000.00,50,0.0,0,,,,Delivery Charges Applicable,"[""cushion-sofas"",""sofa"",""living-room"",""best-offer""]",2026-03-16 21:09:22.62837+00,false,true,92400.00,12,Standard,0.00,,0,0,,false,true,30,,true,[],,,,,,1
1172,Santa Ynez Sofa,santa-ynez-sofa,133,34,"The Santa Ynez Sofa is a distinguished piece of living room furniture that epitomizes luxury, comfort, and style. Designed to be a central feature in your living space, this leather couch offers a perfect blend of aesthetics and functionality. As a 5-seater sofa set for the living room, it is ideal for those who desire both ample seating and a sophisticated look in their home.\n\n**Design and Craftsmanship**\n\nThe Santa Ynez Sofa boasts a design that seamlessly combines modern elegance with classic charm. Its frame is crafted from high-quality hardwood, which provides a sturdy and reliable foundation. This solid construction ensures that the sofa is not only durable but also capable of withstanding daily use, maintaining its structural integrity over time.\n\nThe sofa is upholstered in premium leather, chosen for its rich texture, durability, and timeless appeal. This high-quality leather upholstery adds a touch of luxury to the sofa and enhances its overall sophistication. Available in a variety of elegant colors, the leather complements a wide range of interior design styles, making it a versatile choice for any living room decor.\n\nThe Santa Ynez Sofa features a clean and contemporary design with sleek lines and minimalistic detailing. Its design is accentuated by the smooth leather finish and carefully tailored seams, which contribute to the sofa’s refined appearance. The sofa is set on subtly tapered legs that add a modern touch while providing stable support.\n\n**Comfort and Functionality**\n\nComfort is a key feature of the Santa Ynez Sofa. The 5-seater configuration provides generous seating space, making it ideal for families or for entertaining guests. The sofa is equipped with plush, high-density foam cushions that offer superior comfort and support. These cushions are designed to retain their shape and provide a plush seating experience, whether you’re lounging, reading, or hosting gatherings.\n\nThe backrest and armrests are also well-cushioned, adding to the overall comfort of the sofa. The ergonomic design ensures that the sofa is as comfortable as it is stylish, providing a perfect spot for relaxation.\n\n**Versatility and Usage**\n\nThe Santa Ynez Sofa’s elegant design and luxurious leather make it a versatile addition to any living room. Its classic yet modern look ensures it blends seamlessly with various interior styles, from contemporary to traditional. The neutral tones of the leather allow it to coordinate with a range of color schemes and decor elements.\n\nBeyond the living room, It can also be used in other areas of the home, such as a family room or den. Its stylish design and ample seating make it a practical and attractive choice for any space where additional seating is needed.\n\n**Maintenance and Care**\n\nMaintaining the Santa Ynez Sofa is relatively easy, thanks to its leather upholstery. Regular dusting and periodic cleaning with a leather conditioner will keep the sofa looking its best. The leather’s natural properties make it resistant to stains and spills, ensuring long-lasting beauty with minimal effort.\n\nIn summary, the Santa Ynez Sofa is an exceptional piece of living room furniture that combines luxury, comfort, and practicality. Its high-quality leather upholstery, sturdy construction, and elegant design make it an ideal choice for a 5-seater sofa set for the living room. Whether used for everyday relaxation or special occasions, It offers both style and functionality, making it a valuable addition to your home.",78000.00,65000.00,50,0.0,0,,,,Delivery Charges Applicable,"[""cushion-sofas"",""living-room"",""best-offer""]",2026-03-16 21:09:26.103273+00,false,true,78000.00,12,Standard,0.00,,0,0,,false,true,30,,true,[],,,,,,1
1173,Orcutt Sofa,orcutt-sofa,133,34,"The Orcutt Sofa is an exceptional choice for enhancing your living room with its stylish design, superior comfort, and practical functionality. This 5-seater couch serves as a focal point in any living space, offering a blend of modern aesthetics and everyday practicality. As a premium piece of living room furniture, the Orcutt Sofa not only adds a touch of elegance but also provides ample seating for family and guests.\n\n**Design and Craftsmanship**\n\nThe Orcutt Sofa is designed with a keen eye for detail and quality. Its frame is constructed from durable hardwood, which ensures stability and longevity. The hardwood frame supports the sofa's substantial size, allowing it to handle regular use while maintaining its structural integrity over time.\n\nUpholstered in high-quality fabric or leather, the Orcutt Sofa combines luxury with durability. The upholstery is selected for its durability and ease of maintenance, providing a smooth and comfortable seating experience. The fabric or leather options available are designed to complement a wide range of décor styles, making the sofa a versatile addition to any living room. The sofa's sleek lines and contemporary design are highlighted by its clean seams and polished finish, enhancing its overall appeal.\n\n**Comfort and Functionality**\n\nComfort is a primary feature of the Orcutt Sofa. Its 5-seater configuration allows for ample seating, making it perfect for larger families or for entertaining guests. The sofa is equipped with plush, high-density foam cushions that offer excellent support while retaining their shape. The backrest and armrests are also generously padded, providing additional comfort and making the sofa a relaxing spot for lounging or socializing.\n\nThe Orcutt Sofa’s design emphasizes both style and practicality. The spacious seating area ensures that everyone has enough room to sit comfortably. Whether you’re watching a movie, reading a book, or hosting a gathering, this sofa set accommodates various activities with ease. Its elegant design and comfortable seating make it an ideal choice for a living room sofa set that will be used frequently.\n\n**Versatility and Usage**\n\nThe Orcutt Sofa’s versatile design allows it to fit seamlessly into various interior styles. Whether your living room features modern, contemporary, or traditional décor, the sofa's neutral tones and classic design ensure it complements your existing furnishings. Its generous size and chic appearance make it suitable for various uses, from casual lounging to formal gatherings.\n\nAdditionally, the Orcutt Sofa can also be placed in other areas of the home, such as a family room or entertainment area. Its stylish look and ample seating make it a functional and attractive choice for any space where you need extra seating.\n\n**Maintenance and Care**\n\nMaintaining the Orcutt Sofa is straightforward due to its durable upholstery. Regular cleaning and occasional spot treatments will help keep it looking fresh and new. If upholstered in leather, periodic conditioning can help preserve its suppleness and sheen. For fabric options, vacuuming and prompt spot cleaning can maintain the sofa’s appearance.\n\nIn summary, the Orcutt Sofa is a sophisticated piece of living room furniture that combines elegance, comfort, and practicality. Its robust construction, luxurious upholstery, and versatile design make it an excellent choice for a 5-seater couch or sofa set for any living room. Whether for everyday use or special occasions, the Orcutt Sofa offers both style and functionality, making it a cherished addition to your home.",69000.00,57500.00,50,0.0,0,,,,Delivery Charges Applicable,"[""cushion-sofas"",""sofa"",""living-room"",""best-offer""]",2026-03-16 21:09:29.390487+00,false,true,69000.00,12,Standard,0.00,,0,0,,false,true,30,,true,[],,,,,,1
1174,Cuyama Sofa,cuyama-sofa,133,34,"The Cuyama Sofa is a standout piece of living room furniture designed to bring a blend of elegance, comfort, and functionality to your home. As a luxurious leather couch, it provides a sophisticated touch to any living space while offering the comfort and durability needed for everyday use. With its impressive design and spacious seating, the Cuyama Sofa serves as an excellent choice for those seeking a high-quality 5-seater sofa set for their living room.\n\n**Design and Craftsmanship**\n\nThe Cuyama Sofa features a sleek and modern design that effortlessly complements various interior styles. Its frame is meticulously crafted from high-quality hardwood, ensuring a solid and stable foundation that can withstand years of use. The frame is built to support the sofa’s substantial size, providing lasting durability and stability.\n\nUpholstered in premium leather, the Cuyama Sofa exudes luxury and sophistication. The leather used is selected for its softness, durability, and easy maintenance, offering a smooth and supple surface that enhances the sofa’s overall appeal. Available in a range of rich, timeless colors, the leather upholstery can be tailored to fit the specific decor of your living room.\n\nThe sofa’s design includes clean lines and a minimalist silhouette that highlights its modern aesthetic. The cushions are generously padded with high-density foam, ensuring a plush and supportive seating experience. The backrest and armrests are also cushioned to provide extra comfort, making the Cuyama Sofa a perfect choice for lounging, reading, or entertaining guests.\n\n**Comfort and Functionality**\n\nComfort is a key feature of the Cuyama Sofa. The spacious 5-seater configuration allows for ample seating, making it ideal for larger families or for hosting gatherings. The high-density foam cushions provide excellent support while retaining their shape over time. This ensures that the sofa remains comfortable and visually appealing, even with regular use.\n\nThe Cuyama Sofa’s design also emphasizes functionality. Its generous size and layout make it an excellent focal point for a living room, providing a stylish yet practical solution for seating. The leather upholstery is not only elegant but also resistant to stains and spills, making it a practical choice for busy households.\n\n**Versatility and Usage**\n\nThe Cuyama Sofa’s versatile design makes it suitable for a variety of living room settings. Whether you have a modern, contemporary, or traditional decor, the sofa’s classic leather finish and sleek design can seamlessly integrate into your space. Its neutral tones and sophisticated look make it a versatile piece that enhances the overall ambiance of your living room.\n\nBeyond the living room, the Cuyama Sofa can also be used in other areas of the home, such as a family room or den. Its luxurious design and comfortable seating ensure that it remains a stylish and functional addition to any space.\n\n**Maintenance and Care**\n\nMaintaining the Cuyama Sofa is straightforward due to its leather upholstery. Regular dusting and occasional cleaning with a leather conditioner will help keep the sofa looking its best. The hardwood frame should be dusted regularly to maintain its finish and ensure long-lasting beauty.\n\nIn summary, the Cuyama Sofa is a premium piece of living room furniture that combines luxury, comfort, and practicality. Its high-quality leather upholstery, robust construction, and elegant design make it an excellent choice for those seeking a 5-seater sofa set for their living room. Whether used for everyday relaxation or special occasions, the Cuyama Sofa offers both style and functionality, making it a cherished addition to your home.",88200.00,73500.00,50,0.0,0,,,,Delivery Charges Applicable,"[""cushion-sofas"",""living-room"",""best-offer""]",2026-03-16 21:09:33.171486+00,false,true,88200.00,12,Standard,0.00,,0,0,,false,true,30,,true,[],,,,,,1
1175,Vandenberg Sofa,vandenberg-sofa,133,34,"The Vandenburg Sofa is a sophisticated piece of living room furniture that brings a perfect blend of luxury, comfort, and style to your home. As a versatile and elegant sofa set, it serves as a striking focal point in any living area, offering both functional and aesthetic benefits. Upholstered in high-quality leather, the Vandenburg Sofa exemplifies the height of comfort and durability, making it an ideal choice for those seeking a premium couch for living room spaces.\n\n**Design and Craftsmanship**\n\nThe Vandenburg Sofa is crafted with an eye for detail and a commitment to quality. Its design features a classic yet contemporary aesthetic, combining clean lines with subtle curves. The sofa's frame is constructed from durable hardwood, ensuring a strong and sturdy base that can withstand everyday use while maintaining its structural integrity over time.\n\nThe leather upholstery of the Vandenburg Sofa is one of its standout features. Selected for its superior softness and durability, this high-quality leather adds a touch of elegance and sophistication to the sofa. Available in a range of rich colors and finishes, the leather complements various interior styles, from modern to traditional. The leather is treated to resist stains and spills, making it both stylish and practical for a busy household.\n\nThe sofa features plush, high-density foam cushions that offer exceptional comfort and support. These cushions are designed to retain their shape, ensuring long-lasting comfort. The backrest and armrests are also well-cushioned, providing ample support whether you’re sitting up straight or lounging. The clean lines of the sofa are accentuated by its sleek, slightly tapered legs, which contribute to the overall modern look of the piece.\n\n**Comfort and Functionality**\n\nComfort is at the forefront of the Vandenburg Sofa’s design. The seating area is generously padded, with cushions that provide a plush, supportive feel. The sofa’s design allows for ample seating space, accommodating multiple people comfortably. The backrest and armrests are ergonomically designed to offer additional comfort, making the sofa perfect for both relaxing and entertaining.\n\nIn addition to its comfort, the Vandenburg Sofa is highly functional. Its elegant design makes it suitable for various uses in the living room, whether you’re hosting guests, spending quality time with family, or enjoying a quiet evening. The sofa’s generous size and luxurious leather make it a versatile piece that fits seamlessly into any living space.\n\n**Versatility and Usage**\n\nThe Vandenburg Sofa’s classic design and rich leather upholstery make it a versatile addition to your living room furniture collection. It blends seamlessly with various décor styles, adding a touch of sophistication to modern, traditional, or transitional interiors. The sofa’s neutral tones and timeless design ensure it remains a stylish and functional centerpiece in your living room for years to come.\n\nBeyond the living room, the Vandenburg Sofa can also be used in other areas of the home, such as a home office, den, or large entryway. Its elegant design and comfortable seating make it a valuable addition to any space where both style and comfort are desired.\n\n**Maintenance and Care**\n\nMaintaining the Vandenburg Sofa is straightforward, thanks to its leather upholstery. Regular dusting and occasional cleaning with a leather conditioner will help keep the sofa looking its best. The hardwood frame should be cleaned with a soft, dry cloth to remove dust and maintain its finish. With proper care, the Vandenburg Sofa will continue to provide both luxury and practicality for years to come.\n\nIn summary, the Vandenburg Sofa is a distinguished piece of living room furniture that combines timeless design with exceptional comfort and durability. Its high-quality leather upholstery, sturdy construction, and elegant style make it an excellent choice for enhancing any living space. Whether used for everyday relaxation or special occasions, the Vandenburg Sofa offers a blend of luxury and functionality that makes it a cherished addition to your home.",64200.00,53500.00,50,0.0,0,,,,Delivery Charges Applicable,"[""cushion-sofas"",""sofa"",""living-room"",""best-offer""]",2026-03-16 21:09:36.341087+00,false,true,64200.00,12,Standard,0.00,,0,0,,false,true,30,,true,[],,,,,,1
1176,Solvang Sofa,solvang-sofa,133,34,"The Solvang Sofa is a premier choice in living room furniture, designed to bring a blend of luxury, comfort, and style to your home. This sofa set stands out with its exquisite craftsmanship and timeless design, making it an ideal couch for living room spaces where both aesthetics and functionality are valued. Upholstered in premium leather, the Solvang Sofa offers a high level of durability and sophistication, elevating any living area it graces.\n\n**Design and Craftsmanship**\n\nThe Solvang Sofa is meticulously crafted with attention to every detail, showcasing a classic yet modern design that enhances its appeal. The frame of the sofa is constructed from high-quality hardwood, ensuring stability and long-lasting support. This solid foundation is essential for a sofa that not only looks great but also stands up to daily use.\n\nThe leather upholstery of the Solvang Sofa adds a touch of elegance and luxury. It is available in various finishes and colors, allowing you to choose the perfect option to complement your home decor. The leather is selected for its softness and resilience, providing a plush seating experience while being easy to maintain. It is treated to resist stains and spills, making it practical for households with children or pets.\n\nThe sofa features a sleek, contemporary design with clean lines and minimalistic details. Its design includes gently curved armrests and a slightly elevated base, which enhances the overall look and provides a sense of lightness. The clean lines and sophisticated design make it a versatile piece that fits well in both modern and traditional interiors.\n\n**Comfort and Functionality**\n\nComfort is a top priority for the Solvang Sofa. The seating area is generously padded with high-density foam cushions that offer excellent support and plushness. The cushions are designed to retain their shape and provide consistent comfort over time. The backrest and armrests are also cushioned, allowing you to relax in luxury.\n\nThe sofa is designed with functionality in mind, making it ideal for various uses in the living room. Whether you're hosting guests, spending time with family, or enjoying a quiet evening, the Solvang Sofa provides a comfortable and stylish seating solution. Its spacious seating area accommodates multiple people, making it perfect for gatherings or simply lounging.\n\n**Versatility and Usage**\n\nThe Solvang Sofa's classic design and elegant leather upholstery make it a versatile piece of living room furniture. It fits seamlessly into a range of interior styles, from contemporary to traditional. The sofa's neutral tones and clean lines ensure it complements a variety of decor schemes, making it a valuable addition to any home.\n\nIn addition to its primary role in the living room, the Solvang Sofa can also be used in other spaces, such as a home office or den. Its refined design and comfortable seating make it suitable for any area where stylish and functional seating is needed.\n\n**Maintenance and Care**\n\nMaintaining the Solvang Sofa is straightforward thanks to its leather upholstery. Regular dusting and occasional cleaning with a leather conditioner will help keep the sofa looking its best. The hardwood frame and legs should be cleaned with a soft, dry cloth to remove dust and maintain their finish.\n\nIn summary, the Solvang Sofa is a distinguished piece of living room furniture that combines style, comfort, and durability. Its high-quality leather upholstery, solid construction, and elegant design make it an excellent choice for enhancing any living space. Whether used for everyday relaxation or special occasions, the Solvang Sofa provides both luxury and practicality, making it a cherished addition to your home.",54600.00,45500.00,50,0.0,0,,,,Delivery Charges Applicable,"[""cushion-sofas"",""living-room"",""best-offer""]",2026-03-16 21:09:39.818081+00,false,true,54600.00,12,Standard,0.00,,0,0,,false,true,30,,true,[],,,,,,1
1177,Scillia Sofa,scillia-sofa,133,34,"The Scillia Sofa is a luxurious and stylish addition to any living room, blending sophistication with comfort in a way that transforms your space. As a prominent piece of living room furniture, this sofa set stands out for its elegant design and high-quality construction, offering both aesthetic appeal and functional benefits. Whether you’re furnishing a modern apartment or a traditional home, the Scillia Sofa provides a versatile seating solution that enhances any living area.\n\n**Design and Craftsmanship**\n\nThe Scillia Sofa boasts a design that effortlessly combines classic and contemporary elements. Its clean lines and sleek silhouette contribute to its sophisticated appearance, making it a perfect centerpiece for any living room. The sofa is upholstered in premium leather, which not only adds a touch of luxury but also ensures durability and ease of maintenance. Leather upholstery is known for its ability to age gracefully, developing a rich patina over time that enhances the sofa’s character and appeal.\n\nThe craftsmanship of the Scillia Sofa is evident in its attention to detail. The sofa features a sturdy frame constructed from high-quality hardwood, providing a solid foundation that ensures long-lasting support and durability. The legs are typically made from the same wood as the frame, contributing to the cohesive look of the piece. The leather is expertly tailored to fit the sofa, with neat stitching and reinforced seams that add to its overall robustness and style.\n\n**Comfort and Functionality**\n\nComfort is a key feature of the Scillia Sofa. The seating area is designed to provide a plush and supportive experience, thanks to high-density foam cushioning that conforms to your body while maintaining its shape. The backrest and armrests are also well-padded, offering additional support and making the sofa a comfortable place to relax.\n\nThe sofa’s design is focused on enhancing functionality while maintaining style. The leather upholstery is not only luxurious but also practical, as it is easy to clean and resistant to spills and stains. This makes the Scillia Sofa an excellent choice for families and individuals who seek both elegance and practicality in their living room furniture.\n\n**Versatility and Usage**\n\nThe Scillia Sofa’s versatile design allows it to fit seamlessly into various interior styles. In a modern setting, its sleek leather upholstery and minimalist design make it a standout feature that complements contemporary décor. In a more traditional space, the sofa’s classic lines and rich leather add an element of sophistication and warmth.\n\nThe Scillia Sofa is ideal for a range of uses, from casual lounging to hosting guests. Its spacious seating area comfortably accommodates multiple people, making it perfect for gatherings and family time. The sofa’s elegant design also makes it suitable for formal settings, adding a touch of refinement to any occasion.\n\n**Maintenance and Care**\n\nMaintaining the Scillia Sofa is straightforward, thanks to its leather upholstery. Regular dusting and occasional cleaning with a leather conditioner help preserve its appearance and prevent drying or cracking. The wooden frame and legs can be maintained with periodic dusting and polishing to keep their finish looking pristine.\n\nIn summary, the Scillia Sofa is a distinguished piece of living room furniture that combines style, comfort, and durability. Its premium leather upholstery, expert craftsmanship, and versatile design make it an ideal choice for enhancing any living space. Whether used for everyday relaxation or special occasions, the Scillia Sofa provides both luxury and practicality, making it a valuable addition to your home.",72600.00,60500.00,50,0.0,0,,,,Delivery Charges Applicable,"[""cushion-sofas"",""living-room"",""best-offer""]",2026-03-16 21:09:43.197273+00,false,true,72600.00,12,Standard,0.00,,0,0,,false,true,30,,true,[],,,,,,1
1178,Guadalupe Sofa,guadalupe-sofa,133,34,"The Guadalupe Sofa is a remarkable piece of living room furniture that exudes both elegance and functionality. As a wooden 5-seater sofa set, it combines classic design with contemporary comfort, making it an ideal choice for enhancing any home’s interior. This wooden 5-seater couch offers a perfect blend of style, durability, and spacious seating, making it a versatile addition to your living space.\n\n**Design and Craftsmanship**\n\nThe Guadalupe Sofa is meticulously crafted from high-quality wood, such as oak or walnut, known for its durability and aesthetic appeal. The wooden frame is designed to provide a sturdy and supportive structure, ensuring the sofa’s longevity and resistance to wear and tear. The wood is often finished with a polished or matte coating to enhance its natural grain and protect it from damage.\n\nThe design of the Guadalupe Sofa features clean lines and a timeless silhouette that fits seamlessly into various interior styles. The wooden frame is complemented by plush, cushioned seating, offering both comfort and style. The sofa’s legs and armrests are elegantly designed, adding a touch of sophistication to its overall appearance. The upholstery is available in a range of high-quality fabrics or leathers, allowing homeowners to customize the sofa to match their décor preferences. Whether you prefer a classic fabric or a sleek leather finish, the Guadalupe Sofa can be tailored to suit your taste.\n\n**Comfort and Functionality**\n\nComfort is a key feature of the Guadalupe Sofa. The seating area is generously padded with high-density foam, ensuring a plush and supportive experience. The cushions are designed to retain their shape over time, providing consistent comfort and support. The backrest and armrests are also well-cushioned, offering additional comfort for lounging and relaxation.\n\nThe sofa’s 5-seater configuration makes it ideal for family gatherings, entertaining guests, or simply enjoying some quiet time at home. The spacious seating area allows multiple people to sit comfortably, making it a perfect choice for larger living rooms or open-plan spaces. The wooden frame adds a touch of traditional charm, while the cushioned seating ensures modern comfort.\n\n**Versatility and Usage**\n\nThe Guadalupe Sofa’s classic design and versatile color options make it suitable for a variety of living room settings. In a traditional home, the wooden frame and elegant upholstery enhance the room’s sophistication and charm. In a contemporary space, the sofa’s clean lines and modern finishes provide a stylish focal point that complements various design elements.\n\nBeyond the living room, the Guadalupe Sofa can also be placed in other areas of the home, such as a family room, den, or even a large entryway. Its adaptability allows it to serve multiple functions, from providing extra seating to adding a touch of elegance to any space.\n\n**Maintenance and Care**\n\nMaintaining the Guadalupe Sofa involves regular care to preserve its beauty and functionality. The wooden frame should be dusted and polished periodically to maintain its finish and protect against wear. Upholstery should be cleaned according to the manufacturer’s care instructions to keep it in good condition and free from stains.\n\nIn summary, the Guadalupe Sofa is a premium wooden 5-seater sofa set that combines classic design with exceptional comfort. Its high-quality craftsmanship, spacious seating, and versatile style make it an excellent choice for enhancing any living space. Whether used for everyday relaxation or special occasions, the Guadalupe Sofa provides both luxury and lasting value, making it a valuable addition to your home.",71800.00,59900.00,50,0.0,0,,,,Delivery Charges Applicable,"[""3-1-1-sofas"",""sofa"",""living-room"",""best-offer""]",2026-03-16 21:09:46.479495+00,false,true,71800.00,12,Standard,0.00,,0,0,,false,true,30,,true,[],,,,,,1
1179,Ballard Sofa,ballard-sofa,133,34,"The Ballard Sofa is an exquisite piece of living room furniture that effortlessly combines sophistication with comfort. As a standout example of a wooden sofa set, it brings a touch of elegance and functionality to any home. This wooden couch is designed to be a focal point in your living space, offering both style and durability in equal measure.\n\n**Design and Craftsmanship**\n\nThe Ballard Sofa is crafted with meticulous attention to detail, using high-quality hardwood such as oak, walnut, or mahogany. The wooden frame is designed to provide robust support and longevity, while also showcasing the natural beauty of the wood. The frame often features rich, intricate detailing that highlights the craftsmanship involved, including finely turned legs, ornate carvings, and smooth, polished finishes.\n\nThe sofa’s design is characterized by its clean lines and classic styling, making it a versatile addition to various interior themes. The wooden frame is complemented by plush cushions that are upholstered in premium fabrics or leather, ensuring both comfort and aesthetic appeal. The upholstery options are available in a range of colors and textures, allowing homeowners to select the perfect match for their décor. Whether you prefer a sleek, modern look or a more traditional appearance, the Ballard Sofa can be customized to fit your design preferences.\n\n**Comfort and Functionality**\n\nThe Ballard Sofa is designed to provide exceptional comfort and support. The seating area is generously padded with high-density foam, which offers a plush and supportive surface. The cushions are designed to retain their shape over time, ensuring that the sofa remains comfortable and inviting for years to come. The backrest and armrests are also well-padded, providing additional comfort and support for relaxation.\n\nThe sofa’s design allows it to function effectively in various settings. Whether you’re hosting guests, enjoying family time, or simply unwinding after a long day, the Ballard Sofa offers a comfortable and stylish seating solution. Its spacious design accommodates multiple people, making it ideal for gatherings and social events.\n\n**Versatility and Usage**\n\nThe Ballard Sofa’s classic design makes it a versatile piece of living room furniture that complements a wide range of interior styles. In a traditional setting, the ornate wooden frame and plush cushions enhance the room’s elegance and charm. In a contemporary or eclectic space, the sofa’s clean lines and high-quality materials provide a sophisticated focal point that adds depth and character to the room.\n\nBeyond the living room, the Ballard Sofa can also be used in other areas of the home. Its elegant design and comfortable seating make it suitable for family rooms, dens, or even larger home offices. The sofa’s adaptability allows it to serve various functions, from providing extra seating to enhancing the overall aesthetic of your home.\n\n**Maintenance and Care**\n\nMaintaining the Ballard Sofa involves regular care to preserve its beauty and functionality. The wooden frame should be dusted and polished periodically to maintain its finish and protect against wear. Upholstery should be cleaned according to the manufacturer’s care instructions to keep it in good condition and free from stains.\n\nIn summary, the Ballard Sofa is a premium wooden couch that combines timeless design with exceptional comfort. Its high-quality craftsmanship, versatile style, and durable construction make it an ideal choice for enhancing the functionality and aesthetic appeal of any living space. Whether used for everyday relaxation or special occasions, the Ballard Sofa provides both luxury and lasting value.",58500.00,48750.00,50,0.0,0,,,,Delivery Charges Applicable,"[""3-1-1-sofas"",""living-room"",""best-offer""]",2026-03-16 21:09:49.75077+00,false,true,58500.00,12,Standard,0.00,,0,0,,false,true,30,,true,[],,,,,,1
1180,Toro Sofa,toro-sofa,133,34,"The Toro Sofa is a distinguished piece of living room furniture that merges classic craftsmanship with contemporary design, offering both style and comfort in a wooden sofa set. This wooden couch stands out for its timeless appeal and functional elegance, making it a versatile addition to any home.\n\n**Design and Craftsmanship**\n\nThe Toro Sofa is meticulously crafted from high-quality wood, such as oak or walnut, ensuring a durable and sturdy structure. The wooden frame of the sofa is designed to provide long-lasting support while adding a touch of natural beauty to the piece. The wood is often treated and finished to highlight its rich grain and enhance its durability. The craftsmanship involved in creating the Toro Sofa is evident in its attention to detail, from the precision of the joints to the smooth finish of the wood.\n\nThe design of the Toro Sofa combines traditional and modern elements, creating a versatile piece that fits well in various interior styles. The sofa features clean lines and a minimalist aesthetic, making it suitable for both contemporary and classic living spaces. The wooden frame is complemented by plush cushions that are upholstered in high-quality fabrics or leather, offering both comfort and style. The cushions are generously padded to ensure a comfortable seating experience, while the sleek lines of the wooden frame add a touch of sophistication.\n\n**Comfort and Functionality**\n\nComfort is a key feature of the Toro Sofa. The seating area is designed to provide a plush and supportive experience, thanks to the high-density foam used in the cushions. The sofa’s design includes a well-padded backrest and armrests, ensuring that users can relax in comfort for extended periods. The cushions are upholstered in materials that are both soft and durable, providing a comfortable seating surface while maintaining the sofa’s aesthetic appeal.\n\nThe Toro Sofa’s design allows it to be used in various ways. Whether for lounging with family, hosting guests, or simply relaxing after a long day, this wooden couch meets a range of needs. Its spacious seating area comfortably accommodates multiple people, making it an excellent choice for family gatherings or social events. The wooden frame adds an element of elegance, making the sofa a stylish centerpiece in any living room.\n\n**Versatility and Usage**\n\nThe Toro Sofa is a versatile addition to any living space. Its classic design and neutral tones make it adaptable to various interior styles, from modern to traditional. The wooden sofa set can be used in a range of settings, including living rooms, family rooms, or even larger office spaces. Its adaptability extends to its functionality as well, providing both stylish seating and practical use.\n\nBeyond the living room, the Toro Sofa can also be placed in other areas of the home, such as a sunroom or study. Its elegant design and comfortable seating make it a valuable piece of furniture for creating inviting and stylish spaces throughout the home.\n\n**Maintenance and Care**\n\nMaintaining the Toro Sofa involves regular care to preserve its beauty and functionality. The wooden frame should be dusted and polished periodically to maintain its finish and protect against wear. Upholstery should be cleaned according to the manufacturer’s care instructions to keep it in good condition and free from stains.\n\nIn summary, the Toro Sofa is a premium wooden couch that combines elegance with practicality. Its high-quality craftsmanship, comfortable seating, and versatile design make it an ideal choice for enhancing the style and functionality of any living space. Whether used for everyday relaxation or special occasions, the Toro Sofa provides both luxury and durability.",42000.00,35000.00,50,0.0,0,,,,Delivery Charges Applicable,"[""3-1-1-sofas"",""living-room"",""best-offer""]",2026-03-16 21:09:53.239942+00,false,true,42000.00,12,Standard,0.00,,0,0,,false,true,30,,true,[],,,,,,1
1181,Peacock Gilli Sofa,peacock-gilli-sofa,133,34,"The Peacock Gilli Sofa is a stunning piece of living room furniture that combines traditional elegance with contemporary comfort. This wooden 5-seater sofa set is designed to be a central feature in your home, offering both style and functionality. With its sophisticated design and high-quality craftsmanship, It is perfect for creating a luxurious and inviting living space.\n\n**Design and Aesthetic Appeal**\n\nThe Peacock Gilli Sofa stands out with its exquisite design, which blends classic and modern elements to create a timeless piece of furniture. The sofa features a robust wooden frame crafted from high-quality hardwood, such as mahogany or oak. This not only ensures durability but also adds a touch of natural beauty to the piece. The wooden frame is often detailed with intricate carvings or decorative inlays, reflecting the artisanal skill that goes into creating the sofa.\n\nThe seating area of the Peacock Gilli Sofa is generously proportioned, designed to comfortably accommodate up to five people. The sofa set typically includes a combination of large cushions and plush upholstery, which are available in a variety of fabrics and colors. This allows homeowners to select an option that best complements their existing décor. The rich tones of the wood and the luxurious upholstery create a striking contrast, enhancing the visual appeal of the sofa.\n\n**Comfort and Functionality**\n\nComfort is a key feature of the Peacock Gilli Sofa. The sofa is designed with high-density foam cushions that provide excellent support and comfort. The cushions are upholstered in soft, durable fabric or leather, ensuring a plush and inviting seating experience. The backrest and armrests are padded to enhance comfort, making it ideal for long periods of relaxation or socializing.\n\nThe sofa set’s design incorporates a high back and wide seating area, allowing for a relaxed and comfortable seating posture. The spacious design ensures that there is ample room for everyone to sit comfortably, making it perfect for family gatherings or entertaining guests. The wooden frame is constructed to offer stability and support, ensuring that the sofa remains sturdy and durable over time.\n\n**Versatility and Usage**\n\nThe Peacock Gilli Sofa is a versatile piece of furniture that fits well in various living room settings. Its classic design allows it to complement both traditional and contemporary interiors. In a traditional setting, the ornate woodwork and rich upholstery enhance the room’s elegance and charm. In a modern space, the sofa’s sophisticated design provides a stylish focal point that adds depth and character.\n\nBeyond the living room, It can be used in other areas of the home where seating and comfort are desired. It can serve as an elegant addition to a spacious family room, a cozy den, or even a large entryway. Its adaptability makes it a valuable addition to any home, providing both aesthetic appeal and practical functionality.\n\n**Maintenance and Care**\n\nMaintaining the Peacock Gilli Sofa involves regular cleaning and care to preserve its beauty and longevity. The wooden frame should be dusted and polished periodically to maintain its finish and protect against wear. Upholstery should be cleaned according to the manufacturer’s care instructions to keep it in good condition and free from stains.\n\nIn summary, the Peacock Gilli Sofa is a luxurious and versatile wooden 5-seater sofa set that combines classic design with modern comfort. Its high-quality craftsmanship, elegant aesthetics, and spacious seating make it an excellent choice for enhancing the style and functionality of any living space.",93000.00,77500.00,50,0.0,0,,,,Delivery Charges Applicable,"[""3-1-1-sofas"",""living-room"",""best-offer""]",2026-03-16 21:09:57.030763+00,false,true,93000.00,12,Standard,0.00,,0,0,,false,true,30,,true,[],,,,,,1
1182,Springfield TV Stand,springfield-tv-stand,130,34,"The Springfield TV Stand is a sophisticated piece of furniture that combines functionality and elegance, making it a standout addition to any living room. Crafted from high-quality wood, this wooden TV stand is designed to enhance your entertainment area while providing ample storage and a stylish appearance.\n\nAt the heart of the Springfield TV Stand’s design is its sturdy wooden construction. The rich texture and natural grain of the wood lend a classic charm to the unit, complementing various interior styles from traditional to modern. This wooden TV stand not only serves as a practical base for your television but also adds a touch of warmth and refinement to your space.\n\nThe Springfield TV Stand is more than just a place to set your TV; it functions as a versatile TV unit that offers ample storage options. It features multiple compartments, including open shelves and enclosed cupboards, allowing you to organize and store various media components, such as DVD players, gaming consoles, and cable boxes. The open shelves are perfect for easy access to frequently used devices, while the TV cupboard offers concealed storage for items you prefer to keep out of sight.\n\nThe design of the TV shelf ensures that your television is securely positioned at an optimal viewing height, enhancing your viewing experience. The stand is built to accommodate a range of TV sizes, making it a versatile choice for any home entertainment setup. Its elegant design and practical features make it a focal point of your living room, combining style with functionality.\n\nIn addition to its aesthetic appeal and practical storage solutions, the Springfield TV Stand is designed with space efficiency in mind. Its compact footprint ensures that it fits comfortably into various room sizes without overwhelming the space. The well-organized storage options help reduce clutter, keeping your living area tidy and organized.\n\nOverall, the Springfield TV Stand is an ideal choice for those looking to enhance their entertainment area with a stylish and functional piece of furniture. Its wooden construction, combined with its thoughtful design as a TV unit, TV shelf, and TV cupboard, ensures that it meets your storage needs while adding a touch of elegance to your home. Whether you’re furnishing a new living room or updating an existing space, the Springfield TV Stand offers a perfect blend of beauty and practicality.",30000.00,20000.00,50,0.0,0,,,,Delivery Charges Applicable,"[""tv-racks"",""bed-room"",""living-room"",""best-offer""]",2026-03-16 21:10:00.609079+00,false,true,30000.00,12,Standard,0.00,,0,0,,false,true,30,,true,[],,,,,,1
1183,Milan Bunk Bed,milan-bunk-bed,135,34,"The Milan Bunk Bed combines functionality with style, offering a practical solution for maximizing space in children's bedrooms. This double-decker bed features a sturdy tubular cot design, providing safety and durability suitable for active kids.\n\n**Design and Structure:**\nCrafted from robust tubular metal, It ensures stability and safety with built-in guardrails on the upper bunk. The sleek design and modern finish enhance the aesthetic appeal while complementing various room decors.\n\n**Space-saving Efficiency:**\nDesigned with efficiency in mind, the bunk bed optimizes vertical space, making it ideal for smaller bedrooms or shared spaces. The inclusion of under-bed storage drawers provides additional space to store toys, clothes, or bedding, further maximizing room organization.\n\n**Versatility and Practicality:**\nThe Milan Bunk Bed offers versatility with its dual beds, accommodating two children comfortably without occupying extra floor space. It serves as a functional piece of furniture for siblings, sleepovers, or guests, adapting to different sleeping arrangements as needed.\n\n**Safety Features:**\nEquipped with sturdy ladder access and secure guardrails, the bunk bed prioritizes safety, ensuring peace of mind for parents. The durable construction and adherence to safety standards make it a reliable choice for children's bedrooms.\n\n**Assembly and Maintenance:**\nSetting up the Milan Bunk Bed is straightforward, with comprehensive instructions provided for easy assembly. The tubular metal frame is easy to clean and maintain, ensuring long-lasting durability and retaining its attractive appearance over time.\n\n**Conclusion:**\nIn conclusion, the Milan Bunk Bed offers a blend of practicality and safety for children's bedrooms, combining space-saving efficiency with stylish design elements. Whether used in a shared bedroom or as a guest sleeping solution, its durable construction and integrated storage make it an excellent choice for maximizing functionality without compromising on safety or comfort.",80500.00,63560.00,50,0.0,0,,,,Delivery Charges Applicable,"[""bunk-beds"",""space-saving-furniture"",""bed-room"",""best-offer""]",2026-03-16 21:10:04.302869+00,false,true,80500.00,12,Standard,0.00,,0,0,,false,true,30,,true,[],,,,,,1
1184,Horgen Recliner Sofa,horgen-recliner-sofa,127,34,"The Horgen Recliner Sofa is a sophisticated piece of living room furniture designed to elevate comfort and style in your home. This reclining sofa couch combines luxurious seating with advanced functionality, making it an ideal choice for anyone looking to enhance their living space with a touch of modern convenience and elegance.\n\n**Design and Aesthetic Appeal**\n\nThe Horgen Recliner Sofa is crafted with a keen eye for detail and quality. Its design blends contemporary aesthetics with ergonomic features, making it a perfect fit for various interior styles. The sofa typically features a sleek, streamlined profile with clean lines and minimalistic detailing, contributing to its modern appeal. Upholstered in high-quality fabric or leather, the Horgen Recliner Sofa offers a range of color options and textures, allowing homeowners to choose the perfect match for their decor.\n\nThe sofa's frame is constructed from durable materials, such as hardwood or metal, ensuring stability and longevity. The padding and cushioning are designed to provide plush comfort while maintaining the sofa’s shape and support. The combination of these elements results in a recliner sofa set that not only looks stylish but also offers exceptional comfort.\n\n**Comfort and Functionality**\n\nOne of the standout features of the Horgen Recliner Sofa is its reclining mechanism, which allows users to adjust the seating position for personalized comfort. The reclining seats can be effortlessly adjusted to various angles, from a slightly reclined position for casual lounging to a fully reclined position for relaxation or napping. This functionality makes the Horgen Recliner Sofa an excellent choice for both everyday use and special occasions.\n\nThe sofa typically includes multiple reclining seats, each equipped with its own control mechanism. This feature allows individual users to customize their seating position according to their preferences. Additionally, some models of the Horgen Recliner Sofa may include built-in features such as cup holders, storage compartments, or USB charging ports, further enhancing convenience and functionality.\n\n**Versatility and Usage**\n\nThe Horgen Recliner Sofa is versatile enough to fit into a variety of living room layouts and design schemes. Its modern design and reclining features make it suitable for casual family gatherings, movie nights, or simply unwinding after a long day. The sofa’s ability to transform from a standard seating arrangement to a fully reclining position makes it a multifunctional addition to any living space.\n\nIn addition to its use in the living room, the Horgen Recliner Sofa can also be placed in other areas of the home where comfort and relaxation are desired. It can serve as a focal point in a media room, a cozy spot in a den, or even as an elegant addition to a home theater setup.\n\n**Maintenance and Care**\n\nMaintaining the Horgen Recliner Sofa involves regular cleaning and care to keep it looking and functioning at its best. Upholstery should be cleaned according to the manufacturer’s instructions, using appropriate cleaning products for fabric or leather. The reclining mechanism should be periodically checked and lubricated if necessary to ensure smooth operation.\n\nIn summary, the Horgen Recliner Sofa is a top-tier choice for living room furniture, combining stylish design with practical reclining features. Its modern aesthetics, customizable comfort, and added conveniences make it an excellent addition to any home, offering both luxury and functionality for a superior seating experience.",165000.00,110000.00,50,0.0,0,,,,Delivery Charges Applicable,"[""recliner-sofas"",""living-room"",""best-offer""]",2026-03-16 21:10:11.869452+00,false,true,165000.00,12,Standard,0.00,,0,0,,false,true,30,,true,[],,,,,,1
1185,Oslo Foldable Dining Table,oslo-foldable-dining-table,120,34,"The Oslo Foldable Dining Table is a versatile and stylish addition to any dining area, designed to offer both functionality and elegance. As a wooden dining table, it combines classic craftsmanship with modern convenience, making it an ideal choice for those who value both aesthetics and practicality.\n\nConstructed from high-quality wood, the Oslo Foldable Dining Table exudes a sense of durability and sophistication. Its rich, natural wood grain adds a touch of warmth and elegance to your dining space, seamlessly blending with various interior styles. The table's sturdy construction ensures it can withstand daily use while maintaining its refined appearance.\n\nOne of the standout features of the Oslo dining table is its foldable design. This space-saving furniture solution is perfect for smaller homes or apartments where space is at a premium. When not in use, the table can be easily folded and stored away, freeing up valuable floor space. This functionality makes it an excellent choice for multi-purpose rooms or compact dining areas where flexibility is key.\n\nThe Oslo Foldable Dining Table comes as part of a foldable table set, which includes matching chairs designed to complement the table's style and functionality. The coordinated set ensures a cohesive look and provides a complete dining solution that maximizes both space and comfort. The chairs, like the table, are crafted from high-quality wood, offering a seamless blend of durability and elegance.\n\nIn addition to its space-saving features, the Oslo dining table set is designed with ease of use in mind. The folding mechanism is smooth and straightforward, allowing you to transition from a compact storage solution to a functional dining table with minimal effort. This ease of use is especially beneficial for those who frequently entertain guests or need to quickly adapt their space for different purposes.\n\nThe Oslo Foldable Dining Table not only serves as a practical piece of furniture but also as a stylish addition to your home. Its classic wooden design and versatile functionality make it a valuable investment for anyone looking to enhance their dining experience while optimizing their living space. Whether you have a small dining area or simply want a flexible furniture option, the Oslo dining table set offers the perfect blend of form and function.",36000.00,30000.00,50,0.0,0,,,,Delivery Charges Applicable,"[""wooden-dinings"",""dining-room"",""best-offer""]",2026-03-16 21:10:15.3647+00,false,true,36000.00,12,Standard,0.00,,0,0,,false,true,30,,true,[],,,,,,1
1186,Tamworth Diwan,tamworth-diwan,133,34,"The Tamworth Diwan is an exemplary piece of living room furniture that embodies the charm and elegance of traditional diwan style. This wooden sofa diwan seamlessly combines classic design elements with modern functionality, making it a standout choice for enhancing the aesthetic and comfort of any home.\n\n**Design and Craftsmanship**\n\nThe Tamworth Diwan is crafted with meticulous attention to detail, utilizing high-quality wood such as mahogany, teak, or oak. The wooden frame is designed to offer both durability and a sophisticated appearance. Each piece is often hand-finished to highlight the natural grain and texture of the wood, showcasing the skill and artistry involved in its creation. The frame of the diwan features intricate carvings or decorative inlays, adding a touch of luxury and traditional elegance.\n\nThe diwan style is characterized by its low-profile seating and ornate design. It adheres to this tradition with a low-slung seating arrangement that invites relaxation and easy lounging. The sofa's design includes beautifully turned wooden legs, a gracefully curved backrest, and elegant armrests, contributing to its classic and refined look. The diwan often incorporates plush, upholstered cushions that provide a comfortable seating experience. The upholstery is available in various high-quality fabrics or leather options, allowing for customization to suit different decor styles and personal preferences.\n\n**Comfort and Functionality**\n\nComfort is a key feature of the Tamworth Diwan. The sofa is designed with generously padded cushions that ensure a plush and supportive seating experience. The low-profile design of the diwan encourages a relaxed posture, making it ideal for lounging, reading, or socializing. The cushions are upholstered in soft, durable materials that enhance comfort and provide lasting quality.\n\nThe spacious seating area of the Tamworth Diwan accommodates multiple people, making it an excellent choice for family gatherings, entertaining guests, or simply enjoying quiet moments at home. The versatile design of the diwan allows it to integrate seamlessly into various living room layouts. Whether used as a central focal point or as part of a coordinated seating arrangement, the Tamworth Diwan adds both elegance and functionality to the space.\n\n**Versatility and Usage**\n\nThe Tamworth Diwan is a versatile piece of furniture that enhances different types of living spaces. In traditional settings, it complements classic furnishings and adds a touch of historical charm. In contemporary or eclectic interiors, the diwan’s timeless design provides a unique contrast and adds character to the room.\n\nBeyond the living room, It can also be used in other areas of the home, such as a study, sunroom, or large entryway. Its adaptable design allows it to serve various functions, from providing additional seating to creating a cozy and inviting nook.\n\n**Maintenance and Care**\n\nMaintaining the Tamworth Diwan involves regular care to preserve its beauty and functionality. The wooden frame should be dusted and polished periodically to maintain its luster and protect against wear. Upholstery should be cleaned according to the manufacturer’s care instructions to keep it in pristine condition and free from stains.\n\nIn summary, It is a beautifully crafted piece of living room furniture that combines traditional diwan style with modern comfort and versatility. Its high-quality wooden construction, elegant design, and plush seating make it an excellent choice for enhancing any living space with a touch of classic sophistication and enduring charm.",40000.00,26000.00,50,0.0,0,,,,Delivery Charges Applicable,"[""diwans"",""living-room"",""best-offer""]",2026-03-16 21:10:21.088871+00,false,true,40000.00,12,Standard,0.00,,0,0,,false,true,30,,true,[],,,,,,1
1187,Goulburn Diwan,goulburn-diwan,133,34,"The Goulborn Diwan represents a distinguished choice in living room furniture, embodying the elegance and sophistication of traditional diwan style. This wooden sofa diwan combines classic design elements with modern functionality, making it an ideal centerpiece for any home that values both style and comfort.\n\n**Design and Craftsmanship**\n\nThe Goulborn Diwan is crafted from high-quality hardwood, such as mahogany or teak, which provides both durability and a luxurious appearance. The wooden frame of the diwan is carefully constructed to ensure stability and longevity, while also highlighting the natural beauty of the wood grain. The frame often features intricate carvings or detailed inlays, reflecting the artisanal craftsmanship involved in its creation. This attention to detail not only adds a touch of sophistication but also makes the Goulborn Diwan a visually striking addition to any living space.\n\nThe diwan style is characterized by its low seating and elegant design. It embraces this traditional aesthetic with its low-profile seating arrangement that invites relaxation. The design includes elegantly turned legs and a gracefully curved backrest, adding a refined touch to the overall look. The plush seating cushions are upholstered in high-quality fabrics or leather, offering a soft and comfortable surface for lounging or entertaining. The upholstery is typically available in a range of colors and patterns, allowing homeowners to choose an option that best complements their existing decor.\n\n**Comfort and Functionality**\n\nComfort is a key feature of the Goulborn Diwan. The sofa is designed with generously padded cushions that provide a comfortable seating experience. The low-profile design of the diwan encourages a relaxed posture, making it ideal for lounging or casual gatherings. The cushions are upholstered in materials that are both soft and durable, ensuring that the diwan remains a comfortable and inviting space for years to come.\n\nThe Goulborn Diwan’s spacious seating area accommodates multiple people, making it a practical choice for family gatherings or social events. Its design allows for easy integration into various living room layouts, whether used as a focal point or as part of a larger seating arrangement. The versatility of the diwan makes it suitable for various settings, including traditional, modern, or eclectic interiors.\n\n**Versatility and Usage**\n\nThe Goulborn Diwan is a versatile piece of furniture that enhances a variety of living spaces. In a traditional setting, it complements other classic furnishings and adds a touch of timeless elegance. In more contemporary or eclectic interiors, the diwan’s classic design can provide a unique contrast, adding depth and character to the space.\n\nBeyond the living room, the Goulborn Diwan can also be used in other areas of the home, such as a study, sunroom, or large hallway. Its adaptable design allows it to serve various functions, from providing extra seating to creating a cozy reading nook.\n\n**Maintenance and Care**\n\nMaintaining the Goulborn Diwan involves regular care to ensure its longevity and continued appeal. The wooden frame should be dusted and polished periodically to maintain its finish and protect against wear. The upholstery should be cleaned according to the manufacturer’s instructions to keep it in excellent condition and free from stains.\n\nIn summary, the Goulborn Diwan offers a blend of classic diwan style and modern comfort, making it an exceptional choice for enhancing any living space. Its high-quality wooden construction, plush seating, and elegant design ensure that it remains a stylish and functional piece of living room furniture for years to come.",35100.00,29250.00,50,0.0,0,,,,Delivery Charges Applicable,"[""diwans"",""living-room"",""best-offer""]",2026-03-16 21:10:24.779824+00,false,true,35100.00,12,Standard,0.00,,0,0,,false,true,30,,true,[],,,,,,1
1188,Armidale Diwan,armidale-diwan,133,34,"Armidale Diwan is a distinguished piece of living room furniture that exemplifies the elegance and comfort of traditional diwan style. This wooden sofa diwan combines classic design with modern functionality, making it an exceptional addition to any home that values both aesthetics and practicality.\n\n**Comfort and Functionality**\n\nDespite its traditional aesthetic, It does not compromise on comfort. The sofa is designed with plush cushions that provide a soft, supportive seating experience. The cushions are upholstered in high-quality fabrics or leather, offering a choice of materials that complement the sofa’s wooden frame while enhancing overall comfort. The low seating height of the diwan encourages a relaxed posture, ideal for lounging or entertaining guests.\n\nThe spacious seating area of Armidale Diwan accommodates multiple people, making it suitable for family gatherings, casual lounging, or even as a reading nook. Its generous dimensions ensure that everyone can enjoy ample space to sit comfortably.\n\n**Versatility and Usage**\n\nArmidale Diwan is a versatile piece of furniture that enhances various living spaces. In a traditional setting, it complements other classic furnishings and contributes to a cohesive and elegant decor scheme. For a more contemporary interior, the diwan’s timeless design can add a touch of sophistication and cultural richness.\n\nIn addition to its use in the living room, the Armidale Diwan can also serve as a stylish and functional piece in other areas of the home, such as a study, sunroom, or even a spacious hallway. Its versatile design allows it to adapt to different settings and purposes, making it a valuable addition to any home.\n\n**Maintenance and Care**\n\nMaintaining Armidale Diwan involves regular cleaning and care to preserve its beauty and longevity. The wooden frame should be dusted and polished periodically to maintain its luster and protect against wear. The upholstery should be cleaned according to the manufacturer’s recommendations, ensuring it remains in excellent condition and free from stains.\n\nOverall, the Armidale Diwan is a beautiful example of diwan-style furniture that combines traditional elegance with modern comfort. Its high-quality wooden construction, plush seating, and versatile design make it an outstanding choice for enhancing the aesthetic and functional qualities of any living space. Whether used for formal entertaining or everyday relaxation, the Armidale Diwan adds a touch of classic sophistication and enduring charm to your home.",36000.00,30000.00,50,0.0,0,,,,Delivery Charges Applicable,"[""diwans"",""living-room"",""best-offer""]",2026-03-16 21:10:28.358669+00,false,true,36000.00,12,Standard,0.00,,0,0,,false,true,30,,true,[],,,,,,1
1189,Tirana Diwan Sofa,tirana-diwan-sofa,133,34,"The Tirana Diwan Sofa is an exquisite piece of living room furniture that beautifully combines traditional diwan style with modern functionality. This elegantly designed sofa set offers both aesthetic charm and practical utility, making it a standout choice for any home looking to blend classic sophistication with contemporary comfort.\n\n**Design and Aesthetic Appeal**\n\nThe Tirana Diwan Sofa showcases the timeless beauty of diwan-style furniture, characterized by its low seating and intricate design details. Traditionally, a diwan is a type of sofa or couch that is often used in Eastern cultures and is known for its lavish, low-slung design. The Tirana Diwan Sofa pays homage to this tradition while incorporating modern elements to suit today’s living spaces.\n\nThe sofa is crafted from high-quality wood, such as mahogany or teak, which not only provides durability but also adds a touch of luxury to the piece. The wooden frame is often intricately carved, featuring decorative patterns that enhance its traditional appeal. The rich, warm tones of the wood complement the sofa’s overall design, making it a focal point in any living room.\n\n**Comfort and Functionality**\n\nIn terms of comfort, the Tirana Diwan Sofa does not compromise. It typically features plush, cushioned seating designed to offer a cozy and inviting experience. The cushions are upholstered in high-quality fabrics or leather, providing a soft and comfortable surface for lounging. The low-profile design of the diwan allows for easy lounging and a relaxed seating posture, making it ideal for both casual gatherings and formal entertaining.\n\nThe sofa’s design includes generous seating space, accommodating multiple people comfortably. The low height of the diwan also adds to its charm, offering a unique seating arrangement that stands out from traditional, higher sofas. The backrest is often designed to provide ample support, ensuring that users can enjoy extended periods of relaxation without discomfort.\n\n**Versatility and Usage**\n\nThe Tirana Diwan Sofa is versatile and can be used in various settings within the home. It serves as an elegant addition to the living room, where it can be used for both casual and formal occasions. Its unique design makes it suitable for creating a cozy reading nook or as a stylish seating area for guests. The diwan style also makes it a perfect fit for traditional or eclectic interior designs, adding a touch of cultural sophistication.\n\nAdditionally, the Tirana Diwan Sofa can be complemented with matching accessories, such as decorative cushions or throws, to enhance its visual appeal and comfort. Its timeless design ensures that it remains relevant and stylish for years to come, regardless of changing trends.\n\n**Maintenance and Care**\n\nMaintaining the Tirana Diwan Sofa involves regular care to preserve its beauty and functionality. The wooden frame should be cleaned and polished periodically to maintain its luster and protect against wear and tear. The upholstery should be cleaned according to the manufacturer’s instructions, ensuring that it remains in good condition and free from stains.\n\nOverall, the Tirana Diwan Sofa is a sophisticated piece of living room furniture that combines traditional diwan style with modern comfort and functionality. Its elegant design, high-quality craftsmanship, and versatile use make it an excellent choice for enhancing the beauty and comfort of any living space. Whether used for lounging, entertaining, or adding a touch of classic charm to your home, the Tirana Diwan Sofa offers enduring style and comfort.",32600.00,27200.00,50,0.0,0,,,,Delivery Charges Applicable,"[""diwans"",""living-room"",""best-offer""]",2026-03-16 21:10:31.949986+00,false,true,32600.00,12,Standard,0.00,,0,0,,false,true,30,,true,[],,,,,,1
1190,Oxford Workstation,oxford-workstation,131,34,"The Oxford Workstation is a versatile and space-saving solution designed to meet the diverse needs of modern living. Perfect for compact spaces, this multi-functional workstation combines practicality with style, making it an ideal addition to any home or office environment.\n\nAt the heart of the Oxford Workstation's design is its exceptional space-saving functionality. It is engineered to fit seamlessly into smaller areas without compromising on utility. Whether you're working from home, managing household tasks, or pursuing creative hobbies, this workstation optimizes your space by offering a compact yet efficient workspace.\n\nOne of the standout features of the Oxford Workstation is its multi-purpose design, which includes ample storage solutions. The workstation is equipped with integrated storage compartments, allowing you to keep essential items organized and within easy reach. This feature is particularly beneficial in settings where space is limited, as it helps you maintain a clutter-free environment. You can store office supplies, stationery, or personal items neatly away, making it easier to keep your workspace tidy and functional.\n\nThe foldable design of the Oxford Workstation adds another layer of convenience and versatility. When not in use, the table can be easily folded away, freeing up valuable floor space. This makes it an excellent choice for small apartments, dorm rooms, or any space where maximizing floor area is crucial. The foldable feature ensures that you can quickly adapt your living area to suit different needs, whether you’re hosting guests or simply require more room for daily activities.\n\nIn addition to its space-saving and storage capabilities, the Oxford Workstation is designed with durability and style in mind. Constructed from high-quality materials, it boasts a sleek, modern aesthetic that complements various interior decor styles. The mini table's minimalist design ensures that it fits effortlessly into any room, whether it's a home office, study area, or living room.\n\nOverall, the Oxford Workstation is a practical and stylish choice for anyone seeking a compact, multi-functional piece of furniture. Its combination of space-saving features, integrated storage, and foldable design makes it an excellent investment for those looking to enhance their living or working environment.",11400.00,9500.00,50,0.0,0,,,,Delivery Charges Applicable,"[""study-tables"",""tables"",""study-room"",""best-offer""]",2026-03-16 21:10:35.218585+00,false,true,11400.00,12,Standard,0.00,,0,0,,false,true,30,,true,[],,,,,,1
1191,Ottawa Mini Workstation,ottawa-mini-workstation,131,34,"The **Ottawa Mini Workstation** is the quintessential solution for those seeking a blend of practicality and style in their living space. This versatile piece of furniture is designed to meet the needs of a modern lifestyle, where space is often at a premium. Whether you're looking to create a compact home office, need a convenient workspace, or simply want a stylish mini table, the Ottawa Mini Workstation delivers exceptional functionality.\n\nCrafted with precision and thoughtfulness, the Ottawa Mini Workstation serves as an ideal space-saving table. Its compact design allows it to fit seamlessly into any room, making it perfect for apartments, small offices, or even cozy nooks in larger homes. When not in use, this foldable table can be easily collapsed and stored away, ensuring that it doesn’t take up unnecessary space. This feature is especially beneficial for those who need a temporary workspace that can be tucked away when not in use.\n\nThe multipurpose nature of the Ottawa Mini Workstation further enhances its appeal. It can be used as a writing desk, a laptop station, or even as a small dining table for those living in compact quarters. The adaptability of this table means that it can serve various functions according to your needs, making it a valuable addition to any home.\n\nIn addition to its practical uses, the Ottawa Mini Workstation boasts a sleek and modern design that complements a variety of décor styles. Its clean lines and minimalistic aesthetic ensure that it blends effortlessly with existing furniture and enhances the overall look of your space. Available in several finishes, including classic wood tones and contemporary shades, you can select the option that best suits your personal style and home environment.\n\nThe construction of the Ottawa Mini Workstation is sturdy and reliable. Made from high-quality materials, it offers durability and stability, ensuring that it can withstand everyday use. Despite its compact size, the table provides ample surface area for your work or dining needs, offering a comfortable and functional experience.\n\nIn summary, the Ottawa Mini Workstation is more than just a space-saving table; it’s a versatile, foldable piece of furniture that adapts to your lifestyle. Its multipurpose design, combined with its stylish appearance and durable construction, makes it a valuable addition to any living space. Whether you need a small desk for work or a compact table for meals, the Ottawa Mini Workstation provides the functionality and elegance you need to make the most of your space.",6600.00,5500.00,50,0.0,0,,,,Delivery Charges Applicable,"[""study-tables"",""tables"",""study-room"",""best-offer""]",2026-03-16 21:10:43.52001+00,false,true,6600.00,12,Standard,0.00,,0,0,,false,true,30,,true,[],,,,,,1
1192,Zenith Rocking Easy Chair,zenith-rocking-easy-chair,119,34,"The Zenith Rocking Easy Chair is a sophisticated blend of style, comfort, and practicality, making it an indispensable piece of furniture for modern living spaces. Designed to enhance your relaxation and convenience, this chair incorporates several features that make it a standout option for anyone looking to optimize their home environment.\n\nOne of the primary advantages of the chair is its space-saving design. In today’s urban living, where space is often at a premium, finding furniture that doesn’t overcrowd your space is essential. This chair is designed with a compact footprint, ensuring that it fits comfortably in small or tight areas without sacrificing comfort. Its space-saving chair features allow it to blend seamlessly into a variety of environments, whether it's a compact apartment, a cozy reading nook, or a chic office lounge.\n\nThe chair’s foldable nature is another key feature that sets it apart. As a folding chair, It offers the versatility to be easily stored away when not in use. This makes it ideal for spaces where flexibility is required. When folded, it takes up minimal space, which is especially beneficial for those who occasionally need extra seating but don't want a permanent addition to their decor. The folding mechanism is smooth and straightforward, ensuring that the chair can be set up or put away quickly and effortlessly.\n\nComfort is a top priority for the chair, which is why it also functions as a lazy chair. With its ergonomic design, it provides excellent support and relaxation. The gentle rocking motion is particularly soothing, offering a calming experience that can help reduce stress and enhance your leisure time. Whether you're reading a book, watching television, or simply unwinding after a long day, this easy chair adapts to your needs, making relaxation effortless.\n\nConstructed with high-quality materials, It promises durability and long-lasting performance. The frame is crafted from robust yet lightweight materials, allowing for easy movement and repositioning. The upholstery is soft and comfortable, providing a luxurious feel while maintaining its durability. This ensures that the chair remains a staple in your home for years to come.\n\nIn addition to its practical features, It's design aesthetic complements various interior styles. Its sleek lines and contemporary look make it a versatile choice that enhances the visual appeal of any room. Whether used in a living room, study, or office, this chair adds a touch of elegance and modernity.\n\nOverall, the Zenith Rocking Easy Chair is a prime example of multipurpose furniture that excels in both form and function. Its space-saving, foldable design combined with its relaxing, easy chair attributes makes it an excellent choice for those seeking a practical and stylish seating solution.",16250.00,13000.00,50,0.0,0,,,,Delivery Charges Applicable,"[""rocking-chairs"",""study-room"",""living-room"",""best-offer""]",2026-03-16 21:10:53.650719+00,true,true,16250.00,12,Standard,0.00,,0,0,,false,true,30,,true,[],jf-7020,88.90,74,45,120,1
1193,Windsor Dining with Chairs,windsor-dining-with-chairs,120,34,"The Windsor Dining Table with Chairs offers a perfect blend of style and functionality, making it an ideal addition to any dining space. Designed with elegance and practicality in mind, this dining set is a standout choice for those seeking a sophisticated dining experience.\n\n**Dining Table:**\nThe centerpiece of the Windsor Dining Set is its robust dining table, crafted from high-quality materials to ensure durability and longevity. The table features a classic design with a smooth, polished surface that complements a variety of interior decor styles. Its generous size comfortably accommodates family dinners or gatherings, making it a versatile piece for both everyday use and special occasions. The sturdy legs and solid construction provide stability, while the timeless design ensures it remains a stylish focal point in your dining area for years to come.\n\n**Chairs:**\nAccompanying the table are elegantly designed chairs that enhance both comfort and aesthetic appeal. Each chair is crafted to provide ergonomic support, featuring a well-padded seat and backrest for maximum comfort during long meals. The chairs are upholstered in high-quality fabric or leather, offering a luxurious feel and easy maintenance. The design of the chairs complements the table perfectly, with matching wood finishes and intricate detailing that add a touch of refinement to your dining setup.\n\n**Functionality:**\nThe Windsor Dining Set is not only about looks but also about functionality. The dining table's spacious surface is ideal for setting up elaborate dinner spreads, while its sturdy build ensures it can handle the wear and tear of daily use. The chairs are designed to provide comfort and support, making them suitable for extended dining sessions, whether it’s a casual family meal or a formal dinner party.\n\n**Versatility:**\nThis dining set is versatile enough to fit in various kitchen and dining environments. Whether you have a modern, traditional, or eclectic decor style, the Windsor Dining Set adapts seamlessly to your space. It adds a touch of sophistication to your kitchen furniture and serves as a practical solution for dining needs.\n\n**Conclusion:**\nThe Windsor Dining Table with Chairs combines elegance, comfort, and functionality. It is the perfect choice for anyone looking to enhance their dining experience with a table and chairs that offer both style and practicality. Ideal for both casual meals and special occasions, this set will bring a sense of luxury and refinement to your dining area, making every meal a delightful experience.",54000.00,45000.00,50,0.0,0,,,,Delivery Charges Applicable,"[""dining-sets"",""dining-room"",""best-offer""]",2026-03-16 21:11:02.359285+00,false,true,54000.00,12,Standard,0.00,,0,0,,false,true,30,,true,[],,,,,,1
1194,Bendigo Diwan Bed,bendigo-diwan-bed,128,34,"The Bendigo Diwan bed epitomizes versatility and functionality, serving as a multipurpose piece of furniture ideal for space-saving solutions in various living environments. Crafted from high-quality wood, it combines the elegance of a traditional diwan with the practicality of a convertible sofa bed.\n\n**Design and Aesthetics:**\nDesigned with modern aesthetics in mind, It features a sleek and timeless design that enhances the ambiance of any room. Its wooden frame offers durability and a classic appeal, blending seamlessly with different interior styles.\n\n**Convertible Functionality:**\nThe Bendigo Diwan bed transforms effortlessly from a comfortable sofa during the day into a spacious bed at night. This dual functionality makes it perfect for small apartments, guest rooms, or any space where optimizing space is crucial.\n\n**Comfort and Support:**\nEquipped with plush cushions and a sturdy wooden frame, the diwan bed ensures optimal comfort and support whether used for lounging or sleeping. The cushions provide a cozy seating experience, while the robust structure guarantees stability as a bed.\n\n**Space-saving Efficiency:**\nIdeal for maximizing space, It offers practicality without sacrificing style. Its ability to serve as both a sofa and a bed eliminates the need for separate furniture pieces, making it a cost-effective and space-efficient solution.\n\n**Versatility in Use:**\nSuitable for various settings, including living rooms, bedrooms, or home offices, the diwan bed adapts to different needs throughout the day. It serves as a comfortable seating area for relaxation or socializing and seamlessly transitions into a sleeping area for overnight guests.\n\n**Assembly and Maintenance:**\nSetting up the Bendigo Diwan bed is straightforward, with minimal assembly required. The wooden frame is easy to maintain, ensuring longevity and preserving its aesthetic appeal with regular care.\n\n**Conclusion:**\nIn conclusion, the Bendigo Diwan bed combines functionality with elegance, offering a versatile and space-saving solution for modern living. Whether used as a sofa or a bed, its convertible design and durable construction make it an excellent choice for maximizing space while enhancing comfort and style in any home.",30600.00,23000.00,50,0.0,0,,,,Delivery Charges Applicable,"[""sofa-cum-beds"",""space-saving-furniture"",""bed-room"",""living-room"",""best-offer""]",2026-03-16 21:11:05.638723+00,false,true,30600.00,12,Standard,0.00,,0,0,,false,true,30,,true,[],,,,,,1
1195,Riga 3 Seater Wooden Sofa,riga-3-seater-wooden-sofa,133,34,"The Riga 3-seater wooden sofa represents a harmonious blend of classic elegance and functional design, making it an exceptional choice for any living room seeking both style and comfort. Crafted from high-quality wood, such as oak or teak, this sofa set showcases impeccable craftsmanship and durability.\n\nAt its core, the Riga 3-seater embodies the essence of traditional wooden furniture, characterized by sturdy construction and a timeless aesthetic. The wooden frame, crafted from solid hardwood, not only ensures robustness but also adds a warm and inviting charm to the living space. The natural grain and texture of the wood are often accentuated through meticulous finishing, enhancing its visual appeal and complementing various interior styles from rustic to contemporary.\n\nDesigned for comfort, the Riga sofa features generously padded cushions that provide plush seating and support. The three-seater configuration offers ample space for family gatherings, entertaining guests, or simply relaxing with loved ones. The ergonomic design ensures optimal comfort, allowing users to unwind comfortably while enjoying moments in their living room.\n\nThe versatility of the Riga 3-seater wooden sofa set extends beyond its aesthetic appeal and comfort. Its practical design makes it suitable for various living room layouts, whether as a central piece or part of a larger seating arrangement. The cohesive integration of wood and upholstery allows it to seamlessly blend into different decor schemes, enhancing the overall ambiance of the room.\n\nMaintaining the Riga 3-seater wooden sofa involves regular care to preserve its beauty and durability. Periodic cleaning and polishing of the wood help maintain its luster and protect against wear and tear. Upholstery care ensures that the cushions remain comfortable and pristine over time, ensuring longevity and continued enjoyment of the sofa set.\n\nIn terms of functionality, the Riga sofa set not only serves as a comfortable seating option but also enhances the living room's functionality. Its sturdy construction and spacious seating make it ideal for everyday use, accommodating both relaxation and social gatherings with ease. The durability of the wood ensures that the sofa set withstands the test of time, making it a wise investment for homeowners looking to furnish their living spaces with enduring elegance.\n\nOverall, the Riga 3-seater wooden sofa set exemplifies craftsmanship, comfort, and timeless appeal in living room furniture. Its blend of solid wood construction, plush cushions, and versatile design makes it a versatile and sophisticated choice for creating a welcoming and stylish living environment. Whether used as a focal point or part of a cohesive ensemble, the Riga sofa set promises to enhance any living room with its enduring beauty and practical functionality.",30600.00,25500.00,50,0.0,0,,,,Delivery Charges Applicable,"[""3-1-1-sofas"",""sofa"",""living-room"",""best-offer""]",2026-03-16 21:11:14.23904+00,false,true,30600.00,12,Standard,0.00,,0,0,,false,true,30,,true,[],,,,,,1
1196,Lyra Iron Table Cum Ladder,lyra-iron-table-cum-ladder,132,34,"The Lyra Iron Table cum Ladder is a masterclass in combining utility and style, making it an essential piece of multipurpose furniture for any modern home. Perfectly suited for those who value both form and function, this innovative piece seamlessly integrates a table with a ladder, offering a space-saving solution for a variety of needs.\n\nCrafted from high-quality steel, the Lyra Iron Table cum Ladder epitomizes durability and resilience. The robust metal construction ensures that the table is not only sturdy enough to handle everyday use but also resilient against wear and tear. Its sleek, iron finish adds a contemporary touch, making it an attractive addition to any living space, whether it's used in a study, living room, or even a home office.\n\nAs a table, the Lyra Iron Table cum Ladder provides ample surface area for a range of activities. Whether you need a place to work on projects, write, or simply display decorative items, this table meets your needs with elegance and practicality. Its clean lines and minimalist design contribute to a modern aesthetic that blends effortlessly with existing décor.\n\nWhat sets this table apart is its dual functionality. When not in use as a table, the Lyra Iron Table cum Ladder transforms into a convenient ladder. This feature is particularly beneficial in spaces where every inch counts. The ladder is perfect for reaching high shelves or accessing items stored in upper cabinets. Its design ensures stability and safety, so you can use it with confidence for a variety of tasks.\n\nThe Lyra Iron Table cum Ladder excels in space-saving efficiency. In compact living areas, where every piece of furniture needs to be both functional and compact, this innovative design helps maximize available space. By integrating a ladder into a table, it eliminates the need for additional storage or ladder solutions, streamlining your living area and reducing clutter.\n\nIn addition to its functional benefits, the table cum ladder's sleek design complements various interior styles. Whether your home features modern, industrial, or contemporary décor, the Lyra Iron Table cum Ladder adds a sophisticated touch while serving as a practical solution for your everyday needs.\n\nOverall, the Lyra Iron Table cum Ladder represents a versatile and space-efficient piece of furniture that perfectly aligns with modern living demands. Its robust steel construction, stylish design, and multi-functionality make it a standout choice for anyone seeking to enhance their home with practical and stylish furniture solutions.",6125.00,4900.00,50,0.0,0,,,,Delivery Charges Applicable,"[""foldable-tables"",""space-saving-furniture"",""tables"",""study-room"",""best-offer""]",2026-03-16 21:11:17.911299+00,true,true,6125.00,12,Standard,0.00,,0,0,,false,true,30,,true,[],jf-7070,6.50,110,16,17,1
1197,Ariane Folding Dining Table,ariane-folding-dining-table,120,34,"The Ariane Folding Dining Table 4-Seater is a remarkable fusion of style, practicality, and space-saving design, tailored to enhance any dining experience while optimizing space. This versatile dining table serves as an excellent addition to both compact and spacious dining areas, making it a must-have for modern homes.\n\n**Design and Aesthetics:**\nCrafted with a sleek and contemporary design, the Ariane Folding Dining Table seamlessly blends with various interior styles, from minimalistic to traditional. Its clean lines and elegant finish elevate the aesthetic of any kitchen or dining space, providing a sophisticated touch to your home décor. The table's surface is available in a range of high-quality materials and finishes, ensuring it complements your existing furniture and color schemes perfectly.\n\n**Functionality and Versatility:**\nOne of the standout features of the Ariane Dining Table is its foldable design, which offers exceptional flexibility and convenience. When fully extended, it comfortably accommodates four people, making it perfect for family meals or small gatherings. However, when space is at a premium or you need extra room for other activities, the table can be easily folded and stored away. This space-saving feature is ideal for apartments, small dining rooms, or multifunctional spaces where maximizing floor area is crucial.\n\n**Durability and Construction:**\nBuilt with durability in mind, the Ariane Folding Dining Table boasts a robust frame and high-quality materials that ensure longevity and resilience. The table's sturdy construction can withstand daily use, making it a reliable choice for frequent meals and entertaining. Whether you choose a wooden finish for a classic look or a sleek metal option for a modern touch, the Ariane Dining Table is designed to maintain its charm and functionality over time.\n\n**Ease of Use:**\nThe folding mechanism of the Ariane Dining Table is user-friendly, allowing for smooth and effortless operation. Whether you are setting up for a dinner party or stowing it away after a meal, the table's folding action is simple and quick. This ease of use is complemented by the table’s lightweight design, making it easy to handle and reposition as needed.\n\n**Practicality for Everyday Life:**\nIn addition to its aesthetic and functional benefits, the Ariane Folding Dining Table is designed with practicality in mind. It provides ample surface area for dining, working, or other activities, while its space-saving capabilities ensure that your living area remains uncluttered and organized. This makes it an excellent choice for those who value both style and efficiency in their home furnishings.\n\nOverall, the Ariane Folding Dining Table 4-Seater is a versatile, stylish, and practical piece of kitchen furniture that enhances any dining space. Its folding design, durability, and elegant finish make it an ideal choice for modern living, offering both functionality and aesthetic appeal in one compact package.",12900.00,7627.00,50,0.0,0,,,,Delivery Charges Applicable,"[""wooden-dinings"",""dining-room"",""best-offer""]",2026-03-16 21:11:29.083175+00,false,true,12900.00,12,Standard,0.00,,0,0,,false,true,30,,true,[],jf-7190,,,,,1
1198,Jinli Sliding Study Desk,jinli-sliding-study-desk,119,34,"The Jinli Sliding Study Desk is the quintessential solution for modern study spaces, designed to seamlessly blend functionality with style. Perfectly suited for students, home offices, or any area requiring a dedicated study station, this desk is a marvel of space efficiency and practical design.\n\nConstructed with durability in mind, the Jinli Sliding Study Desk features a robust and elegant surface that is both stylish and easy to maintain. The sleek design is complemented by a range of smart features, making it an essential addition to any study environment.\n\nOne of the standout attributes of the Jinli Study Desk is its innovative sliding mechanism. This feature allows you to adjust the desk’s dimensions according to your needs, whether you require more workspace or wish to maximize room space. The sliding functionality is incredibly user-friendly, enabling you to expand or contract the desk with minimal effort.\n\nThe desk is equipped with ample storage solutions, catering to the needs of students and professionals alike. It includes multiple compartments and drawers, which are ideal for organizing books, stationery, and other study essentials. This thoughtful inclusion of storage helps keep your workspace clutter-free, promoting a more productive and focused study session.\n\nThe Jinli Sliding Study Desk is designed to accommodate various study chairs, ensuring a comfortable and ergonomic setup. Its height and width adjustments pair seamlessly with most study chairs, allowing for a personalized fit that enhances overall comfort during extended periods of use.\n\nIn addition to its practical features, the desk’s design is aesthetically pleasing, making it a stylish choice for any modern decor. The clean lines and minimalist approach ensure that it complements a wide range of interior styles, from contemporary to classic.\n\nFor those concerned with space, the Jinli Study Desk excels in space-saving functionality. Its adaptable design means it can fit into tighter spaces without sacrificing functionality or comfort. When not in use, the desk can be compacted to provide more room, making it an excellent choice for smaller areas or multi-purpose rooms.\n\nOverall, the Jinli Sliding Study Desk offers a comprehensive solution for anyone in need of a versatile, stylish, and practical study area. Its space-saving features, ample storage, and adjustable design make it a top choice for students and professionals seeking an efficient workspace that adapts to their needs.",10200.00,8500.00,50,0.0,0,,,,Delivery Charges Applicable,"[""study-chairs"",""study-room"",""best-offer""]",2026-03-16 21:11:37.069676+00,false,true,10200.00,12,Standard,0.00,,0,0,,false,true,30,,true,[],,,,,,1
1199,Charcoal 5 seater sofa,charcoal-5-seater-sofa,133,34,"The charcoal 5-seater sofa set combines elegance and functionality, making it a centerpiece in any living room. Crafted from high-quality materials, such as wood and leather, it offers durability and luxury.\n\nDesigned for comfort, the charcoal 5-seater sofa features plush cushions and ergonomic design. The seating arrangement typically includes a spacious three-seater sofa and two individual armchairs, providing ample seating for gatherings or family relaxation. The charcoal color enhances its sophistication, blending seamlessly with various interior styles from modern to classic.\n\nThe wooden frame of the sofa set adds stability and robustness, ensuring long-lasting performance. It's often crafted from hardwood like oak or teak, offering strength and resilience. This makes the sofa set suitable for everyday use without compromising on comfort.\n\nFor added luxury, some models may feature leather upholstery, known for its softness and durability. The leather adds a touch of elegance while being easy to maintain, making it ideal for households with children or pets. The charcoal hue complements the leather's natural texture, creating a timeless appeal.\n\nThe design of the charcoal 5-seater sofa set is versatile, catering to different spatial and aesthetic preferences. It can serve as a focal point in a spacious living room or seamlessly blend into smaller settings without overpowering the space. The cohesive design ensures that each piece harmonizes, creating a cohesive and inviting atmosphere.\n\nMaintaining the charcoal 5-seater sofa set involves regular cleaning and conditioning of the leather upholstery and periodic polishing of the wooden frame. This upkeep helps preserve its pristine condition and extends its lifespan, allowing homeowners to enjoy its comfort and elegance for years to come.\n\nOverall, the charcoal 5-seater sofa set embodies the essence of luxury and practicality in living room furniture. Its combination of sturdy wooden construction, plush seating, and leather upholstery offers both comfort and sophistication. Whether used for entertaining guests or relaxing with family, this sofa set enhances the ambiance of any living space with its timeless design and enduring appeal.",70000.00,47500.00,50,0.0,0,,,,Delivery Charges Applicable,"[""cushion-sofas"",""sofa"",""living-room"",""best-offer""]",2026-03-16 21:11:47.847849+00,false,true,70000.00,12,Standard,0.00,,0,0,,false,true,30,,true,[],,,,,,1
1200,Big Handle Sofa Cum Bed,big-handle-sofa-cum-bed,128,34,"The Big Handle Sofa Cum Bed exemplifies versatility and functionality, making it an ideal choice for maximizing space in any living area. This convertible sofa bed seamlessly transitions from a stylish seating option to a comfortable bed, catering to both relaxation and sleeping needs.\n\n**Design and Comfort:**\nCrafted with modern aesthetics in mind, the Big Handle Sofa Cum Bed features a sleek design that enhances the decor of any room. Its plush cushions and durable upholstery provide exceptional comfort whether used as a sofa or a bed.\n\n**Convertibility:**\nEffortlessly transform the sofa into a bed with a simple mechanism that allows the backrest to fold down. This feature makes it convenient for accommodating overnight guests or providing a quick sleeping solution without compromising on comfort.\n\n**Space-saving Functionality:**\nDesigned for efficiency, the sofa bed optimizes space by serving dual purposes. It serves as a stylish seating area during the day and easily converts into a comfortable bed at night, making it perfect for apartments, studios, or small living spaces.\n\n**Quality and Durability:**\nBuilt to last, the Big Handle Sofa Cum Bed is constructed from high-quality materials such as sturdy wood or metal frames and resilient upholstery. This ensures durability and longevity, offering reliable performance over time.\n\n**Versatility in Use:**\nIdeal for various settings, including living rooms, guest rooms, or home offices, the sofa bed provides versatility in its usage. It adapts to different needs, from everyday lounging to occasional sleeping arrangements, making it a practical addition to any home.\n\n**Assembly and Maintenance:**\nSetting up the Big Handle Sofa Cum Bed is straightforward, with minimal assembly required. Maintenance is also simple, with easy-to-clean upholstery ensuring the sofa bed retains its appearance and functionality.\n\n**Conclusion:**\nIn conclusion, the Big Handle Sofa Cum Bed combines style with functionality, offering a space-saving solution that enhances comfort and versatility in any living space. Whether used as a sofa or a bed, its convertible design and durable construction make it an excellent choice for maximizing space without compromising on style or comfort.",0.00,,50,0.0,0,,,,Delivery Charges Applicable,"[""sofa-cum-beds"",""space-saving-furniture"",""bed-room"",""living-room""]",2026-03-16 21:11:58.697783+00,false,true,,12,Standard,0.00,,0,0,,false,true,30,,false,[],,,,,,1
1201,Ariel Folding Cot With 6 inch Mattress,ariel-folding-cot-with-6-inch-mattress,118,34,"The Ariel Folding Cot with a 6-inch mattress offers a versatile and space-saving solution for comfortable sleeping arrangements in various settings. Crafted with a foldable steel frame and a thick mattress, this bed combines convenience with durability, making it perfect for guest rooms, small apartments, or any space where maximizing floor space is essential.\n\n**Comfortable Mattress:**\nThe Ariel Folding Cot comes equipped with a 6-inch thick mattress, providing ample comfort and support for a restful night's sleep. The mattress ensures that users can enjoy a comfortable sleeping surface without the need for additional bedding.\n\n**Durable Steel Frame:**\nBuilt from sturdy steel, the cot's frame offers robust support and stability. It can withstand regular use and provides a reliable platform for the mattress, ensuring long-lasting durability.\n\n**Space-saving Design:**\nDesigned with efficiency in mind, the cot folds compactly when not in use. This feature makes it easy to store in closets, under beds, or in storage rooms, maximizing space in smaller living areas or guest rooms.\n\n**Versatile Use:**\nIdeal for various environments, the Ariel Folding Cot serves as a practical solution for guest accommodations, camping trips, or as an extra bed for unexpected visitors. Its portability and ease of setup make it convenient for temporary sleeping arrangements.\n\n**Easy Assembly and Maintenance:**\nSetting up the Ariel Folding Cot is straightforward, requiring minimal effort and tools. The steel frame is easy to clean and maintain, ensuring its longevity and reliability over time.\n\n**Practicality and Convenience:**\nWhether used for occasional guests or as a permanent sleeping solution, the Ariel Folding Cot with a 6-inch mattress offers both practicality and comfort. Its sturdy construction and included mattress provide a complete sleeping setup that maximizes convenience in any space.\n\n**Conclusion:**\nIn conclusion, the Ariel Folding Cot with a 6-inch mattress combines comfort with space-saving efficiency, making it an excellent choice for any setting needing an extra sleeping option. Its durable steel frame, comfortable mattress, and foldable design ensure versatility and ease of use, enhancing the functionality of guest rooms, small apartments, or temporary living arrangements.",23800.00,16864.00,50,0.0,0,,,,Delivery Charges Applicable,"[""folding-beds"",""bed-room"",""best-offer""]",2026-03-16 21:12:09.116967+00,false,true,23800.00,12,Standard,0.00,,0,0,,false,true,30,,true,[],jf-5250,,,,,1
1202,Columbia Folding Cot 3 feet,columbia-folding-cot-3-feet,118,34,"The Columbia Folding Cot in 3 feet offers a practical solution for temporary sleeping arrangements in compact spaces. Crafted from durable steel, this foldable cot is designed for both comfort and convenience, making it ideal for guest rooms, campsites, and other temporary settings.\n\n**Durable Steel Construction:**\nThe Columbia Folding Cot is built with sturdy steel, ensuring stability and durability. The robust frame provides strong support for a comfortable sleeping surface, accommodating individuals with ease.\n\n**Space-saving Design:**\nDesigned for efficiency, the cot folds easily for storage when not in use. Its compact size allows it to be stored conveniently in closets, under beds, or in storage rooms, making it suitable for small apartments or homes with limited space.\n\n**Versatile Use:**\nIdeal for various environments, including guest rooms, camping trips, or as an extra bed for unexpected guests. Its portable design makes it easy to transport and set up wherever needed.\n\n**Comfortable Sleeping Surface:**\nThe cot features a comfortable sleeping surface, ensuring a restful night's sleep. It provides adequate support while the sturdy steel frame maintains stability throughout use.\n\n**Easy Assembly and Maintenance:**\nSetting up the Columbia Folding Cot is straightforward and requires minimal effort. The steel frame is easy to clean and maintain, ensuring long-term durability and reliability.\n\n**Practicality and Convenience:**\nWhether for occasional use or as a permanent addition to your home's sleeping options, the Columbia Folding Cot offers practicality and convenience. Its foldable design and durable construction make it a versatile choice for any space needing an extra sleeping solution.\n\n**Conclusion:**\nIn conclusion, the Columbia Folding Cot in 3 feet combines durability with practicality, offering a reliable sleeping solution that maximizes space efficiency. Whether for temporary accommodations or regular use, its sturdy steel construction and foldable design ensure comfort and convenience wherever it's placed.",0.00,,50,0.0,0,,,,Delivery Charges Applicable,"[""metal-cots"",""space-saving-furniture"",""bed-room""]",2026-03-16 21:12:22.801773+00,false,true,,12,Standard,0.00,,0,0,,false,true,30,,false,[],jf-5240,,,,,1
1203,Alpha Recliner Folding Cot,alpha-recliner-folding-cot,127,34,"The Alpha Recliner Folding Cot combines the functionality of a recliner with the convenience of a foldable cot, offering a versatile solution for space-saving needs. Crafted from durable steel, this cot provides a comfortable sleeping or lounging experience while maximizing floor space efficiency.\n\n**Versatile Design:**\nThe Alpha Recliner Folding Cot features a dual-purpose design, serving as both a comfortable bed and a reclining chair. This versatility makes it ideal for small apartments, guest rooms, or any space where multi-functional furniture is essential.\n\n**Comfortable Reclining Mechanism:**\nEquipped with a reclining backrest, the cot allows users to adjust their position for optimal comfort while reading, watching TV, or relaxing. The sturdy steel frame supports various recline angles, providing personalized comfort levels.\n\n**Space-saving Efficiency:**\nDesigned for compact living spaces, the foldable nature of the Alpha Recliner Folding Cot ensures easy storage when not in use. It folds down into a compact size, making it convenient to store in closets, under beds, or in storage rooms.\n\n**Durable Construction:**\nCrafted from high-quality steel, the cot offers durability and stability for long-term use. The robust frame supports a comfortable sleeping surface, ensuring a restful night's sleep or a relaxing lounging experience.\n\n**Practical Usage:**\nIdeal for both overnight guests and daily relaxation, It serves various purposes. Its foldable design makes it suitable for temporary sleeping arrangements or as an additional seating option in living rooms.\n\n**Assembly and Maintenance:**\nSetting up the Alpha Recliner Folding Cot is straightforward and requires minimal effort. The steel frame is easy to clean and maintain, ensuring it remains in top condition with regular care.\n\n**Conclusion:**\nIn conclusion, the Alpha Recliner Folding Cot combines functionality with space-saving efficiency, offering a versatile solution for modern living spaces. Whether used as a bed or a reclining chair, its durable construction and foldable design make it an excellent choice for maximizing comfort and convenience while optimizing floor space.",23750.00,19000.00,50,0.0,0,,,,Delivery Charges Applicable,"[""recliner-folding-beds"",""space-saving-furniture"",""bed-room""]",2026-03-16 21:12:33.79835+00,false,true,23750.00,12,Standard,0.00,,0,0,,false,true,30,,false,[],jf-5270,110.00,101,41,120,1
1204,Ancient Folding Cot 5 Feet,ancient-folding-cot-5-feet,118,34,"The Opel Platform Ancient Folding Cot 5 Feet represents a blend of practicality and comfort, perfect for maximizing space in any setting. Crafted from robust steel, this rollaway bed offers a convenient solution for temporary sleeping arrangements without compromising on durability.\n\n**Sturdy Construction:**\nBuilt with durable steel, the Opel Platform Ancient Folding Cot ensures stability and long-lasting performance. The strong frame supports a comfortable sleeping surface, providing reliable support throughout the night.\n\n**Foldable Design:**\nFeaturing a foldable mechanism, this cot is easy to set up and store. When not in use, it folds compactly for convenient storage in closets, under beds, or in storage rooms. This makes it an ideal choice for guest rooms, vacation homes, or any space where versatility is key.\n\n**Space-saving Efficiency:**\nThe cot's design maximizes space efficiency, making it suitable for rooms with limited floor space. Its foldable nature allows it to be used as an additional bed for guests or as a primary sleeping solution in smaller living spaces.\n\n**Versatility and Usage:**\nIdeal for both residential and commercial use, the Opel Platform Ancient Folding Cot serves various purposes. It provides a comfortable bed for guests, temporary accommodations during home renovations, or for travel purposes.\n\n**Assembly and Maintenance:**\nSetting up the Opel Platform Ancient Folding Cot is straightforward and requires minimal effort. The steel frame is easy to clean and maintain, ensuring it remains in top condition for extended use.\n\n**Conclusion:**\nIn conclusion, the Opel Platform Ancient Folding Cot 5 Feet combines durability, functionality, and space-saving design into a versatile sleeping solution. Whether used for guests or as a temporary bed in smaller spaces, its sturdy construction and foldable design make it an excellent choice for optimizing living areas while ensuring comfort and convenience.",31000.00,21780.00,50,0.0,0,,,,Delivery Charges Applicable,"[""folding-beds"",""space-saving-furniture"",""bed-room"",""best-offer""]",2026-03-16 21:12:47.828479+00,false,true,31000.00,12,Standard,0.00,,0,0,,false,true,30,,true,[],JF-5210,,,,,1
1205,Opel Platform Cot WithOut Mattress Single,opel-platform-cot-without-mattress-single,118,34,"The Opel Platform Cot Without Mattress in single size offers a practical and space-saving sleeping solution, crafted from durable tubular metal. Designed for versatility and ease of use, this foldable cot is ideal for various settings, from guest rooms to temporary accommodations.\n\n**Durability and Construction:**\nBuilt with sturdy tubular metal, the Opel Platform Cot ensures reliability and longevity. The metal frame provides robust support for the mattress, offering a stable and comfortable sleeping surface.\n\n**Foldable Design:**\nFeaturing a foldable design, the cot allows for effortless setup and storage. When not in use, it can be conveniently folded down to a compact size, making it easy to store in closets, under beds, or in storage rooms. This makes it an excellent choice for homes where space is at a premium.\n\n**Space-saving Efficiency:**\nThe Opel Platform Cot's compact footprint maximizes space efficiency, making it suitable for rooms with limited space. Whether used as an extra bed for guests or a primary sleeping arrangement in smaller living spaces, its foldable nature ensures versatility without compromising comfort.\n\n**Versatility and Usage:**\nIdeal for both residential and commercial use, the cot offers versatility in various environments. It serves well as a temporary bed for guests, in vacation homes, hostels, or as a spare bed during home renovations or moving.\n\n**Assembly and Maintenance:**\nSetting up the Opel Platform Cot is straightforward and requires minimal assembly. The metal frame is easy to clean and maintain, ensuring lasting durability and resistance to wear and tear over time.\n\n**Conclusion:**\nIn conclusion, the Opel Platform Cot Without Mattress single size combines durability, functionality, and space-saving design into a versatile sleeping solution. Whether used for guests or daily use in smaller spaces, its sturdy construction and foldable design make it an ideal choice for optimizing living space while ensuring comfort and convenience.",6300.00,4492.00,50,0.0,0,,,,Delivery Charges Applicable,"[""folding-beds"",""bed-room"",""best-offer""]",2026-03-16 21:13:01.455004+00,false,true,6300.00,12,Standard,0.00,,0,0,,false,true,30,,true,[],jf-5450-1,,,,,1
1206,Opel Platform Cot WithOut Mattress Double,opel-platform-cot-without-mattress-double,118,34,"The Opel Platform Cot Without Mattress Double exemplifies practicality and durability in a space-saving design. Crafted from sturdy tubular metal, this foldable cot offers a reliable sleeping solution ideal for various settings, from guest rooms to temporary accommodations.\n\n**Durability and Construction:**\nConstructed with robust tubular metal, the Opel Platform Cot ensures stability and longevity. The metal frame provides strong support for the mattress, ensuring a comfortable and secure sleep surface.\n\n**Foldable Design:**\nThe cot features a foldable design that allows for easy setup and storage. When not in use, it can be conveniently folded down to a compact size, making it ideal for storing in closets, under beds, or in storage rooms.\n\n**Space-saving Efficiency:**\nDesigned with space efficiency in mind, the Opel Platform Cot's compact footprint is perfect for rooms with limited space. Its foldable nature allows it to be used as an extra bed for guests or as a primary sleeping arrangement in smaller living spaces.\n\n**Versatility and Usage:**\nIdeal for both residential and commercial use, the cot offers versatility in various settings. It serves well as a temporary bed for guests, in vacation homes, hostels, or as an emergency bed during renovations.\n\n**Assembly and Maintenance:**\nSetting up the Opel Platform Cot is straightforward and requires minimal assembly. The metal frame is easy to clean and maintain, ensuring lasting durability and resistance to wear and tear over time.\n\n**Conclusion:**\nIn summary, the Opel Platform Cot Without Mattress Double combines durability, functionality, and space-saving design into a versatile sleeping solution. Whether used for guests or as a primary bed in smaller spaces, its sturdy construction and foldable design make it a practical choice for optimizing living space without compromising on comfort or quality.",12700.00,8983.00,50,0.0,0,,,,Delivery Charges Applicable,"[""folding-beds"",""bed-room"",""best-offer""]",2026-03-16 21:13:11.048555+00,false,true,12700.00,12,Standard,0.00,,0,0,,false,true,30,,true,[],jf-5450,,,,,1
1207,Sigma Convertable Bunk Bed,sigma-convertable-bunk-bed,135,34,"The Sigma Convertable Bunk Bed, also known as the Heartin Bunker Bed, offers a versatile and space-saving solution for children's bedrooms. This double decker bed is designed to maximize floor space while providing comfortable sleeping arrangements for two children.\n\n**Design and Versatility:**\nCrafted with practicality in mind, the Sigma Convertable Bunk Bed features a sturdy frame that accommodates two twin mattresses. Its convertible design allows it to be used as a traditional bunk bed, stacked one above the other, or separated into two standalone twin beds. This flexibility makes it an ideal choice for growing families or rooms with varying space needs.\n\n**Space-saving Efficiency:**\nThe bunk bed's vertical layout is perfect for optimizing space in kids' bedrooms or smaller living areas. By stacking beds, it frees up valuable floor space for play or study areas, enhancing the functionality of the room without compromising on comfort.\n\n**Safety Features:**\nSafety is paramount with the Sigma Convertable Bunk Bed, equipped with built-in guardrails on the upper bunk to prevent accidental falls. A secure ladder provides easy access to the top bunk while ensuring stability and safety for children using the bed.\n\n**Quality and Construction:**\nBuilt from durable materials, such as solid wood or metal, the Sigma Convertable Bunk Bed is designed to withstand the rigors of children's play and sleep. Its robust construction ensures long-lasting durability, making it a reliable choice for years of use.\n\n**Assembly and Maintenance:**\nSetting up the Sigma Convertable Bunk Bed is straightforward, typically requiring basic tools and following detailed instructions. The bed's materials are easy to clean and maintain, ensuring it retains its appearance and functionality over time.\n\n**Conclusion:**\nIn summary, the Sigma Convertable Bunk Bed, also known as the Heartin Bunker Bed, combines versatility with practicality to offer a space-saving solution for children's bedrooms. Whether used as a bunk bed or separated into twin beds, its durable construction, safety features, and efficient use of space make it an excellent choice for families looking to optimize their living space without compromising on quality or safety.",20399.00,16017.00,50,0.0,0,,,,Delivery Charges Applicable,"[""bunk-beds"",""space-saving-furniture"",""bed-room"",""best-offer""]",2026-03-16 21:13:21.008851+00,false,true,20399.00,12,Standard,0.00,,0,0,,false,true,30,,true,[],jf-9010,,,,,1
1208,Century Convertable Bunk Bed,century-convertable-bunk-bed,135,34,"Century Convertable Bunk Bed is the ultimate solution for maximizing space in kids' rooms while offering versatile functionality. This double decker bed transforms from a traditional stacked bunk bed into two separate twin beds, providing flexibility as children grow or room arrangements change.\n\n**Design and Versatility:**\nCrafted with durability in mind, It features a robust frame that accommodates two twin mattresses. Its versatile design allows it to be used as a traditional bunk bed for siblings sharing a room or separated into two standalone twin beds, offering flexibility as needs evolve.\n\n**Space-saving Efficiency:**\nIdeal for optimizing floor space in kids' bedrooms or smaller living quarters, the bunk bed's vertical configuration maximizes room for play or study areas. This makes it a practical choice for families looking to make the most of limited space without compromising on comfort or style.\n\n**Safety Features:**\nEquipped with sturdy guardrails on the upper bunk and a secure ladder, Century Convertable Bunk Bed ensures safety during use. These features provide peace of mind for parents, preventing accidental falls and enhancing the overall safety of the bed.\n\n**Quality and Construction:**\nBuilt from high-quality materials, such as solid wood or durable metal, the bunk bed is designed to withstand the wear and tear of childhood. Its sturdy construction ensures longevity, making it a reliable investment for growing families.\n\n**Assembly and Maintenance:**\nSetting up Century Convertable Bunk Bed is straightforward, typically requiring basic tools and following detailed instructions. The bed's materials are easy to clean and maintain, ensuring it retains its appearance and functionality over time.\n\n**Conclusion:**\nIn summary, Century Convertable Bunk Bed combines practicality with versatility, offering a space-saving solution that adapts to changing family needs. Whether used as a bunk bed or as separate twin beds, its durable construction, safety features, and efficient use of space make it an ideal choice for kids' rooms seeking functionality without sacrificing style.",22750.00,18200.00,50,0.0,0,,,,Delivery Charges Applicable,"[""bunk-beds"",""space-saving-furniture"",""bed-room"",""best-offer""]",2026-03-16 21:13:27.050615+00,false,true,22750.00,12,Standard,0.00,,0,0,,false,true,30,,true,[],jf-9020,100.10,195,22,105,1
1209,Virgo Bunk Bed,virgo-bunk-bed,135,34,"The Virgo Bunk Bed exemplifies practicality and efficiency in maximizing sleeping arrangements while saving space. Constructed from sturdy steel tubing, this double decker bed offers durability and stability, making it ideal for both residential and commercial settings where maximizing floor space is essential.\n\n**Durability and Construction:**\nCrafted with robust steel tubing, It ensures reliable support for both the upper and lower bunks. This sturdy construction not only enhances safety but also guarantees longevity, capable of withstanding regular use over time.\n\n**Design and Aesthetics:**\nThe bunk bed features a sleek and minimalist design, complementing various interior styles with its clean lines and modern appearance. Its tubular steel frame provides a contemporary look while maintaining practicality and functionality.\n\n**Space-saving Efficiency:**\nDesigned specifically for efficiency, the Virgo Bunk Bed's vertical configuration optimizes floor space in shared bedrooms, dormitories, or any environment where space is limited. This allows for more usable area within the room, accommodating multiple sleepers without compromising on comfort.\n\n**Versatility and Usage:**\nIdeal for accommodating two individuals in a single compact footprint, the bunk bed is versatile in its application. It serves well in homes with children sharing a room, in vacation rentals, hostels, or boarding schools, providing a practical solution for maximizing sleeping arrangements without sacrificing comfort.\n\n**Safety Features:**\nEquipped with safety rails on the upper bunk, the Virgo Bunk Bed ensures security and peace of mind, particularly for younger users. These rails help prevent accidental falls during sleep, enhancing the overall safety of the bed.\n\n**Assembly and Maintenance:**\nSetting up the Virgo Bunk Bed is straightforward, typically requiring minimal assembly with included instructions and basic tools. The steel frame is easy to clean and maintain, ensuring hassle-free upkeep for long-term use.\n\n**Conclusion:**\nIn conclusion, the Virgo Bunk Bed combines durability, functionality, and space-saving design into a versatile sleeping solution. Whether used in residential or commercial settings, its sturdy construction, safety features, and efficient use of space make it a practical choice for accommodating multiple sleepers comfortably while maximizing floor space.",18750.00,15000.00,50,0.0,0,,,,Delivery Charges Applicable,"[""bunk-beds"",""space-saving-furniture"",""bed-room"",""best-offer""]",2026-03-16 21:13:33.206085+00,false,true,18750.00,12,Standard,0.00,,0,0,,false,true,30,,true,[],jf-9040,81.00,195,22,85,1
1210,Alya Laptop Table Height Adjustable,alya-laptop-table-height-adjustable,132,34,"### Alya Laptop Table Height Adjustable: The Ultimate in Versatile, Space-Saving Convenience\n\nThe Alya Laptop Table Height Adjustable is the epitome of modern convenience and functionality, designed to cater to your dynamic lifestyle. Perfectly blending form and function, this innovative laptop table is an essential addition to any living space, offering an exceptional blend of practicality and aesthetic appeal.\n\n**Folding and Space-Saving Design**\n\nOne of the standout features of the Alya Laptop Table is its folding mechanism, which makes it an ideal choice for those who value efficient use of space. This foldable laptop table easily collapses when not in use, allowing you to store it effortlessly in a closet or under the bed. Its compact design ensures that you can utilize every inch of your room, making it perfect for small apartments, dorm rooms, or any area where space is at a premium.\n\n**Height Adjustable Functionality**\n\nVersatility is at the core of the Alya Laptop Table’s design. It features a height-adjustable function, allowing you to customize the table’s height to your preferred working position. Whether you’re seated on the couch, in a chair, or even standing, you can adjust the table to match your comfort level. This feature not only enhances ergonomic support but also ensures that you maintain a healthy posture while working or browsing.\n\n**Ergonomic and Practical**\n\nThe adjustable height feature is particularly beneficial for users who may experience discomfort with standard desk heights. By customizing the height of the laptop table, you can reduce strain on your neck and back, making long working hours more comfortable. The table’s ergonomic design helps in creating a productive and enjoyable workspace, whether you’re working from home, studying, or simply using your laptop for leisure.\n\n**Stylish and Durable Construction**\n\nCrafted with a sleek and modern aesthetic, the Alya Laptop Table is designed to seamlessly integrate into any room décor. Its minimalist style complements a wide range of interior designs, from contemporary to traditional. Made from high-quality materials, this foldable laptop table is not only stylish but also durable, ensuring long-lasting performance. The sturdy construction can support your laptop and other essential items securely, providing a reliable workspace.\n\n**Ease of Use and Maintenance**\n\nSetting up the Alya Laptop Table is straightforward and user-friendly. The foldable mechanism operates smoothly, allowing you to transition between storage and use with minimal effort. Cleaning and maintaining the table is also easy, thanks to its wipe-clean surface. This ensures that your workspace remains neat and organized without requiring excessive upkeep.\n\nIn summary, the Alya Laptop Table Height Adjustable offers a perfect combination of functionality, style, and convenience. Its foldable and space-saving design, coupled with adjustable height features, make it an invaluable addition to any living space. Whether used for work, study, or relaxation, this table provides an adaptable and ergonomic solution to meet your needs.",4400.00,3136.00,50,0.0,0,,,,Delivery Charges Applicable,"[""space-saving-furniture"",""tables"",""study-room"",""best-offer""]",2026-03-16 21:13:43.748165+00,false,true,4400.00,12,Standard,0.00,,0,0,,false,true,30,,true,[],jf-7160,,,,,1
1211,Xian Foldable Visitor Chair,xian-foldable-visitor-chair,119,34,"The Xian Foldable Visitor Chair is an excellent addition to any home or office, combining style, functionality, and space efficiency. Designed as a versatile seating solution, this folding chair offers a practical answer for managing guest seating while keeping your living or workspace organized.\n\nCrafted with convenience in mind, the Xian Foldable Visitor Chair features a sleek and modern design that seamlessly fits into a variety of décor styles. Its minimalist aesthetic ensures that it complements both contemporary and traditional interiors. Whether you’re hosting a large gathering or simply need extra seating for unexpected visitors, this chair is an ideal choice.\n\nThe standout feature of the Xian chair is its foldable design, which makes it an exceptional example of space-saving furniture. When not in use, the chair can be effortlessly folded and stored away, minimizing clutter and freeing up valuable space. This is particularly advantageous in smaller rooms or offices where space is at a premium. The chair’s compact size when folded means it can be easily tucked into a closet, corner, or even under a bed, ensuring that your space remains tidy and functional.\n\nIn addition to its space-saving capabilities, the Xian Foldable Visitor Chair is designed for comfort and durability. The seat and backrest are padded with high-density foam, providing a comfortable seating experience even during extended periods. The chair’s frame is constructed from robust steel, ensuring stability and longevity. Its lightweight design allows for easy mobility, making it simple to move the chair from room to room as needed.\n\nThe Xian chair is also equipped with a user-friendly locking mechanism that keeps the chair securely in place when unfolded. This feature adds an extra layer of safety, preventing accidental folding while in use. The chair's non-slip rubber feet protect your floors from scratches and ensure stability on various surfaces.\n\nIdeal for various settings, including home offices, waiting areas, conference rooms, or even as an extra seat for family gatherings, the Xian Foldable Visitor Chair meets the needs of modern living and working environments. Its ability to combine practicality with style makes it a valuable addition to any space.\n\nIn summary, the Xian Foldable Visitor Chair is a versatile, space-saving piece of furniture that provides comfort and convenience. Its foldable design, durable construction, and stylish appearance make it a smart choice for anyone seeking efficient seating solutions in their living or working spaces.",3500.00,2700.00,50,0.0,0,,,,Delivery Charges Applicable,"[""foldable-chairs"",""space-saving-furniture"",""study-room"",""best-offer""]",2026-03-16 21:13:58.744601+00,false,true,3500.00,12,Standard,0.00,,0,0,,false,true,30,,true,[],,,,,,1
1212,Zhang Foldable Study Chair,zhang-foldable-study-chair,119,34,"The Zhang Foldable Study Chair epitomizes practicality and convenience in modern living spaces. As a prime example of space-saving furniture, this foldable chair is designed to meet the needs of students, professionals, and anyone seeking efficient use of space without compromising on comfort.\n\nCrafted with a focus on versatility, the Zhang Foldable Study Chair is ideal for various settings, including home offices, dorm rooms, and small apartments. Its sleek and minimalist design ensures it complements a wide range of decor styles while adding a touch of sophistication to any room. The chair's frame is built from high-quality materials, ensuring durability and stability even with frequent use.\n\nOne of the standout features of the Zhang Foldable Study Chair is its space-saving design. The chair easily folds up when not in use, allowing for convenient storage in tight spaces. This functionality is particularly valuable for those living in smaller homes or apartments where every square foot counts. When needed, the chair unfolds smoothly and quickly, offering a comfortable seating solution without the hassle of traditional bulky furniture.\n\nThe Zhang chair also boasts ergonomic design elements that contribute to a comfortable seating experience. The padded seat and backrest are designed to provide ample support, ensuring long hours of studying or working can be done with minimal discomfort. The chair’s compact size does not compromise on comfort, making it an excellent choice for extended use.\n\nEase of maintenance is another key advantage of the Zhang Foldable Study Chair. The materials used are easy to clean and maintain, which is essential for keeping the chair looking its best in busy environments. The foldable nature of the chair means that it can be quickly wiped down and stored away, keeping your space organized and clutter-free.\n\nIn addition to its practical features, the Zhang Foldable Study Chair is also designed with user convenience in mind. Its lightweight construction allows for easy mobility, making it simple to move from one room to another as needed. Whether you need additional seating for study sessions, extra chairs for guests, or a flexible solution for various activities, the Zhang chair adapts effortlessly to your needs.\n\nOverall, the Zhang Foldable Study Chair is a versatile and practical addition to any living space. Its combination of space-saving design, comfort, and ease of maintenance makes it an ideal choice for those looking to maximize their space while ensuring comfort and functionality. Whether used as a dedicated study chair or as an extra seat for guests, it provides a practical solution for modern living.",5125.00,4100.00,50,0.0,0,,,,Delivery Charges Applicable,"[""study-chairs"",""study-room""]",2026-03-16 21:14:07.406613+00,false,true,5125.00,12,Standard,0.00,,0,0,,false,true,30,,false,[],jf-7080,6.70,84,24,15,1
1213,Sofia Foldable Study Chair,sofia-foldable-study-chair,119,34,"The Sofia Foldable Study Chair is a versatile and practical solution for modern living spaces, especially designed to meet the needs of students and professionals alike. This folding chair excels in offering both functionality and style, making it an essential addition to any study area or office.\n\nOne of the most notable features of the Sofia Foldable Study Chair is its space-saving design. As a foldable chair, it is engineered to be compact and easily collapsible, which makes it ideal for environments where space is at a premium. When not in use, the chair can be quickly folded and stored away, freeing up valuable floor space. This space-saving feature is particularly beneficial for small apartments, dorm rooms, or any setting where efficient use of space is crucial.\n\nThe construction of the Sofia Foldable Study Chair is both robust and comfortable. It features a sturdy metal frame that provides excellent support and stability, ensuring the chair can handle regular use without compromising on safety. The seat and backrest are crafted from high-quality materials designed to offer comfort during extended periods of sitting. This makes the Sofia chair a great option as a foldable student chair, providing students with a comfortable and supportive seating option during study sessions, homework time, or group discussions.\n\nIn addition to its practical benefits, It is designed with aesthetics in mind. Its sleek, modern look ensures it blends seamlessly with various interior styles, from contemporary to traditional. The chair's clean lines and simple design make it an attractive addition to any study area, office, or living space.\n\nMaintenance and cleaning are hassle-free with the Sofia chair. Its durable materials are easy to wipe down, ensuring that it remains looking fresh and new with minimal effort. The lightweight design also contributes to its ease of use, allowing users to move and set up the chair as needed without any strain.\n\nOverall, the Sofia Foldable Study Chair is a superb example of space-saving furniture that combines practicality, durability, and style. Whether you need extra seating for study sessions, temporary chairs for meetings, or a convenient solution for a compact living area, this foldable chair delivers on all fronts. Upgrade your workspace or study area with the Sofia chair and enjoy the benefits of smart, efficient, and comfortable seating.",0.00,,50,0.0,0,,,,Delivery Charges Applicable,"[""study-chairs"",""study-room""]",2026-03-16 21:14:20.817182+00,false,true,,12,Standard,0.00,,0,0,,false,true,30,,false,[],jf-7060,,,,,1
1214,Yoga Adjustable Relax Chair,yoga-adjustable-relax-chair,119,34,,3600.00,2800.00,50,0.0,0,,,,Delivery Charges Applicable,"[""lazy-chairs"",""study-room"",""living-room"",""best-offer""]",2026-03-16 21:14:34.858304+00,false,true,3600.00,12,Standard,0.00,,0,0,,false,true,30,,true,[],jf-7250,,,,,1
1215,Apollo Folding Cot 4 Feet,apollo-folding-cot-4-feet,118,34,"The Apollo Folding Cot 4 Feet is a versatile and space-saving solution for comfortable sleeping arrangements in various settings. Designed with convenience and portability in mind, this single foldable bed is perfect for temporary or occasional use, offering easy setup and storage.\n\nCrafted from sturdy materials, such as steel or aluminum, the Apollo Folding Cot provides reliable support and durability. Its robust frame ensures stability while accommodating a standard single mattress, providing a comfortable sleeping surface. This makes it ideal for overnight guests, camping trips, or as an extra bed in small living spaces where maximizing floor area is crucial.\n\nOne of the standout features of the Apollo Folding Cot is its foldable design. The bed effortlessly folds down to a compact size when not in use, allowing for convenient storage in closets, under beds, or in storage rooms. This folding mechanism also facilitates effortless transportation, making it a practical choice for outdoor activities or vacations where space is limited.\n\nIn terms of usability, the Apollo Folding Cot offers straightforward assembly and disassembly. Most models require minimal setup, typically involving unfolding the frame and securing it with locking mechanisms. This user-friendly design ensures quick deployment whenever an extra sleeping space is needed, without the hassle of complex assembly processes.\n\nThe Apollo Folding Cot is designed to cater to various needs with its space-saving capabilities. Its compact footprint makes it suitable for apartments, dormitories, or any environment where maximizing space is a priority. Despite its folding nature, the cot maintains comfort and support, ensuring a restful night's sleep for users.\n\nOverall, the Apollo Folding Cot 4 Feet combines practicality, durability, and portability into a single foldable bed solution. Whether used as a temporary sleeping arrangement at home or for outdoor adventures, its versatility and space-saving design make it a valuable addition to any household or travel gear collection.",26000.00,18390.00,50,0.0,0,,,,Delivery Charges Applicable,"[""folding-beds"",""space-saving-furniture"",""bed-room"",""best-offer""]",2026-03-16 21:14:49.074038+00,false,true,26000.00,12,Standard,0.00,,0,0,,false,true,30,,true,[],JF-5220,,,,,1
1216,Astra Sofa Bed With Storage,astra-sofa-bed-with-storage,128,34,"The Astra Sofa Bed With Storage epitomizes practicality and style, offering a seamless blend of comfort, functionality, and space-saving design. As a versatile piece of furniture, it serves multiple purposes in modern living rooms, combining the functionality of a sofa, bed, and storage unit in one.\n\nAt its core, the Astra Sofa Bed is designed to optimize space utilization without compromising on comfort. During the day, it functions as a stylish sofa, providing a comfortable seating area for socializing or relaxation. Its sleek design and contemporary aesthetic enhance the overall appeal of any living space, making it a focal point of functionality and style.\n\nTransforming into a bed is effortless, thanks to its innovative design. The sofa smoothly converts into a spacious bed, offering a cozy sleeping area for guests or family members. This dual functionality makes it an ideal choice for smaller apartments or homes where maximizing space is essential.\n\nThe standout feature of the Astra Sofa Bed lies in its integrated storage solution. Beneath the seating cushions or within the frame, it includes ample storage compartments. These compartments are perfect for stowing away extra bedding, pillows, blankets, or other items, keeping them neatly organized and easily accessible. This built-in storage capability adds to its practicality, helping to maintain a clutter-free environment and maximizing the efficiency of the living space.\n\nCrafted with high-quality materials and attention to detail, the Astra Sofa Bed ensures durability and long-lasting performance. The upholstery is often selected for its comfort and ease of maintenance, making it suitable for everyday use. Its robust construction supports both the sofa and bed functionalities, providing reliable support and comfort for users.\n\nOverall, the Astra Sofa Bed With Storage exemplifies innovation in space-saving furniture design. Whether used as a sofa, bed, or storage unit, it offers a versatile solution that meets the diverse needs of modern living. Its blend of functionality, comfort, and style makes it a valuable addition to any home looking to optimize space while enhancing overall living quality.",37200.00,26271.00,50,0.0,0,,,,Delivery Charges Applicable,"[""sofa-cum-beds"",""space-saving-furniture"",""bed-room"",""living-room"",""best-offer""]",2026-03-16 21:15:02.385929+00,false,true,37200.00,12,Standard,0.00,,0,0,,false,true,30,,true,[],jf-1010,,,,,1
1217,Cosmo Sofa Cum Bed Double,cosmo-sofa-cum-bed-double,128,34,"The Cosmo Sofa Cum Bed Double redefines versatility and comfort, serving as a space-saving solution that seamlessly integrates into any modern living space. This innovative piece of furniture combines the functionality of a sofa and a bed, offering dual-purpose utility without compromising on style.\n\nDesigned for maximum comfort, the Cosmo Sofa Cum Bed Double features full cushions that provide plush seating during the day. The cushions are typically crafted from high-quality materials that offer support and durability, ensuring a cozy lounging experience for extended periods.\n\nTransforming into a bed is effortless with its foldable mechanism. The sofa smoothly converts into a comfortable full-size bed, making it ideal for overnight guests or as an additional sleeping option in smaller apartments. This flexibility makes it a practical choice for households that need to optimize their living space without sacrificing comfort.\n\nThe Cosmo Sofa Cum Bed Double also excels in space-saving functionality. Its compact design and efficient use of space allow it to fit seamlessly into various room layouts. This is particularly beneficial in urban settings where maximizing every square foot is essential, offering a versatile solution that adapts to different needs throughout the day.\n\nIn terms of aesthetics, the Cosmo Sofa Cum Bed Double enhances the visual appeal of any room. Its modern design and clean lines complement contemporary décor styles, adding a touch of sophistication to the living space. Available in a range of colors and upholstery options, it can be customized to suit individual preferences and interior themes.\n\nFurthermore, the durability of the materials used ensures long-term reliability and ease of maintenance. The upholstery is often designed to be stain-resistant and easy to clean, making it practical for everyday use and ensuring that it retains its aesthetic appeal over time.\n\nOverall, the Cosmo Sofa Cum Bed Double is a versatile and stylish addition to any home. Whether used as a sofa during the day or a comfortable bed at night, its space-saving design, comfortable cushions, and modern aesthetic make it an ideal choice for those looking to maximize functionality without compromising on comfort or style.",0.00,,50,0.0,0,,,,Delivery Charges Applicable,"[""sofa-cum-beds"",""space-saving-furniture"",""bed-room"",""living-room""]",2026-03-16 21:15:11.497635+00,false,true,,12,Standard,0.00,,0,0,,false,true,30,,false,[],jf-1122,,,,,1
1218,Blossom Sofa Cum Bed With Storage,blossom-sofa-cum-bed-with-storage,128,34,"The Blossom Sofa Cum Bed With Storage embodies versatility and functionality, making it an essential piece of space-saving furniture for any modern living room. As a sofa bed, it effortlessly transforms from a stylish seating option into a comfortable sleeping surface, catering to both everyday lounging and occasional guest accommodation.\n\nCrafted with a focus on comfort and durability, the Blossom Sofa Cum Bed features a sturdy frame and plush upholstery that ensures a cozy experience whether sitting or sleeping. Its design seamlessly integrates into various décor styles, enhancing the aesthetic appeal of any living space while providing practical solutions for maximizing room utility.\n\nThe highlight of the Blossom Sofa Cum Bed lies in its integrated storage functionality. Beneath the seating cushions, it includes spacious storage compartments that are perfect for keeping extra bedding, pillows, or other essentials neatly tucked away yet easily accessible. This feature not only enhances organization but also contributes to maintaining a clutter-free environment, particularly beneficial in smaller homes or apartments.\n\nThe sofa cum bed design is engineered for convenience and ease of use. Transitioning between sofa and bed modes is straightforward, typically requiring minimal effort and no additional tools. This makes it an ideal choice for households that frequently host guests or for individuals who value flexibility in their living room furniture.\n\nFurthermore, the Blossom Sofa Cum Bed's compact footprint and dual-purpose nature make it an excellent space-saving solution. By day, it serves as a comfortable seating area for socializing or relaxing. By night, it transforms into a cozy bed, offering a practical alternative to traditional guest beds without sacrificing comfort or style.\n\nIn summary, the Blossom Sofa Cum Bed With Storage combines the functionality of a sofa and a bed with the added benefit of integrated storage, making it a versatile and space-saving addition to any living room. Whether used for everyday living or occasional guest accommodations, its blend of comfort, style, and efficiency makes it a valuable investment for modern households looking to optimize their living spaces.",43000.00,30424.00,50,0.0,0,,,,Delivery Charges Applicable,"[""sofa-cum-beds"",""space-saving-furniture"",""bed-room"",""living-room"",""best-offer""]",2026-03-16 21:15:26.349968+00,false,true,43000.00,12,Standard,0.00,,0,0,,false,true,30,,true,[],jf-1500,,,,,1
1219,Polaris Dining Table 4 Seater,polaris-dining-table-4-seater,120,34,"The Polaris Dining Table 4-Seater is a striking addition to any home, blending functionality with style to create the perfect dining experience. Designed to cater to both aesthetics and practicality, this dining table stands out as an excellent choice for modern kitchens and dining areas.\n\nMeasuring a generous size, It comfortably seats up to four people, making it ideal for intimate family meals or gatherings with friends. Its design is tailored to fit seamlessly into various interior styles, whether you're decorating a contemporary, rustic, or minimalist space. The table's clean lines and understated elegance ensure it complements a wide range of kitchen furniture and dining room decor.\n\nCrafted with high-quality materials, It offers durability and longevity. Its surface, typically made from premium wood or a sleek laminate, is easy to clean and maintain, ensuring that spills and stains can be quickly dealt with, making it perfect for daily use. The sturdy construction provides stability, allowing you to enjoy your meals without worrying about wobbling or instability.\n\nThe Polaris Dining Table is designed with a modern sensibility that doesn’t compromise on comfort or function. The ample legroom beneath the table ensures that guests can sit comfortably without feeling restricted. The design also takes into account the practicality of a dining table that is both functional and stylish, making it an excellent choice for various dining needs, from casual breakfasts to formal dinners.\n\nIn addition to its practical attributes, It is also a versatile piece of kitchen furniture that can enhance the ambiance of your dining area. Its elegant finish and well-proportioned dimensions make it a focal point in the room, drawing attention and admiration. Whether used as a daily dining table or an occasional dinner table for special events, it adds a touch of sophistication to any meal.\n\nOverall, the Polaris Dining Table 4-Seater is a top choice for those seeking a combination of style, durability, and functionality. Its ability to fit into various interior designs while offering practical features makes it a valuable addition to any home. With its spacious seating arrangement and sleek design, this dining table ensures that every meal becomes a delightful experience.",22800.00,16102.00,50,0.0,0,,,,Delivery Charges Applicable,"[""dining-sets"",""dining-room"",""best-offer""]",2026-03-16 21:15:36.056285+00,false,true,22800.00,12,Standard,0.00,,0,0,,false,true,30,,true,[],jf-1850,,,,,1
1220,Mercury Steel Cot,mercury-steel-cot,118,34,"The Mercury Steel Cot sets a standard for durability and practicality, crafted from high-quality steel to ensure long-lasting comfort in various settings. This single steel cot is ideal for both residential and commercial environments, offering robust support and stability.\n\n**Durability and Construction:**\nConstructed with sturdy steel tubing, It is designed to withstand regular use without compromising on strength. The frame provides a stable platform for sleeping, ensuring reliable performance over time.\n\n**Design and Aesthetics:**\nThe Mercury Steel Cot features a straightforward design that prioritizes functionality and utility. Its clean lines and minimalist appearance make it suitable for a wide range of interiors, blending seamlessly with different décor styles.\n\n**Comfort and Size:**\nAccommodating a standard single mattress, the cot offers ample space for a comfortable night's sleep. Its elevated platform promotes airflow and ventilation underneath, enhancing comfort and providing a cooler sleeping environment.\n\n**Practicality and Space Efficiency:**\nDesigned with efficiency in mind, the Mercury Steel Cot's compact footprint is ideal for maximizing space in smaller rooms or living areas. Its elevated structure also allows for convenient storage underneath, optimizing floor space and offering a practical solution for organizing belongings.\n\n**Assembly and Maintenance:**\nSetting up the Mercury Steel Cot is straightforward and requires minimal assembly. The steel frame is easy to clean and maintain, ensuring lasting durability and resistance to wear and tear over time.\n\n**Versatility and Usage:**\nThe Mercury Steel Cot is versatile and suitable for various applications. It serves well as a primary bed for everyday use or as an additional sleeping arrangement for guests in homes, hostels, campsites, and more.\n\n**Conclusion:**\nIn conclusion, the Mercury Steel Cot provides a reliable sleeping solution with its robust steel construction and practical design. Whether used in residential or commercial settings, this single steel cot offers durability, comfort, and efficiency, making it a valuable addition to any space seeking dependable sleeping accommodations.",20400.00,14407.00,50,0.0,0,,,,Delivery Charges Applicable,"[""metal-cots"",""bed-room"",""best-offer""]",2026-03-16 21:15:40.07429+00,false,true,20400.00,12,Standard,0.00,,0,0,,false,true,30,,true,[],jf-5151,,,,,1
1221,Janus Steel Cot,janus-steel-cot,118,34,"The Janus Steel Cot exemplifies durability and practicality, designed for long-lasting comfort in various settings. Crafted from high-quality steel, this single steel cot offers robust support and stability, making it ideal for both residential and commercial use.\n\n**Durability and Construction:**\nBuilt with sturdy steel tubing, It ensures reliable performance over time. The frame is designed to withstand regular use without compromising on strength, providing a stable platform for a comfortable night's sleep.\n\n**Design and Aesthetics:**\nThe Janus Steel Cot features a straightforward and functional design, focusing on durability and utility. Its clean lines and minimalist appearance make it suitable for a variety of interiors, blending seamlessly with different decor styles.\n\n**Comfort and Size:**\nThe cot accommodates a standard single mattress, offering ample space for restful sleep. Its elevated platform promotes airflow and ventilation underneath, enhancing comfort and providing a cooler sleeping environment.\n\n**Practicality and Space Efficiency:**\nDesigned for efficiency, the Janus Steel Cot's compact footprint is ideal for maximizing space in smaller rooms or living areas. Its elevated structure also allows for convenient storage underneath, optimizing floor space and offering a practical solution for organizing belongings.\n\n**Assembly and Maintenance:**\nSetting up the Janus Steel Cot is straightforward and requires minimal assembly. The steel frame is easy to clean and maintain, ensuring lasting durability and resistance to wear and tear over time.\n\n**Versatility and Usage:**\nThe Janus Steel Cot is versatile and suitable for various applications. It serves well as a primary bed for everyday use or as an additional sleeping arrangement for guests in homes, hostels, campsites, and more.\n\n**Conclusion:**\nIn conclusion, the Janus Steel Cot is a reliable choice for those seeking a durable and functional sleeping solution. Its robust steel construction, combined with practical design features, ensures comfort and longevity in any setting. Whether for residential or commercial use, this single steel cot provides dependable support and efficiency, making it a valuable addition to any space.",15600.00,11017.00,50,0.0,0,,,,Delivery Charges Applicable,"[""metal-cots"",""bed-room"",""best-offer""]",2026-03-16 21:15:43.981533+00,false,true,15600.00,12,Standard,0.00,,0,0,,false,true,30,,true,[],jf-5010,,,,,1
1222,Spectrum Steel Cot,spectrum-steel-cot,118,34,"The Spectrum Steel Cot stands out as a robust and dependable choice for those seeking a durable and practical sleeping solution. Crafted from high-quality steel, this single steel cot exemplifies strength and reliability, making it suitable for various settings from homes to guesthouses, dormitories, and more.\n\n**Durability and Construction:**\nBuilt with longevity in mind, the Spectrum Steel Cot features a sturdy steel frame that offers exceptional support. The steel construction ensures stability and durability, capable of withstanding regular use without compromising on comfort. This makes it an ideal option for individuals seeking a reliable bed that can last for years.\n\n**Design and Aesthetics:**\nThe cot's design is both functional and minimalist, focusing on practicality without unnecessary embellishments. The clean lines and sleek finish of the steel frame add a touch of modernity to any bedroom or living space. Its straightforward design also complements various interior styles, blending seamlessly into different décor themes.\n\n**Comfort and Size:**\nThe Spectrum Steel Cot accommodates a standard single mattress, providing ample space for a comfortable night's sleep. Its elevated platform ensures adequate ventilation underneath, promoting a cooler sleeping environment. This feature is particularly beneficial in warmer climates or during the summer months.\n\n**Practicality and Space Efficiency:**\nOne of the standout features of the Spectrum Steel Cot is its space-saving design. The compact footprint of the cot makes it suitable for smaller rooms or apartments where maximizing space is essential. Its elevated structure also allows for convenient storage underneath, providing a practical solution for organizing belongings and optimizing floor space.\n\n**Assembly and Maintenance:**\nSetting up the Spectrum Steel Cot is straightforward, typically requiring minimal assembly with basic tools. The frame is designed for ease of installation, ensuring that users can quickly set up the cot without complications. Additionally, the steel construction makes the cot easy to clean and maintain, as it is resistant to stains and wear over time.\n\n**Versatility and Usage:**\nThe Spectrum Steel Cot is versatile in its applications. It serves well as a primary bed for individuals or as an additional sleeping arrangement for guests. Its robust build ensures reliable performance, making it suitable for various environments including homes, vacation rentals, hostels, and more.\n\n**Conclusion:**\nIn conclusion, the Spectrum Steel Cot offers a blend of durability, functionality, and practicality. Its robust steel construction ensures long-lasting performance, while its minimalist design and space-saving features make it a versatile choice for any living space. Whether for everyday use or occasional accommodation needs, this single steel cot is a dependable option that combines strength with simplicity, providing comfort and reliability for years to come.",13200.00,9322.00,50,0.0,0,,,,Delivery Charges Applicable,"[""metal-cots"",""bed-room"",""best-offer""]",2026-03-16 21:15:48.164426+00,false,true,13200.00,12,Standard,0.00,,0,0,,false,true,30,,true,[],jf-5020,,,,,1
1223,Shuttle Steel Cot with Storage,shuttle-steel-cot-with-storage,118,34,"The Shuttle Steel Cot with Storage epitomizes practicality and efficiency in bedroom furniture, blending the durability of steel with clever storage solutions. This metal bed with storage integrates seamlessly into modern living spaces, offering both comfort and organizational benefits.\n\nCrafted from sturdy steel, the Shuttle Steel Cot ensures robust support and longevity, making it an excellent choice for those seeking durable furniture. Its frame is designed to withstand daily use while providing a stable sleeping surface. This feature is complemented by a sleek and contemporary aesthetic that enhances the overall appeal of any bedroom décor.\n\nThe highlight of the Shuttle Steel Cot lies in its integrated storage capabilities. Beneath the mattress platform, the cot features ample storage space that maximizes room organization. This under-bed storage area is ideal for stowing away extra bedding, seasonal clothing, or any other items that require a tidy solution. The accessibility of this storage compartment ensures effortless organization and helps to optimize space in smaller bedrooms or apartments.\n\nMoreover, the Shuttle Steel Cot excels in functionality as a space-saving bed. Its elevated design not only facilitates convenient storage but also creates additional floor space, making it easier to navigate and maintain a clutter-free environment. This makes it particularly suitable for urban dwellings or rooms where maximizing every square foot is essential.\n\nThe design of the Shuttle Steel Cot prioritizes user convenience. Assembly is typically straightforward, with clear instructions and minimal tools required. Its compact footprint and efficient use of space make it a versatile option for various living arrangements, from single occupants to shared bedrooms or guest rooms.\n\nIn summary, the Shuttle Steel Cot with Storage combines the strength of steel construction with the practicality of integrated storage, offering a balanced blend of durability, functionality, and style. Whether used as a primary bed or in a guest room capacity, its ability to enhance organization and save space makes it a valuable addition to any home seeking smart furniture solutions.",27600.00,19492.00,50,0.0,0,,,,Delivery Charges Applicable,"[""metal-cots"",""space-saving-furniture"",""bed-room"",""best-offer""]",2026-03-16 21:15:51.538278+00,false,true,27600.00,12,Standard,0.00,,0,0,,false,true,30,,true,[],jf-5009,,,,,1
1224,Double Side Recliner Diwan,double-side-recliner-diwan,128,34,"The Double Side Recliner Diwan represents a pinnacle of multifunctional furniture design, blending the comfort of a recliner bed with the practicality of a space-saving sofa and foldable bed. Ideal for modern living environments where space is at a premium, this innovative piece seamlessly transitions between different modes to meet diverse needs.\n\nAs a recliner bed, the Double Side Recliner Diwan offers adjustable backrests on both sides, allowing individuals to recline independently or together. This flexibility is enhanced by a robust frame that supports various reclining angles, ensuring ergonomic support and comfort for extended periods of use. Whether it's for reading, lounging, or simply unwinding, this feature transforms the diwan into a cozy retreat within the home.\n\nTransforming into a foldable bed, the Double Side Recliner Diwan maximizes space utilization by providing a comfortable sleeping area for guests or overnight stays. Its easy-to-operate mechanism allows for swift conversion from a sofa-like seating arrangement to a full-length bed, making it an ideal solution for smaller apartments or rooms where optimizing space is crucial.\n\nCrafted with high-quality materials, the Double Side Recliner Diwan emphasizes durability without compromising on style. The upholstery is often plush and easy to maintain, ensuring both aesthetic appeal and tactile comfort. Its design typically incorporates modern aesthetics with functional details, seamlessly integrating into various interior décors while offering practical solutions for everyday living.\n\nIn terms of usability, the Double Side Recliner Diwan offers a user-friendly experience. Its intuitive folding mechanism and lightweight structure facilitate effortless maneuverability, allowing users to reposition or store it with minimal effort. This feature is particularly advantageous for those who value versatility and convenience in their living spaces.\n\nFurthermore, the compact footprint of the Double Side Recliner Diwan makes it an excellent choice for urban dwellings or rooms with limited floor space. Its space-saving design does not compromise on comfort or functionality, making it a preferred option for individuals seeking adaptable furniture solutions without sacrificing comfort or quality.\n\nOverall, the Double Side Recliner Diwan exemplifies innovation in multifunctional furniture design. Whether used as a recliner bed for relaxation, a foldable bed for guests, or a space-saving sofa for everyday living, it meets the demands of modern lifestyles with elegance and efficiency, making it a valuable addition to any contemporary home.",23600.00,18500.00,50,0.0,0,,,,Delivery Charges Applicable,"[""sofa-cum-beds"",""space-saving-furniture"",""bed-room"",""living-room"",""best-offer""]",2026-03-16 21:15:55.12529+00,false,true,23600.00,12,Standard,0.00,,0,0,,false,true,30,,true,[],jf-1130,,,,,1
1225,Single Side Recliner Diwan,single-side-recliner-diwan,128,34,"The Single Side Recliner Diwan seamlessly combines functionality with comfort, making it an ideal choice for modern living spaces. This versatile piece of furniture serves multiple purposes, functioning as a recliner bed, diwan cum bed, foldable bed, and a single bed, catering to various needs with its innovative design.\n\nAt its core, the Single Side Recliner Diwan embodies convenience and flexibility. As a recliner bed, it offers adjustable positions that allow users to recline comfortably while reading, watching TV, or simply relaxing after a long day. This feature is enhanced by a sturdy yet flexible frame that supports different reclining angles, ensuring ergonomic support for prolonged use.\n\nTransforming into a diwan cum bed, this furniture piece effortlessly adapts to accommodate guests or provide extra sleeping space when needed. Its foldable mechanism allows for easy conversion from a daytime seating option to a full-length bed, optimizing space utilization in smaller rooms or apartments. This versatility makes it a practical solution for homes where space is at a premium.\n\nCrafted with premium materials, the Single Side Recliner Diwan ensures durability and comfort. The upholstery is often plush and easy to maintain, enhancing both the aesthetic appeal and the tactile comfort of the piece. The design typically integrates contemporary aesthetics with functional details, ensuring it blends seamlessly with various interior décor styles.\n\nIn terms of usability, the Single Side Recliner Diwan offers a user-friendly experience. Its intuitive folding mechanism and lightweight structure enable effortless maneuverability, allowing users to reposition or store it with minimal effort. This feature is particularly beneficial for individuals who frequently rearrange their living spaces or require furniture that can adapt to changing needs.\n\nMoreover, the compact footprint of the Single Side Recliner Diwan makes it an excellent choice for urban dwellings or rooms with limited floor area. Its space-saving design does not compromise on comfort or functionality, making it a favored option for individuals seeking versatile furniture solutions without sacrificing style or quality.\n\nOverall, the Single Side Recliner Diwan stands out as a practical and stylish addition to any home. Whether used as a recliner bed for relaxation, a diwan cum bed for guests, or a single bed for everyday use, it exemplifies innovation in furniture design, catering to the diverse needs of modern living spaces with elegance and efficiency.",21300.00,16950.00,50,0.0,0,,,,Delivery Charges Applicable,"[""sofa-cum-beds"",""space-saving-furniture"",""bed-room"",""living-room"",""best-offer""]",2026-03-16 21:16:08.606371+00,false,true,21300.00,12,Standard,0.00,,0,0,,false,true,30,,true,[],jf-1100,,,,,1
1226,Metal Shoe Rack - 2 Door,metal-shoe-rack-2-door,130,34,"The Metal Shoe Rack - 2 Door is a versatile and efficient storage solution designed to neatly organize and store footwear in any home or office environment. Combining functionality with modern design, this shoe cabinet offers ample space to keep shoes, boots, and other footwear items in an orderly manner.\n\n### Design and Construction\n\nCrafted from sturdy metal, the Metal Shoe Rack - 2 Door ensures durability and longevity. Its robust construction provides stability while accommodating multiple pairs of shoes and boots without compromising on style. The sleek, minimalist design makes it suitable for various interior decor themes, whether contemporary or traditional.\n\n### Features\n\n#### 1. Storage Capacity\nThe Metal Shoe Rack - 2 Door is equipped with spacious shelves that can comfortably hold numerous pairs of shoes and boots. This makes it ideal for households with varying storage needs, from casual shoe collections to more extensive wardrobes.\n\n#### 2. Organization\nWith its segmented shelves, this shoe cabinet facilitates systematic organization. Separate compartments allow for easy categorization of footwear by type, size, or usage frequency, promoting tidiness and accessibility.\n\n#### 3. Doors\nThe inclusion of two doors enhances the functionality by keeping shoes concealed from view, maintaining a clutter-free appearance in living spaces. The doors also protect shoes from dust and moisture, ensuring they remain in pristine condition.\n\n#### 4. Versatility\nBeyond shoes, the Metal Shoe Rack - 2 Door can accommodate other items such as umbrellas, small bags, or accessories, maximizing its utility in various settings beyond just shoe storage.\n\n#### 5. Aesthetic Appeal\nDesigned to blend seamlessly into any room, the metal frame and door panels contribute to its contemporary aesthetic. The sleek finish adds a touch of elegance while complementing different interior styles.\n\n### Practical Use\n\nIn practical terms, this shoe organizer simplifies daily routines by streamlining access to footwear. By keeping shoes neatly stored and readily accessible, it helps maintain cleanliness and orderliness in entryways, closets, or bedrooms.\n\n### Installation and Maintenance\n\nSetting up the Metal Shoe Rack - 2 Door is straightforward, typically requiring basic assembly with clear instructions provided. Its metal construction ensures easy maintenance, as the surface can be wiped clean with a damp cloth to remove dust or dirt.\n\n### Conclusion\n\nOverall, the Metal Shoe Rack - 2 Door stands out as a practical and aesthetically pleasing solution for anyone looking to optimize shoe storage at home or in an office setting. With its durable build, ample storage capacity, and sleek design, it not only keeps footwear organized but also enhances the overall look of the space it occupies. Whether used as a shoe cabinet, boot holder, or general shoe organizer, this piece of furniture exemplifies functionality and style, making it a valuable addition to any household.",0.00,,50,0.0,0,,,,Delivery Charges Applicable,"[""shoe-racks"",""space-saving-furniture"",""bed-room""]",2026-03-16 21:16:23.099066+00,false,true,,12,Standard,0.00,,0,0,,false,true,30,,false,[],JF-7510,,,,,1
1227,Crosby Brown Shoe Rack,crosby-brown-shoe-rack,124,34,"The Crosby Brown Shoe Rack exemplifies both functionality and elegance, making it an ideal choice for organizing your footwear collection at home. Crafted from durable metal, this shoe rack ensures longevity and robustness, capable of supporting multiple pairs of shoes without compromising on stability. Its sleek and modern design seamlessly integrates into various home decor styles, from contemporary to traditional settings.\n\n**Design and Construction:**\nThe Crosby Brown Shoe Rack is designed as a compact shoe cabinet with a cover, offering ample storage space while maintaining a streamlined appearance. The metal construction not only adds to its durability but also makes it lightweight and easy to move when necessary. This ensures that it can fit seamlessly into different areas of your home, whether in the entryway, bedroom, or closet.\n\n**Storage Capacity:**\nWith multiple shelves and compartments, this shoe rack provides efficient organization for your shoes. The addition of a cover helps protect your footwear from dust, moisture, and sunlight, which can prolong the lifespan and maintain the quality of your shoes. This feature is particularly beneficial for leather shoes or those made from delicate materials.\n\n**Functionality:**\nThe Crosby Brown Shoe Rack serves as more than just a storage solution; it enhances the overall organization of your living space. By keeping shoes neatly tucked away behind closed doors, it helps create a clutter-free environment. The design also allows for easy access to your shoes whenever you need them, combining practicality with aesthetic appeal.\n\n**Versatility and Accessibility:**\nThis shoe cabinet's versatility extends beyond its primary function. While primarily used for shoe storage, it can also accommodate other accessories such as bags, scarves, or small items, maximizing its utility in various organizational contexts. The cover ensures that stored items remain protected and visually tidy, contributing to a well-maintained home environment.\n\n**Assembly and Maintenance:**\nAssembly of the Crosby Brown Shoe Rack is typically straightforward, often requiring minimal tools and effort. Its metal construction makes it easy to clean and maintain, usually requiring only a wipe-down with a damp cloth to remove dust or dirt. This convenience ensures that the shoe rack remains functional and attractive for years to come.\n\nIn conclusion, the Crosby Brown Shoe Rack combines durability, style, and functionality to meet your home organization needs effectively. Whether you're looking to declutter your entryway or enhance the organization of your bedroom, this shoe cabinet with a cover offers a practical and aesthetically pleasing solution. Its sturdy construction and thoughtful design make it a reliable choice for any home seeking efficient shoe storage.",7000.00,3500.00,50,0.0,0,,,,Delivery Charges Applicable,"[""space-saving-furniture"",""best-offer""]",2026-03-16 21:16:35.818468+00,false,true,7000.00,12,Standard,0.00,,0,0,,false,true,30,,true,[],,,,,,1
1228,Study Bunker Bed,study-bunker-bed,135,34,"The Study Bunker Bed represents the pinnacle of practicality and efficiency, ideal for maximizing space in children's rooms or small apartments. This innovative piece of furniture seamlessly combines a sturdy wooden bunk bed with a functional study area, catering to both sleep and study needs within a compact footprint.\n\nCrafted from high-quality wood, the Study Bunker Bed ensures durability and safety, providing a secure sleeping environment for children or teens. The upper bunk provides a cozy sleeping space, complete with safety rails for added security, while the lower bunk offers ample room for a study desk or additional seating.\n\nThe integrated study table beneath the lofted bed features a spacious desktop, perfect for placing a computer, books, or study materials. This setup optimizes floor space, making it an ideal solution for smaller bedrooms where maximizing every square foot is essential. The desk is designed for comfort and functionality, with enough room to accommodate a chair and various study essentials.\n\nThe design of the Study Bunker Bed prioritizes both comfort and safety. The sturdy ladder provides easy access to the upper bunk, while the solid construction of the bed frame ensures stability and durability over time. Rounded edges and smooth finishes enhance safety, making it suitable for children of different ages.\n\nVersatility is another key feature of this bunk bed. It can adapt to different needs and preferences, serving as a dedicated study area during the day and a comfortable sleeping space at night. This flexibility makes it an excellent choice for families with limited space or those looking to create a multifunctional room that caters to both rest and study.\n\nAssembly of the Study Bunker Bed is straightforward, with comprehensive instructions included for easy setup. Maintenance is minimal, requiring regular cleaning to preserve the wood's appearance and ensure long-term durability.\n\nIn conclusion, the Study Bunker Bed embodies efficiency and functionality, providing a space-saving solution that combines sleeping and study areas in one streamlined design. Whether used in children's bedrooms, guest rooms, or student accommodations, it offers a practical and stylish furniture option that enhances living spaces with its versatility and smart use of space.",62500.00,35000.00,50,0.0,0,,,,Delivery Charges Applicable,"[""bunk-beds"",""space-saving-furniture"",""bed-room"",""best-offer""]",2026-03-16 21:16:49.405703+00,false,true,62500.00,12,Standard,0.00,,0,0,,false,true,30,,true,[],,,,,,1
1229,luxury sofa with couch,luxury-sofa-with-couch,133,34,"Introducing the epitome of versatility and comfort: the Luxury Sofa with Couch Bed. This multifunctional furniture piece seamlessly combines the elegance of a sofa with the practicality of a bed, making it a perfect addition to any modern living space.\n\nCrafted with the finest materials and attention to detail, the Luxury Sofa with Couch Bed exudes luxury and sophistication. Its plush upholstery and sleek design not only enhance the aesthetic appeal of your living room but also ensure comfort whether you're lounging during the day or sleeping at night.\n\nAt its core, this sofa shines with its innovative sofa cum bed functionality. During the day, it serves as a stylish and inviting sofa for relaxing or entertaining guests. As evening approaches or when unexpected guests stay over, it effortlessly transforms into a comfortable bed with a smooth and user-friendly mechanism. This dual-purpose feature makes it ideal for maximizing space in smaller apartments or accommodating guests without the need for extra guest beds.\n\nThe convertible nature of the Luxury Sofa with Couch Bed is complemented by its sturdy construction and ergonomic design. The frame is robust, ensuring stability and durability for years of use. The cushions are designed to provide optimal support whether you're sitting upright or lying down, ensuring a restful experience in both configurations.\n\nFunctionality meets style with this luxury sofa. Its contemporary design and neutral color palette make it versatile enough to blend seamlessly with various interior décor themes. Whether placed in a living room, guest room, or home office, it adds a touch of elegance while offering practical solutions for both seating and sleeping needs.\n\nAssembly and maintenance of the Luxury Sofa with Couch Bed are straightforward, reflecting its user-friendly design. Regular care ensures longevity, with easy-to-clean upholstery that maintains its allure over time.\n\nIn conclusion, the Luxury Sofa with Couch Bed is more than just a piece of furniture—it's a statement of luxury, versatility, and comfort. Whether you seek a sophisticated sofa for everyday use or a reliable bed for occasional guests, this furniture piece delivers on all fronts, enriching your home with style and functionality.",150000.00,,50,0.0,0,,,,Delivery Charges Applicable,"[""corner-sofas"",""sofa"",""space-saving-furniture"",""living-room""]",2026-03-16 21:16:53.082958+00,false,true,150000.00,12,Standard,0.00,,0,0,,false,true,30,,false,[],,,,,,1
1230,Turkey Sofa,turkey-sofa,133,34,"The Turkey Sofa is a luxurious addition to any living space, combining comfort, style, and functionality in one exquisite design. Crafted with meticulous attention to detail, this sofa boasts impeccable craftsmanship and premium materials, ensuring lasting durability and timeless elegance.\n\nMeasuring L31 x W33 x H35 inches for the single seater and L73 x W33 x H35 inches for the three-seater, the Turkey Sofa offers generous seating dimensions for you and your guests to relax and unwind. With a weight of 70 kg, it is sturdy and stable, providing a reliable foundation for years of use.\n\nMade from high-quality fabric, the Turkey Sofa exudes sophistication and charm, while offering a soft and comfortable seating experience. The fabric material is both durable and easy to maintain, ensuring that your sofa retains its pristine appearance for years to come.\n\nDesigned for ultimate relaxation, the Turkey Sofa features plush armrests and headrests, providing unparalleled comfort and support. Whether you're lounging with a book or enjoying movie night with family and friends, this sofa offers the perfect blend of style and comfort.\n\nThe Turkey Sofa's seating capacity of 3+1+1 makes it ideal for various living room arrangements, whether you're hosting intimate gatherings or simply enjoying some quiet time alone. Its special features, including armrests and headrests, add a touch of luxury and refinement to your home decor.\n\nElevate your living space with the Turkey Sofa, where comfort meets elegance in every detail. With its timeless design and superior craftsmanship, this sofa is sure to become the centerpiece of your home, inviting you to relax and unwind in style. Experience the epitome of luxury and comfort with the Turkey Sofa today.",85000.00,39750.00,50,0.0,0,,,,Delivery Charges Applicable,"[""sofa"",""living-room"",""best-offer""]",2026-03-16 21:16:57.702955+00,false,true,85000.00,12,Standard,0.00,,0,0,,false,true,30,,true,[],,,,,,1
1231,Wooden Swing,wooden-swing,133,34,"The wooden swing sofa combines the comfort of a traditional sofa with the soothing motion of a swing, making it a charming addition to both indoor and outdoor living spaces. Crafted from sturdy and weather-resistant wood, such as teak or cedar, this piece of furniture not only adds aesthetic appeal but also offers durability against outdoor elements.\n\nIn a living room setting, the wooden swing sofa serves as a unique and relaxing seating option. Its design typically includes a robust wooden frame that supports plush cushions, providing comfort while lounging or entertaining guests. The swinging motion adds an element of relaxation, making it ideal for unwinding after a long day.\n\nOutdoors, the wooden swing sofa transforms gardens, patios, or porches into tranquil retreats. Its natural wood finish blends seamlessly with outdoor surroundings, creating a rustic and inviting atmosphere. The swing's construction ensures stability and safety, often featuring sturdy chains or ropes for hanging and a secure base to prevent tipping.\n\nThe design versatility of the wooden swing sofa allows for customization to suit different preferences and spaces. Some models may incorporate additional features such as adjustable canopies for shade, built-in side tables for convenience, or removable cushions for easy maintenance. These enhancements elevate comfort and usability, making the swing sofa a versatile choice for various settings.\n\nMaintaining a wooden swing sofa typically involves occasional cleaning and applying protective coatings to preserve its natural beauty and durability. Regular upkeep ensures that the furniture retains its aesthetic appeal and structural integrity over time, allowing homeowners to enjoy its benefits for years to come.\n\nWhether used indoors or outdoors, the wooden swing sofa enhances the overall ambiance of any living space. Its combination of functionality, comfort, and aesthetic appeal makes it a sought-after piece of furniture for those looking to create a cozy and inviting environment. From family gatherings in the garden to serene moments on the porch, the wooden swing sofa offers a unique seating experience that blends relaxation with style.",85000.00,45000.00,50,0.0,0,,,,Delivery Charges Applicable,"[""sofa"",""living-room"",""best-offer""]",2026-03-16 21:17:07.006369+00,false,true,85000.00,12,Standard,0.00,,0,0,,false,true,30,,true,[],,,,,,1
1232,Belgium Corner Sofa,belgium-corner-sofa,133,34,"The Belgium Corner Sofa stands as a testament to exquisite design and unparalleled comfort, redefining the essence of contemporary living spaces. Crafted with meticulous attention to detail, this sofa seamlessly blends functionality with style, offering a sophisticated seating solution for modern homes.\n\nMeasuring L120 x W34 x H32 inches for the three-seater and L85 x W34 x H32 inches for the two-seater, the Belgium Corner Sofa provides ample space to accommodate up to five individuals comfortably. Its spacious design ensures optimal relaxation and fosters intimate conversations, making it an ideal choice for families and social gatherings.\n\nCrafted from premium-quality fabric and robust rubber wood, the Belgium Corner Sofa embodies durability and elegance. The combination of these materials not only enhances the sofa's aesthetic appeal but also ensures long-lasting performance and resilience to everyday use.\n\nOne of the standout features of the Belgium Corner Sofa is its thoughtful design, which includes integrated armrests and storage compartments. The armrests offer enhanced comfort and support, allowing you to unwind and relax with ease. Meanwhile, the storage compartments provide convenient solutions for organizing and decluttering your living space, keeping essentials within reach while maintaining a neat and organized environment.\n\nBeyond its functional attributes, the Belgium Corner Sofa exudes contemporary elegance, elevating the ambiance of any room with its sleek silhouette and modern design aesthetics. Whether placed in the living room, den, or entertainment area, this sofa serves as a captivating centerpiece that complements a variety of interior styles, from minimalist to eclectic.\n\nIn addition to its striking appearance and functional features, the Belgium Corner Sofa promises unparalleled comfort with its plush cushions and ergonomic design. Whether you're lounging with loved ones, entertaining guests, or simply unwinding after a long day, this sofa offers a luxurious retreat for relaxation and leisure.\n\nInvest in the Belgium Corner Sofa to transform your living space into a sanctuary of style and comfort. With its timeless design, premium materials, and exceptional craftsmanship, this sofa embodies sophistication and luxury, creating an inviting atmosphere for you and your guests to enjoy for years to come.",105000.00,50000.00,50,0.0,0,,,,Delivery Charges Applicable,"[""corner-sofas"",""sofa"",""living-room"",""best-offer""]",2026-03-16 21:17:15.407048+00,false,true,105000.00,12,Standard,0.00,,0,0,,false,true,30,,true,[],,,,,,1
1233,Ireland Sofa,ireland-sofa,133,34,"The Ireland Sofa is a symbol of comfort and elegance, designed to elevate the ambiance of your living space with its exquisite craftsmanship and thoughtful design. Crafted to perfection, this sofa seamlessly combines functionality with aesthetics to provide you with the ultimate seating experience.\n\nWith dimensions of L30 x W30 x H36 inches for the single seater and L68 x W30 x H36 inches for the three seater, the Ireland Sofa offers ample space for you and your guests to sit back and relax in style. Its sturdy construction and a weight of 60 kilograms ensure stability and durability, making it a reliable addition to your home.\n\nConstructed from high-quality fabric, the Ireland Sofa not only looks luxurious but also feels incredibly soft to the touch. The fabric material is carefully chosen for its durability and easy maintenance, allowing you to enjoy its beauty for years to come.\n\nThe Ireland Sofa features a special armrest design that adds a touch of sophistication to its overall look. The armrests are thoughtfully positioned to provide optimal support and comfort, ensuring that you can sit back and relax for hours on end without any discomfort.\n\nWhether you're hosting a gathering with friends or enjoying a quiet evening alone, the Ireland Sofa is the perfect companion for any occasion. Its versatile design and timeless appeal make it a welcome addition to any living room, lounge, or entertainment area.\n\nTransform your living space with the Ireland Sofa and experience the perfect blend of style and comfort. With its impeccable craftsmanship and attention to detail, this sofa is sure to become the centerpiece of your home, inviting you to unwind and indulge in moments of relaxation and tranquility.",80000.00,36750.00,50,0.0,0,,,,Delivery Charges Applicable,"[""sofa"",""living-room"",""best-offer""]",2026-03-16 21:17:20.893318+00,false,true,80000.00,12,Standard,0.00,,0,0,,false,true,30,,true,[],,,,,,1
1234,Majestic Electric Recliner Single Seater Sofa,majestic-electric-recliner-single-seater-sofa,127,34,"The Majestic Electric Recliner Single Seater Sofa is the epitome of comfort and sophistication, designed to transform your living space into a haven of relaxation and style. With its sleek and contemporary design, this sofa adds a touch of elegance to any room while providing unparalleled comfort for you to unwind after a long day.\n\nCrafted with precision and attention to detail, the Majestic Electric Recliner Single Seater Sofa boasts dimensions of 38 inches in length, 39 inches in height, and 37 inches in width. This generous sizing ensures ample space for you to stretch out and fully immerse yourself in luxurious comfort.\n\nConstructed from premium Half Leather Rexine material, this sofa offers a perfect blend of durability and refinement. The half leather upholstery not only exudes sophistication but also ensures easy maintenance and long-lasting durability, making it an ideal choice for everyday use.\n\nOne of the standout features of the Majestic Electric Recliner Single Seater Sofa is its electric recliner mechanism. With just the touch of a button, you can effortlessly adjust the reclining position to your preferred angle, allowing you to find the perfect spot for relaxation and unwinding.\n\nIn addition to the electric recliner function, this sofa is equipped with comfortable armrests and a supportive headrest, further enhancing your lounging experience. Whether you're watching your favorite movie, reading a book, or simply enjoying some downtime, this sofa provides the ultimate level of comfort and relaxation.\n\nThe sturdy construction and ergonomic design of the Majestic Electric Recliner Single Seater Sofa ensure that it stands the test of time, providing you with years of luxurious comfort and enjoyment. Its versatile design makes it suitable for various living spaces, including the living room, home theater, or even a cozy reading nook.\n\nUpgrade your home with the Majestic Electric Recliner Single Seater Sofa and experience the perfect combination of style and comfort. Indulge in luxury and relaxation every day with this exquisite piece of furniture that is sure to become the centerpiece of your living room.",60000.00,29250.00,50,0.0,0,,,,Delivery Charges Applicable,"[""recliner-sofas"",""sofa"",""living-room"",""best-offer""]",2026-03-16 21:17:28.411552+00,false,true,60000.00,12,Standard,0.00,,0,0,,false,true,30,,true,[],,,,,,1
1235,Sofia Foldable Study Chair - Black,sofia-foldable-study-chair-black,,34,,2700.00,2300.00,50,0.0,0,,,,Delivery Charges Applicable,"[""best-offer""]",2026-03-16 21:17:38.856714+00,false,true,2700.00,12,Standard,0.00,,0,0,,false,true,30,,true,[],,,,,,1
1236,Sofia Foldable Study Chair - Blue,sofia-foldable-study-chair-blue,,34,,2700.00,2300.00,50,0.0,0,,,,Delivery Charges Applicable,"[""best-offer""]",2026-03-16 21:17:51.548246+00,false,true,2700.00,12,Standard,0.00,,0,0,,false,true,30,,true,[],,,,,,1
1237,Sofia Foldable Study Chair - Maroon,sofia-foldable-study-chair-maroon,,34,,2700.00,2300.00,50,0.0,0,,,,Delivery Charges Applicable,"[""best-offer""]",2026-03-16 21:18:01.379363+00,false,true,2700.00,12,Standard,0.00,,0,0,,false,true,30,,true,[],,,,,,1
1238,Lembah Director Chair - Blue,lembah-director-chair-blue,,34,,2400.00,1800.00,50,0.0,0,,,,Delivery Charges Applicable,"[""best-offer""]",2026-03-16 21:18:13.359244+00,false,true,2400.00,12,Standard,0.00,,0,0,,false,true,30,,true,[],,,,,,1
1239,Lembah Director Chair - Red,lembah-director-chair-red,,34,,2400.00,1800.00,50,0.0,0,,,,Delivery Charges Applicable,"[""best-offer""]",2026-03-16 21:18:22.469767+00,false,true,2400.00,12,Standard,0.00,,0,0,,false,true,30,,true,[],,,,,,1
1240,Big Handle Sofa Cum Bed - Brown,big-handle-sofa-cum-bed-brown,,34,,36250.00,,50,0.0,0,,,,Delivery Charges Applicable,,2026-03-16 21:18:30.151052+00,false,true,36250.00,12,Standard,0.00,,0,0,,false,true,30,,false,[],,,,,,1
1241,Big Handle Sofa Cum Bed - Designing Fabric,big-handle-sofa-cum-bed-designing-fabric,,34,,36250.00,,50,0.0,0,,,,Delivery Charges Applicable,,2026-03-16 21:18:37.637255+00,false,true,36250.00,12,Standard,0.00,,0,0,,false,true,30,,false,[],,,,,,1
1242,Alpha Recliner Folding Cot - Dark Brown,alpha-recliner-folding-cot-dark-brown,,34,,21200.00,15000.00,50,0.0,0,,,,Delivery Charges Applicable,"[""best-offer""]",2026-03-16 21:18:45.205659+00,false,true,21200.00,12,Standard,0.00,,0,0,,false,true,30,,true,[],,,,,,1
1243,Alpha Recliner Folding Cot - Blue,alpha-recliner-folding-cot-blue,,34,,21200.00,15000.00,50,0.0,0,,,,Delivery Charges Applicable,"[""best-offer""]",2026-03-16 21:18:58.105266+00,false,true,21200.00,12,Standard,0.00,,0,0,,false,true,30,,true,[],,,,,,1
1244,Swing Two Seater Metal - Blue,swing-two-seater-metal-blue,,34,,18000.00,12712.00,50,0.0,0,,,,Delivery Charges Applicable,"[""best-offer""]",2026-03-16 21:19:10.616398+00,false,true,18000.00,12,Standard,0.00,,0,0,,false,true,30,,true,[],,,,,,1
1245,Swing Two Seater Metal - Maroon,swing-two-seater-metal-maroon,,34,,18000.00,12712.00,50,0.0,0,,,,Delivery Charges Applicable,"[""best-offer""]",2026-03-16 21:19:13.777869+00,false,true,18000.00,12,Standard,0.00,,0,0,,false,true,30,,true,[],,,,,,1
1246,Columbia Folding Cot 3 feet - Almond,columbia-folding-cot-3-feet-almond,,34,,18800.00,13305.00,50,0.0,0,,,,Delivery Charges Applicable,"[""best-offer""]",2026-03-16 21:19:16.75612+00,false,true,18800.00,12,Standard,0.00,,0,0,,false,true,30,,true,[],,,,,,1
1247,Columbia Folding Cot 3 feet - Blue,columbia-folding-cot-3-feet-blue,,34,,18800.00,13305.00,50,0.0,0,,,,Delivery Charges Applicable,"[""best-offer""]",2026-03-16 21:19:28.34335+00,false,true,18800.00,12,Standard,0.00,,0,0,,false,true,30,,true,[],,,,,,1
1248,Columbia Folding Cot 3 feet - Grey Olive,columbia-folding-cot-3-feet-grey-olive,,34,,18800.00,13305.00,50,0.0,0,,,,Delivery Charges Applicable,"[""best-offer""]",2026-03-16 21:19:41.327737+00,false,true,18800.00,12,Standard,0.00,,0,0,,false,true,30,,true,[],,,,,,1
1249,Zoho Sofa Cum Bed With Storage - Designer White,zoho-sofa-cum-bed-with-storage-designer-white,,34,,43400.00,30424.00,50,0.0,0,,,,Delivery Charges Applicable,"[""best-offer""]",2026-03-16 21:19:51.57689+00,false,true,43400.00,12,Standard,0.00,,0,0,,false,true,30,,true,[],,,,,,1
1250,Zoho Sofa Cum Bed With Storage - vanilla,zoho-sofa-cum-bed-with-storage-vanilla,,34,,43400.00,30424.00,50,0.0,0,,,,Delivery Charges Applicable,"[""best-offer""]",2026-03-16 21:20:05.385897+00,false,true,43400.00,12,Standard,0.00,,0,0,,false,true,30,,true,[],,,,,,1
1251,Wooden Leg Futon - Brown,wooden-leg-futon-brown,,34,,38400.00,27119.00,50,0.0,0,,,,Delivery Charges Applicable,"[""best-offer""]",2026-03-16 21:20:15.89912+00,false,true,38400.00,12,Standard,0.00,,0,0,,false,true,30,,true,[],,,,,,1
1252,Wooden Leg Futon - Lavender Grey,wooden-leg-futon-lavender-grey,,34,,38400.00,27119.00,50,0.0,0,,,,Delivery Charges Applicable,"[""best-offer""]",2026-03-16 21:20:21.570003+00,false,true,38400.00,12,Standard,0.00,,0,0,,false,true,30,,true,[],,,,,,1
1253,Cosmo Sofa Cum Bed Double - Army Green,cosmo-sofa-cum-bed-double-army-green,,34,,23400.00,16525.00,50,0.0,0,,,,Delivery Charges Applicable,"[""best-offer""]",2026-03-16 21:20:27.72547+00,false,true,23400.00,12,Standard,0.00,,0,0,,false,true,30,,true,[],,,,,,1
1254,Cosmo Sofa Cum Bed Double - Texted Design,cosmo-sofa-cum-bed-double-texted-design,,34,,23400.00,16525.00,50,0.0,0,,,,Delivery Charges Applicable,"[""best-offer""]",2026-03-16 21:20:40.916159+00,false,true,23400.00,12,Standard,0.00,,0,0,,false,true,30,,true,[],,,,,,1
1255,Pulsar LEC Chair - Black,pulsar-lec-chair-black,,34,,5900.00,4550.00,50,0.0,0,,,,Delivery Charges Applicable,"[""best-offer""]",2026-03-16 21:20:49.007987+00,false,true,5900.00,12,Standard,0.00,,0,0,,false,true,30,,true,[],,,,,,1
1256,Pulsar LEC Chair - Red,pulsar-lec-chair-red,,34,,5900.00,4550.00,50,0.0,0,,,,Delivery Charges Applicable,"[""best-offer""]",2026-03-16 21:21:01.818148+00,false,true,5900.00,12,Standard,0.00,,0,0,,false,true,30,,true,[],,,,,,1
1257,Folding Dining Table & 4 chairs,folding-dining-table-4-chairs,131,34,"The Folding Dining Table &amp; 4 chairs epitomizes practicality and elegance, ideal for enhancing both functionality and aesthetics in any kitchen or dining area. Crafted from premium quality wood, this dining set combines durability with a timeless appeal that complements various interior styles.\n\nAt its core, the table's foldable design ensures seamless integration into spaces where versatility and space-saving are paramount. This feature allows it to be easily folded down when not in use, making it a perfect choice for smaller apartments or dining areas where optimizing space is crucial. The chairs similarly feature a foldable design, providing convenience and flexibility without compromising on comfort or style.\n\nThe wooden construction of the Folding Dining Table &amp; 4 chairs not only ensures longevity but also adds a warm and inviting feel to the dining experience. The tabletop offers ample space for meals, family gatherings, or even as a makeshift workspace for casual activities. Its smooth finish makes cleaning effortless, maintaining its aesthetic appeal with minimal upkeep.\n\nFunctionality is key with this dining set. Each chair is designed with comfort in mind, featuring supportive backrests and stable frames that enhance dining comfort. When not in use, the chairs can be neatly folded and stored away, further maximizing available space.\n\nAssembly and maintenance of the Folding Dining Table &amp; 4 chairs are straightforward, requiring minimal effort and ensuring hassle-free setup. This makes it an accessible choice for homeowners looking to enhance their dining area without the complexity of extensive installation.\n\nIn conclusion, the Folding Dining Table &amp; 4 chairs represents a harmonious blend of practicality, style, and durability. Whether for everyday meals, hosting guests, or creating a cozy dining ambiance, this set offers a versatile solution that adapts effortlessly to diverse living spaces. Its foldable design, coupled with the warmth of wood, makes it a standout choice for anyone seeking to optimize their kitchen or dining room with functional and attractive furniture.",18000.00,,50,0.0,0,,,,Delivery Charges Applicable,"[""study-tables"",""tables"",""study-room""]",2026-03-16 21:21:15.451604+00,false,true,18000.00,12,Standard,0.00,,0,0,,false,true,30,,false,[],,,,,,1
1258,Pantheon Sofa,pantheon-sofa,133,34,"The Pantheon sofa is the epitome of comfort and style, designed to elevate your living space with its exquisite craftsmanship and inviting appeal. Crafted to perfection, this sofa boasts impeccable dimensions to ensure both comfort and functionality.\n\nThe two-seater Pantheon sofa measures L54 x W35 x H36 inches, providing ample space for two individuals to sit back and relax. Its single-seater counterpart offers cozy dimensions of L34 x W35 x H36 inches, ideal for creating a comfortable nook for one.\n\nConstructed with high-quality fabric, the Pantheon sofa exudes sophistication and durability. The fabric material not only adds to the sofa's aesthetic appeal but also ensures longevity, promising years of use without compromising on style or comfort.\n\nOne of the standout features of the Pantheon sofa is its special design elements. With additional pillows included, this sofa offers enhanced support and relaxation, making it the perfect spot to unwind after a long day. The super-soft foam used in its construction further enhances the seating experience, enveloping you in plush comfort every time you take a seat.\n\nThe Pantheon sofa boasts a seating capacity of 3+1+1, making it suitable for various settings, from cozy family movie nights to intimate gatherings with friends. Whether you're hosting guests or simply enjoying a quiet evening at home, this sofa offers the perfect combination of comfort and style.\n\nWith its timeless design and impeccable craftsmanship, the Pantheon sofa seamlessly complements any interior décor theme. Whether your style is modern, traditional, or eclectic, this versatile sofa blends effortlessly into any setting, adding a touch of elegance to your living space.\n\nInvest in this sofa and experience the ultimate in comfort and luxury. Transform your home into a haven of relaxation and style with this exquisite piece of furniture that promises to be the centerpiece of your living room for years to come.",88000.00,43856.00,50,0.0,0,,,,Delivery Charges Applicable,"[""3-1-1-sofas"",""sofa"",""living-room"",""best-offer""]",2026-03-16 21:21:19.943735+00,false,true,88000.00,12,Standard,0.00,,0,0,,false,true,30,,true,[],,,,,,1
1259,Flora Recliner Sofa - RRR,flora-recliner-sofa-rrr,127,34,"Introducing our Flora Recliner Sofa, designed to redefine your lounging experience with unmatched comfort and style. Crafted with precision, this sofa boasts a sophisticated design that adds a touch of elegance to any living space.\n\nThe Flora Recliner Sofa comes in various sizes to accommodate your seating needs. The single-seater dimensions measure L37.5 x W38 x H39 inches, while the two-seater dimensions are L75 x W38 x H39 inches, and the three-seater dimensions are L84 x W38 x H39 inches. With a weight of 60 kilograms, it's sturdy yet easy to move around.\n\nOne of the standout features of the Flora Recliner Sofa is its versatility. It's not just a recliner; it's also a rocking and rotating sofa, allowing you to find the perfect position for relaxation. Whether you want to recline back, rock gently, or rotate to face a different direction, this sofa offers unparalleled flexibility.\n\nCrafted from high-quality fabric, the Recliner Sofa is both soft to the touch and durable, ensuring long-lasting comfort and beauty. The fabric material is easy to maintain, making it ideal for everyday use.\n\nWith a seating capacity of 6, this sofa is perfect for entertaining guests or enjoying cozy nights in with the family. Its spacious design and plush cushioning provide ample space for everyone to relax and unwind.\n\nUpgrade your living room with Sofa and experience the ultimate in comfort and luxury. Whether you're watching TV, reading a book, or simply spending time with loved ones, this sofa offers the perfect retreat for relaxation.\n\nTransform your home into a haven of comfort and style with the Sofa. Elevate your lounging experience and make every moment count with this exquisite piece of furniture.",153220.00,93220.00,50,0.0,0,,,,Delivery Charges Applicable,"[""recliner-sofas"",""sofa"",""living-room"",""best-offer""]",2026-03-16 21:21:26.129623+00,false,true,153220.00,12,Standard,0.00,,0,0,,false,true,30,,true,[],,,,,,1
1260,Elegant sofa,elegant-sofa,133,34,"Introducing our Elegant Sofa, designed to bring sophistication and comfort to your living space. With its dimensions of 75 inches in length, 56 inches in width, and 34 inches in height, this Lounger Sofa offers a spacious and stylish seating solution that's perfect for unwinding after a long day.\n\nCrafted as a 2-seater with an additional lounger, our Elegant Sofa provides a cozy spot for relaxation. The lounger's dimensions of L64 x W30 x H37 offer the ultimate comfort, making it an ideal choice for intimate gatherings or quiet evenings at home.\n\nWhat sets our Elegant Sofa apart are its special features aimed at enhancing functionality and aesthetic appeal. Enjoy the luxury of three pillows for extra comfort and elegance. The inclusion of a headrest provides ergonomic support, ensuring a pleasant lounging experience. Additionally, the Tipoy feature allows you to customize your seating arrangement according to your preferences, adding versatility to your space.\n\nImmerse yourself in the comfort and style of our Elegant Sofa, meticulously crafted with your relaxation in mind. Whether you're entertaining guests or simply enjoying a quiet evening, our Lounger Sofa creates a chic and inviting ambiance in your living room.\n\nUpgrade your home with our 3 Seater Lounger Sofa, a versatile and stylish addition to your furniture collection. With dimensions of L73 x W36 x H37 for the three-seater and a weight of 85 kg, this sofa seamlessly combines form and function.\n\nThe special features of our sofa set it apart from the rest. The inclusion of storage ensures a clutter-free living space, allowing you to neatly organize blankets, pillows, or other essentials. The Tipoy feature adds a touch of customization, allowing you to create a personalized seating arrangement tailored to your needs.\n\nCrafted with premium materials, our 3 Seater Lounger Sofa is built to last, providing a durable and stylish solution for your home. Whether you're hosting gatherings or enjoying quiet moments with your family, our sofa offers the perfect blend of comfort and sophistication.\n\nEnhance your home with our Elegant Sofa and 3 Seater Lounger Sofa, creating a welcoming and stylish atmosphere for your everyday moments. Experience the epitome of comfort and style with our meticulously designed furniture pieces.",71000.00,35593.00,50,0.0,0,,,,Delivery Charges Applicable,"[""corner-sofas"",""sofa"",""living-room"",""best-offer""]",2026-03-16 21:21:31.649557+00,false,true,71000.00,12,Standard,0.00,,0,0,,false,true,30,,true,[],,,,,,1
1261,venus 3 seater lounger sofa,venus-3-seater-lounger-sofa,133,34,"Introducing our 3 Seater Lounger Sofa, a perfect blend of comfort and functionality for your living space. With generous seating for three and an additional lounger for relaxation, this sofa offers ample space for lounging and entertaining guests. Its dimensions of L73 x W36 x H37 for the three-seater and L64 x W30 x H37 for the lounger ensure a comfortable seating experience.\n\nCrafted with quality materials, this sofa is built to last. The sturdy construction and robust frame ensure durability and longevity, making it an ideal investment for your home. With a weight of 85 kg, it provides stability while offering plush comfort.\n\nThe special features of our 3 Seater Lounger Sofa set it apart. Equipped with built-in storage, you can conveniently store blankets, pillows, or other essentials, keeping your living room neat and organized. The addition of Tipoy enhances its functionality, providing a versatile solution for your seating needs.\n\nDesigned with both style and practicality in mind, this sofa complements a variety of interior decor styles. Whether you prefer modern, contemporary, or traditional aesthetics, the sleek design and clean lines of the sofa add elegance to any room.\n\nCreate a cozy and inviting atmosphere in your living space with our 3 Seater Lounger Sofa. Whether you're hosting family gatherings, movie nights, or simply unwinding after a long day, this sofa provides the perfect setting for relaxation and comfort.\n\nUpgrade your home with our versatile and stylish 3 Seater Lounger Sofa today. Experience the ultimate in comfort and functionality with this essential piece of furniture for your living room.",80000.00,39830.00,50,0.0,0,,,,Delivery Charges Applicable,"[""corner-sofas"",""sofa"",""space-saving-furniture"",""living-room"",""best-offer""]",2026-03-16 21:21:35.319113+00,false,true,80000.00,12,Standard,0.00,,0,0,,false,true,30,,true,[],,,,,,1
1262,MS Steel Multipurpose Study & Laptop Table,ms-steel-multipurpose-study-laptop-table,131,34,"Introducing the MS Steel Multipurpose Study &amp; Laptop Table, a versatile and practical addition to any home or office space. This innovative table is designed with functionality and space-saving in mind, making it ideal for modern living environments where flexibility is key.\n\nCrafted from high-quality MS steel, this table offers durability and stability, ensuring a reliable platform for studying, working, or simply using your laptop. The use of steel not only enhances its strength but also gives it a sleek and contemporary look that fits seamlessly into any décor style.\n\nOne of the standout features of the MS Steel Multipurpose Study &amp; Laptop Table is its foldable design. This allows you to easily collapse the table when not in use, transforming it into a compact unit that can be stored conveniently under a bed, in a closet, or against a wall. This is especially beneficial for those living in smaller apartments or shared spaces where maximizing every square foot is essential.\n\nDespite its space-saving design, the table doesn't compromise on functionality. It provides ample surface area for spreading out books, notebooks, or a laptop, making it suitable for studying, writing, or working on projects. The sturdy construction ensures stability even when handling heavier items such as textbooks or a desktop computer setup.\n\nThe versatility of this table extends beyond its use as a study or laptop table. Its multipurpose nature makes it equally suitable as a craft table, a snack table during gatherings, or even a temporary workspace for DIY projects. Its robust build ensures it can withstand the demands of daily use in various scenarios.\n\nAssembly of the MS Steel Multipurpose Study &amp; Laptop Table is straightforward and hassle-free, typically requiring minimal effort and no specialized tools. This makes it accessible to users of all ages and skill levels, from students and professionals to homemakers and hobbyists.\n\nIn conclusion, the MS Steel Multipurpose Study &amp; Laptop Table stands out as a reliable, adaptable, and space-efficient solution for anyone seeking a versatile tabletop option. Whether you need a dedicated study area, a compact laptop desk, or a multipurpose surface for various activities, this table delivers on all fronts, combining durability with practicality to enhance your living or working space.",0.00,,50,0.0,0,,,,Delivery Charges Applicable,"[""study-tables"",""tables"",""study-room""]",2026-03-16 21:21:39.00174+00,false,true,,12,Standard,0.00,,0,0,,false,true,30,,false,[],jf-7160-1,,,,,1
1263,MS Steel Multipurpose Study & Laptop Table - Brown,ms-steel-multipurpose-study-laptop-table-brown,,34,,3000.00,1999.00,50,0.0,0,,,,Delivery Charges Applicable,"[""best-offer""]",2026-03-16 21:21:53.447119+00,false,true,3000.00,12,Standard,0.00,,0,0,,false,true,30,,true,[],,,,,,1
1264,MS Steel Multipurpose Study & Laptop Table - Grey,ms-steel-multipurpose-study-laptop-table-grey,,34,,3000.00,1999.00,50,0.0,0,,,,Delivery Charges Applicable,"[""best-offer""]",2026-03-16 21:22:08.887348+00,false,true,3000.00,12,Standard,0.00,,0,0,,false,true,30,,true,[],,,,,,1
1265,Multipurpose Steel Folding Computer Table,multipurpose-steel-folding-computer-table,131,34,"The Multipurpose Steel Folding Computer Table is an innovative solution designed to meet the modern-day needs of space efficiency and versatility in home and office environments. Crafted from high-quality steel, this table combines durability with functionality, making it an ideal choice for those seeking a reliable workspace that can be easily stored when not in use.\n\nAt its core, the Steel Folding Computer Table is engineered to maximize space utilization. Its foldable design allows it to transform effortlessly from a fully functional workstation into a compact unit that can be conveniently stored away under a bed, in a closet, or against a wall. This feature is particularly beneficial for individuals living in smaller apartments or shared spaces where optimizing every square foot counts.\n\nThe table's structure is robust yet lightweight, ensuring ease of handling during both setup and storage. The use of steel not only enhances its durability but also lends a modern and sleek aesthetic that blends seamlessly with various interior styles. This makes it suitable for both professional office settings and home environments, adapting effortlessly to different décor themes.\n\nFunctionality is key with the Multipurpose Steel Folding Computer Table. It provides ample space for a laptop or desktop computer, with additional room for peripherals such as a keyboard, mouse, and desk lamp. The surface is designed to withstand daily use, whether for working, studying, or pursuing hobbies that require a stable and dependable workspace.\n\nPortability is another standout feature of this table. Its foldable legs and compact form factor allow for easy transportation between rooms or even for taking it along when traveling, ensuring continuity in work or study routines regardless of location.\n\nIn terms of assembly, the Steel Folding Computer Table is user-friendly, typically requiring minimal setup time without the need for specialized tools. This makes it accessible to a wide range of users, from students and freelancers to professionals working from home.\n\nOverall, the Multipurpose Steel Folding Computer Table exemplifies efficiency and practicality in its design, catering to the evolving needs of modern living where space-saving solutions are paramount. Whether used as a primary workstation, an occasional desk, or a supplementary table for various tasks, it offers a versatile and reliable platform that enhances productivity and comfort wherever it is placed.",0.00,,50,0.0,0,,,,Delivery Charges Applicable,"[""study-tables"",""tables"",""study-room""]",2026-03-16 21:22:22.41752+00,false,true,,12,Standard,0.00,,0,0,,false,true,30,,false,[],jf-7170-s,,,,,1
1266,Multipurpose Steel Folding Computer Table - Brown,multipurpose-steel-folding-computer-table-brown,,34,,3000.00,2850.00,50,0.0,0,,,,Delivery Charges Applicable,"[""best-offer""]",2026-03-16 21:22:37.540059+00,false,true,3000.00,12,Standard,0.00,,0,0,,false,true,30,,true,[],,,,,,1
1267,Multipurpose Steel Folding Computer Table - Grey,multipurpose-steel-folding-computer-table-grey,,34,,3000.00,2850.00,50,0.0,0,,,,Delivery Charges Applicable,"[""best-offer""]",2026-03-16 21:22:51.176658+00,false,true,3000.00,12,Standard,0.00,,0,0,,false,true,30,,true,[],,,,,,1
1268,Metal Shoe Rack - 2 Door - Brown,metal-shoe-rack-2-door-brown,,34,,9000.00,4661.00,50,0.0,0,,,,Delivery Charges Applicable,"[""best-offer""]",2026-03-16 21:23:04.80794+00,false,true,9000.00,12,Standard,0.00,,0,0,,false,true,30,,true,[],,,,,,1
1269,Metal Shoe Rack - 2 Door - Grey,metal-shoe-rack-2-door-grey,,34,,9000.00,4661.00,50,0.0,0,,,,Delivery Charges Applicable,"[""best-offer""]",2026-03-16 21:23:17.090555+00,false,true,9000.00,12,Standard,0.00,,0,0,,false,true,30,,true,[],,,,,,1
1270,Metal Shoe Rack - 3 Door,metal-shoe-rack-3-door,130,34,"The Metal Shoe Rack - 3 Door combines functionality with sleek design to offer an efficient storage solution for your footwear collection. Crafted from durable metal, this shoe rack is designed to withstand daily use while maintaining its aesthetic appeal. It serves not only as a practical shoe organizer but also as a stylish piece of furniture that complements various interior decor styles.\n\nThis shoe rack features three doors, each providing ample storage space for shoes of all types. Whether you prefer stashing sneakers, heels, or boots, the spacious compartments ensure that each pair is neatly organized and easily accessible. The doors are designed to open smoothly, allowing for effortless retrieval of your footwear without cluttering your living space.\n\nThe minimalist yet sturdy construction of the metal shoe rack ensures stability and longevity. Its compact size makes it suitable for placement in various areas of your home, such as entryways, closets, or even bedrooms, where it can efficiently utilize space without occupying too much room. The metal frame adds a modern touch, making it not just a shoe storage solution but also a functional piece of home decor.\n\nFor those concerned with organization, the Metal Shoe Rack - 3 Door offers a systematic approach to managing your shoe collection. By keeping shoes off the floor and neatly tucked away behind closed doors, it helps maintain a tidy environment and reduces clutter. This organization is essential for maintaining the longevity of your footwear by protecting it from dust, dirt, and accidental damage.\n\nAssembling and maintaining the metal shoe rack is straightforward, thanks to its user-friendly design and durable materials. Regular cleaning with a damp cloth ensures that the rack remains in pristine condition, ready to serve its purpose for years to come. Its versatility and practicality make it an ideal choice for households looking to streamline their storage solutions without compromising on style or functionality.\n\nIn conclusion, the Metal Shoe Rack - 3 Door is more than just a shoe stand; it's a reliable companion for keeping your footwear organized and your living space clutter-free. Whether you're a shoe enthusiast or simply looking to tidy up your home, this metal shoe organizer offers the perfect balance of utility and elegance.",0.00,,50,0.0,0,,,,Delivery Charges Applicable,"[""shoe-racks"",""space-saving-furniture"",""bed-room""]",2026-03-16 21:23:29.671237+00,false,true,,12,Standard,0.00,,0,0,,false,true,30,,false,[],JF-7520,,,,,1
1271,Metal Shoe Rack - 3 Door - Brown,metal-shoe-rack-3-door-brown,,34,,11000.00,6483.00,50,0.0,0,,,,Delivery Charges Applicable,"[""best-offer""]",2026-03-16 21:23:35.620543+00,false,true,11000.00,12,Standard,0.00,,0,0,,false,true,30,,true,[],,,,,,1
1272,Metal Shoe Rack - 3 Door - Grey,metal-shoe-rack-3-door-grey,,34,,11000.00,6483.00,50,0.0,0,,,,Delivery Charges Applicable,"[""best-offer""]",2026-03-16 21:23:41.669204+00,false,true,11000.00,12,Standard,0.00,,0,0,,false,true,30,,true,[],,,,,,1
1273,Metal Shoe Rack - 4 Door,metal-shoe-rack-4-door,130,34,"The Metal Shoe Rack - 4 Door is a versatile and practical storage solution designed specifically to organize and protect your footwear collection. Crafted from sturdy metal, this shoe rack offers durability and stability, ensuring it can withstand the weight of multiple pairs of shoes while maintaining its structural integrity over time.\n\n**Design and Construction:**\nThe Metal Shoe Rack - 4 Door features a sleek and contemporary design that complements various interior styles, from modern to minimalist. Its metal frame is not only robust but also lightweight, making it easy to move and rearrange within your home as needed. The rack typically comes equipped with four doors, each providing access to a separate compartment, allowing for efficient organization of different types of footwear.\n\n**Storage Capacity:**\nWith ample space inside, this shoe rack can accommodate numerous pairs of shoes, from sneakers and flats to heels and boots. The four-door configuration allows for systematic sorting, enabling you to categorize your shoes based on style, season, or frequency of use. This setup helps minimize clutter and makes it effortless to locate specific pairs whenever you need them.\n\n**Functionality:**\nIdeal for both small apartments and larger homes, the Metal Shoe Rack - 4 Door maximizes vertical space utilization without occupying excessive floor area. The inclusion of doors with covers ensures that your shoes remain protected from dust, moisture, and sunlight, which can potentially damage footwear over time. This feature is especially beneficial for preserving the quality and longevity of leather and delicate materials.\n\n**Versatility and Accessibility:**\nBeyond its primary function as a shoe holder, this rack can also be used to store other accessories such as bags, scarves, or even small boxes, enhancing its utility in different organizational contexts. The doors with covers not only safeguard your belongings but also maintain a neat and tidy appearance, contributing to the overall aesthetic of your living space.\n\n**Assembly and Maintenance:**\nAssembly of the Metal Shoe Rack - 4 Door is typically straightforward, often requiring minimal tools and effort. Maintenance is equally simple, usually involving periodic wiping with a damp cloth to remove dust or debris. The metal construction ensures that the rack is easy to clean and maintain, further adding to its appeal as a practical storage solution for your home.\n\nIn conclusion, the Metal Shoe Rack - 4 Door combines functionality with style, offering a robust and efficient way to store and protect your shoes while optimizing space utilization within your living environment. Whether you're looking to streamline your entryway, bedroom, or closet, this shoe rack provides a reliable and aesthetically pleasing solution to your storage needs.",0.00,,50,0.0,0,,,,Delivery Charges Applicable,"[""shoe-racks"",""space-saving-furniture"",""bed-room""]",2026-03-16 21:23:48.320022+00,false,true,,12,Standard,0.00,,0,0,,false,true,30,,false,[],JF-7530,,,,,1
1274,Metal Shoe Rack - 4 Door - Brown,metal-shoe-rack-4-door-brown,,34,,13000.00,8050.00,50,0.0,0,,,,Delivery Charges Applicable,"[""best-offer""]",2026-03-16 21:23:56.404334+00,false,true,13000.00,12,Standard,0.00,,0,0,,false,true,30,,true,[],,,,,,1
1275,Metal Shoe Rack - 4 Door - Grey,metal-shoe-rack-4-door-grey,,34,,13000.00,8050.00,50,0.0,0,,,,Delivery Charges Applicable,"[""best-offer""]",2026-03-16 21:24:04.805158+00,false,true,13000.00,12,Standard,0.00,,0,0,,false,true,30,,true,[],,,,,,1
1276,Metal Shoe Rack - 5 Door,metal-shoe-rack-5-door,130,34,"The Metal Shoe Rack - 5 Door is an essential piece of furniture designed to organize and store footwear efficiently while maximizing space and maintaining a sleek aesthetic. It combines functionality with durability, making it an ideal choice for any home or office setting.\n\n**Design and Construction:**\nCrafted from high-quality metal, the shoe rack offers robust support for various types of footwear, from shoes and sandals to boots and heels. Its sturdy construction ensures long-term reliability, capable of withstanding the weight of multiple pairs of shoes without bending or warping. The metal frame is designed for stability, providing a secure base that prevents tipping even when fully loaded.\n\n**Storage Capacity:**\nFeaturing five doors, this shoe rack provides ample storage space to accommodate a large shoe collection. Each door opens to reveal multiple tiers of shelves, allowing for organized storage and easy access to different pairs of shoes. The shelves are designed to hold shoes of different sizes and heights, from flats to high-tops, ensuring versatility in storage options.\n\n**Functionality:**\nThe Metal Shoe Rack - 5 Door is not just a storage solution but also a functional piece of furniture. It serves as a shoe cabinet, offering a designated space for footwear that helps maintain cleanliness and organization within the living space. The doors keep shoes neatly concealed, minimizing clutter and enhancing the overall tidiness of the room.\n\n**Versatility and Convenience:**\nIn addition to its primary function as a shoe holder, this rack can also serve as a boot supporter, thanks to its spacious shelves that can accommodate taller footwear. Its design allows for easy assembly and placement in various settings, whether in a bedroom, hallway, entryway, or closet. The sleek metal finish adds a modern touch to any decor, complementing both contemporary and traditional interior styles.\n\n**Durability and Maintenance:**\nConstructed from durable metal materials, the shoe rack is built to last, requiring minimal maintenance to retain its appearance and functionality. The smooth surface is easy to clean, making it effortless to wipe away dust and dirt, ensuring a hygienic storage solution for your shoes.\n\n**Conclusion:**\nOverall, the Metal Shoe Rack - 5 Door is a practical and stylish addition to any home or office environment, offering generous storage capacity, sturdy construction, and ease of maintenance. Whether you're looking to organize your personal shoe collection or provide storage options for guests, this shoe rack stands out as a reliable choice that combines functionality with aesthetic appeal.",0.00,,50,0.0,0,,,,Delivery Charges Applicable,"[""shoe-racks"",""space-saving-furniture"",""bed-room""]",2026-03-16 21:24:13.50848+00,false,true,,12,Standard,0.00,,0,0,,false,true,30,,false,[],JF-7540,,,,,1
1277,Metal Shoe Rack - 5 Door - Brown,metal-shoe-rack-5-door-brown,,34,,15000.00,9322.00,50,0.0,0,,,,Delivery Charges Applicable,"[""best-offer""]",2026-03-16 21:24:21.707395+00,false,true,15000.00,12,Standard,0.00,,0,0,,false,true,30,,true,[],,,,,,1
1278,Metal Shoe Rack - 5 Door - Grey,metal-shoe-rack-5-door-grey,,34,,15000.00,9322.00,50,0.0,0,,,,Delivery Charges Applicable,"[""best-offer""]",2026-03-16 21:24:27.946571+00,false,true,15000.00,12,Standard,0.00,,0,0,,false,true,30,,true,[],,,,,,1
1279,Single Seater Sofa Cum Bed,single-seater-sofa-cum-bed,118,34,"A Single Seater Sofa Cum Bed is a versatile piece of furniture designed to maximize space efficiency and functionality, catering to modern living where optimizing space is crucial. This innovative furniture item seamlessly integrates the comfort of a sofa with the convenience of a bed, offering a dual-purpose solution ideal for smaller apartments, guest rooms, or home offices.\n\nAt its core, the Single Seater Sofa Cum Bed embodies adaptability. During the day, it functions as a comfortable single seater sofa, providing a cozy seating arrangement for relaxation, socializing, or work. Its compact size makes it perfect for rooms where space is limited, yet its design ensures that comfort is not compromised. With plush cushions and ergonomic design, it offers a supportive seating experience akin to a traditional sofa.\n\nWhen night falls or when guests stay over, the transformation begins effortlessly. Utilizing mechanisms such as a pullout sofa bed or a folding mechanism, the sofa seamlessly converts into a bed. This metamorphosis is achieved without the need for extra space, as the bed is cleverly concealed within the sofa's frame or under its cushions. This dual functionality is particularly beneficial in studio apartments or small living rooms where separate sleeping arrangements are not feasible.\n\nThe design of the Single Seater Sofa Cum Bed is characterized by practicality and aesthetics. Available in a variety of materials such as leather, fabric, or synthetic blends, it complements different interior styles, from modern minimalist to classic chic. Its color palette ranges from neutrals to vibrant hues, ensuring it blends harmoniously with existing decor or serves as a standout piece in a room.\n\nHigh-quality materials ensure longevity, while removable covers or washable fabrics simplify cleaning and upkeep. This makes the Single Seater Sofa Cum Bed not only a functional choice but also a practical investment for long-term use.\n\n&nbsp;",36000.00,21186.00,50,0.0,0,,,,Delivery Charges Applicable,"[""wooden-beds"",""bed-room"",""best-offer""]",2026-03-16 21:24:34.295656+00,false,true,36000.00,12,Standard,0.00,,0,0,,false,true,30,,true,[],,,,,,1
1280,Lombard Space Saving Table,lombard-space-saving-table,131,34,"The Lombard Space Saving galère table seamlessly blends functionality with fineness, making it an ideal choice for ultramodern living spaces. drafted from high- quality wood, this innovative piece serves multiple purposes, primarily performing as a laptop table, space- saving table, and study table. Designed with practicality in mind, the Lombard table unfolds painlessly to reveal a commodious face area, perfect for accommodating laptops and study accoutrements . Its sturdy rustic construction ensures continuity while maintaining a satiny and sophisticated appearance that complements any scenery.\n\nOne of its name features is its foldable medium, which allows the table to be fluently stowed down when not in use, making it an excellent result for lower apartments or apartments where optimizing space is pivotal. Whether you need a temporary workspace or a designated area for focused study sessions, the Lombard table adapts to your requirements with its versatility and compact design. The tabletop face is smooth and conducive to writing or codifying, furnishing a stable platform for laptops and books likewise. The wood finish not only enhances its aesthetic appeal but also adds a touch of warmth to any terrain, creating a welcoming atmosphere for productivity or relaxation. The Lombard Space Saving galère table is a phenomenon of ultramodern cabinetwork design, finagled to optimize both functionality and space effectiveness. drafted strictly from high- quality wood, this protean piece serves as a multifunctional result, feeding primarily as a laptop table, space- saving table, and study table. Its sturdy rustic construction not only ensures continuity but also lends a dateless fineness to any terrain.\n\nThe natural grain and finish of the wood add warmth and complication, making it a flawless fit for colorful interior styles, from contemporary minimalism to rustic charm. What sets the Lombard table piecemeal is its innovative foldable design, ingeniously drafted to maximize space application. When not in use, the table painlessly folds down to a compact size, making it ideal for small apartments, plant spaces, or apartments where every square inch counts. This point not only enhances its mileage but also makes it easy to store or transport, icing convenience and rigidity. The tabletop face of the Lombard table is commodious enough to accommodate laptops, books, or study accoutrements comfortably. Its smooth finish provides a conducive terrain for jotting, typing, or engaging in focused tasks, promoting productivity and effectiveness. Whether you are a pupil demanding a devoted study area, a remote worker seeking a flexible workspace, or simply someone who values practical cabinetwork results, the Lombard table adapts painlessly to meet your requirements. Beyond its functional attributes, the Lombard table embodies artificer and trustability.\n\nEach detail, from its sturdy legs to its secure folding medium, is designed with perfection to offer stability and long- term use. It's a testament to how thoughtful design can enhance everyday living, furnishing a harmonious mix of style, mileage, and space- saving invention. In conclusion, the Lombard Space Saving galère table stands as a testament to imagination in cabinetwork design. It seamlessly integrates into different living and working spaces, offering a protean platform for work, study, or rest conditioning. With its mix of continuity, aesthetic appeal, and space- saving features, the Lombard table isn't just a piece of cabinetwork but a practical result for ultramodern cultures.",11250.00,9000.00,50,0.0,0,,,,Delivery Charges Applicable,"[""study-tables"",""tables"",""study-room"",""best-offer""]",2026-03-16 21:24:46.286507+00,false,true,11250.00,12,Standard,0.00,,0,0,,false,true,30,,true,[],,,,,,1